ended_at	task	project	seconds	status	load1	variant
2026-09-13 10:13:01	clean-install--fae--Dsurefire.rerunFailingTestsCount=2	plexus/components/archiver	25	ok	11,40	
2026-09-13 10:18:34	scan	core/3.x/its-3	319	ok	9,20	
2026-09-13 10:20:32	scan	core/3.x/maven-3	117	ok	11,93	
2026-09-13 10:21:10	scan	core/3.x/mvnd-1	37	ok	10,96	
2026-09-13 10:21:29	scan	core/build-cache	18	ok	10,38	
2026-09-13 10:24:23	scan	core/maven	174	ok	12,37	
2026-09-13 10:26:40	scan	core/maven-4.0.x	137	ok	10,04	
2026-09-13 10:27:16	scan	core/mvnd	36	ok	9,63	
2026-09-13 10:28:47	scan	core/resolver	91	ok	8,57	
2026-09-13 10:29:07	scan	core/resolver-ant-tasks	20	ok	8,48	
2026-09-13 10:29:44	scan	core/wrapper	37	ok	12,88	
2026-09-13 10:30:32	scan	doxia/doxia	48	ok	11,94	
2026-09-13 10:31:45	scan	doxia/sitetools	73	ok	8,95	
2026-09-13 10:32:06	scan	doxia/tools/converter	21	ok	10,09	
2026-09-13 10:33:54	scan	misc/archetypes	108	ok	12,86	
2026-09-13 10:34:51	scan	misc/dist-tool	57	ok	12,57	
2026-09-13 10:36:22	scan	misc/executor	91	ok	11,74	
2026-09-13 10:36:39	scan	misc/gh-actions-shared/v5	17	ok	11,48	
2026-09-13 10:38:08	scan	misc/indexer	89	ok	15,14	
2026-09-13 10:38:23	scan	misc/pom/apache	15	ok	13,34	
2026-09-13 10:38:52	scan	misc/pom/apache-resources	29	ok	11,46	
2026-09-13 10:39:25	scan	misc/pom/maven	33	ok	10,65	
2026-09-13 10:39:41	scan	misc/skins/fluido	16	ok	11,83	
2026-09-13 10:41:20	scan	misc/wagon	99	ok	11,75	
2026-09-13 10:41:43	scan	plexus/build-api	23	ok	10,92	
2026-09-13 10:41:58	scan	plexus/classworlds	15	ok	9,97	
2026-09-13 10:42:09	scan	plexus/codehaus-plexus.github.io	11	ok	9,81	
2026-09-13 10:42:30	scan	plexus/components/archiver	21	ok	9,03	
2026-09-13 10:44:24	scan	plexus/components/compiler	114	ok	12,24	
2026-09-13 10:44:39	scan	plexus/components/i18n	15	ok	11,32	
2026-09-13 10:44:58	scan	plexus/components/interactivity	19	ok	12,85	
2026-09-13 10:45:15	scan	plexus/components/interpolation	17	ok	12,07	
2026-09-13 10:45:33	scan	plexus/components/io	18	ok	11,28	
2026-09-13 10:45:53	scan	plexus/components/languages	20	ok	10,15	
2026-09-13 10:46:10	scan	plexus/components/resources	17	ok	10,35	
2026-09-13 10:46:30	scan	plexus/components/sec-dispatcher	20	ok	9,62	
2026-09-13 10:46:45	scan	plexus/components/velocity	15	ok	9,05	
2026-09-13 10:48:02	scan	plexus/modello	77	ok	12,59	
2026-09-13 10:48:19	scan	plexus/pom/plexus	17	ok	16,44	
2026-09-13 10:48:33	scan	plexus/testing	14	ok	15,22	
2026-09-13 10:48:51	scan	plexus/utils	18	ok	12,66	
2026-09-13 10:49:11	scan	plexus/xml	20	ok	11,34	
2026-09-13 10:50:04	scan	plugins/core-4/maven-clean-plugin	52	ok	12,06	
2026-09-13 10:50:22	scan	plugins/core-4/maven-compiler-plugin	18	ok	11,09	
2026-09-13 10:50:47	scan	plugins/core-4/maven-deploy-plugin	25	ok	9,86	
2026-09-13 10:51:07	scan	plugins/core-4/maven-install-plugin	20	ok	9,09	
2026-09-13 10:51:52	scan	plugins/core-4/maven-resources-plugin	45	ok	15,20	
2026-09-13 10:52:18	scan	plugins/core/maven-clean-plugin	26	ok	13,65	
2026-09-13 10:52:36	scan	plugins/core/maven-compiler-plugin	18	ok	15,92	
2026-09-13 10:52:51	scan	plugins/core/maven-deploy-plugin	15	ok	15,07	
2026-09-13 10:53:06	scan	plugins/core/maven-install-plugin	14	ok	13,50	
2026-09-13 10:53:23	scan	plugins/core/maven-resources-plugin	17	ok	15,29	
2026-09-13 10:53:46	scan	plugins/core/maven-site-plugin	22	ok	28,58	
2026-09-13 10:54:50	scan	plugins/core/surefire	64	ok	17,58	
2026-09-13 10:55:15	scan	plugins/packaging-4/maven-jar-plugin	25	ok	17,08	
2026-09-13 10:55:31	scan	plugins/packaging-4/maven-source-plugin	16	ok	15,64	
2026-09-13 10:55:52	scan	plugins/packaging/maven-acr-plugin	21	ok	14,38	
2026-09-13 10:56:11	scan	plugins/packaging/maven-ear-plugin	19	ok	14,17	
2026-09-13 10:56:27	scan	plugins/packaging/maven-ejb-plugin	16	ok	14,70	
2026-09-13 10:56:46	scan	plugins/packaging/maven-jar-plugin	19	ok	13,80	
2026-09-13 10:57:00	scan	plugins/packaging/maven-jlink-plugin	14	ok	16,08	
2026-09-13 10:57:15	scan	plugins/packaging/maven-jmod-plugin	15	ok	14,64	
2026-09-13 10:57:43	scan	plugins/packaging/maven-rar-plugin	28	ok	14,44	
2026-09-13 10:58:09	scan	plugins/packaging/maven-shade-plugin	26	ok	22,09	
2026-09-13 10:58:25	scan	plugins/packaging/maven-source-plugin	16	ok	21,37	
2026-09-13 10:58:43	scan	plugins/packaging/maven-war-plugin	18	ok	19,39	
2026-09-13 10:59:07	scan	plugins/reporting/jxr	24	ok	17,70	
2026-09-13 10:59:23	scan	plugins/reporting/maven-changelog-plugin	16	ok	17,30	
2026-09-13 10:59:42	scan	plugins/reporting/maven-changes-plugin	19	ok	16,29	
2026-09-13 11:00:17	scan	plugins/reporting/maven-checkstyle-plugin	35	ok	14,16	
2026-09-13 11:00:39	scan	plugins/reporting/maven-doap-plugin	22	ok	16,13	
2026-09-13 11:00:59	scan	plugins/reporting/maven-javadoc-plugin	20	ok	14,08	
2026-09-13 11:01:12	scan	plugins/reporting/maven-jdeps-plugin	13	ok	14,44	
2026-09-13 11:01:54	scan	plugins/reporting/maven-pmd-plugin	42	ok	14,86	
2026-09-13 11:02:21	scan	plugins/reporting/maven-project-info-reports-plugin	27	ok	15,34	
2026-09-13 11:03:31	scan	plugins/tools/archetype	70	ok	12,36	
2026-09-13 11:04:05	scan	plugins/tools/enforcer	34	ok	13,71	
2026-09-13 11:04:21	scan	plugins/tools/maven-antrun-plugin	15	ok	12,99	
2026-09-13 11:04:38	scan	plugins/tools/maven-artifact-plugin	17	ok	13,22	
2026-09-13 11:04:55	scan	plugins/tools/maven-assembly-plugin	17	ok	11,57	
2026-09-13 11:05:18	scan	plugins/tools/maven-dependency-plugin	23	ok	12,09	
2026-09-13 11:05:36	scan	plugins/tools/maven-gpg-plugin	18	ok	13,42	
2026-09-13 11:05:55	scan	plugins/tools/maven-help-plugin	19	ok	12,83	
2026-09-13 11:06:10	scan	plugins/tools/maven-invoker-plugin	15	ok	13,34	
2026-09-13 11:06:24	scan	plugins/tools/maven-jarsigner-plugin	14	ok	14,64	
2026-09-13 11:06:37	scan	plugins/tools/maven-jdeprscan-plugin	13	ok	13,92	
2026-09-13 11:06:50	scan	plugins/tools/maven-remote-resources-plugin	13	ok	12,82	
2026-09-13 11:07:06	scan	plugins/tools/maven-scm-publish-plugin	16	ok	11,69	
2026-09-13 11:07:20	scan	plugins/tools/maven-scripting-plugin	14	ok	11,06	
2026-09-13 11:07:33	scan	plugins/tools/maven-toolchains-plugin	13	ok	10,64	
2026-09-13 11:08:08	scan	plugins/tools/plugin-tools	35	ok	9,83	
2026-09-13 11:08:37	scan	plugins/tools/release	29	ok	9,40	
2026-09-13 11:10:19	scan	plugins/tools/scm	102	ok	11,33	
2026-09-13 11:10:38	scan	shared-4/archiver	19	ok	11,71	
2026-09-13 11:11:01	scan	shared-4/filtering	23	ok	13,83	
2026-09-13 11:11:17	scan	shared/archiver	16	ok	12,01	
2026-09-13 11:11:30	scan	shared/common-artifact-filters	13	ok	13,54	
2026-09-13 11:11:45	scan	shared/dependency-analyzer	15	ok	14,82	
2026-09-13 11:11:59	scan	shared/dependency-tree	13	ok	13,71	
2026-09-13 11:12:11	scan	shared/file-management	12	ok	13,89	
2026-09-13 11:12:27	scan	shared/filtering	16	ok	12,58	
2026-09-13 11:13:41	scan	shared/invoker	74	ok	14,74	
2026-09-13 11:13:54	scan	shared/jarsigner	13	ok	14,73	
2026-09-13 11:14:06	scan	shared/mapping	12	ok	13,52	
2026-09-13 11:14:20	scan	shared/reporting-api	14	ok	13,86	
2026-09-13 11:14:35	scan	shared/reporting-exec	15	ok	13,11	
2026-09-13 11:14:48	scan	shared/reporting-impl	13	ok	13,67	
2026-09-13 11:15:03	scan	shared/script-interpreter	15	ok	13,08	
2026-09-13 11:15:17	scan	shared/shared-incremental	13	ok	12,67	
2026-09-13 11:15:34	scan	shared/shared-io	17	ok	12,66	
2026-09-13 11:16:02	scan	shared/shared-jar	28	ok	14,97	
2026-09-13 11:16:15	scan	shared/shared-resources	13	ok	14,38	
2026-09-13 11:16:31	scan	shared/shared-utils	16	ok	16,61	
2026-09-13 11:16:45	scan	shared/verifier	14	ok	17,17	
2026-09-13 11:17:49	scan	sisu/sisu-project	64	ok	16,08	
2026-09-13 11:18:05	scan	site	16	ok	16,23	
2026-09-13 11:18:22	scan	studies/maven-basedir-filesystem	17	ok	14,33	
2026-09-13 11:18:50	scan	studies/maven-ci-extension	28	ok	13,50	
2026-09-13 11:19:07	scan	studies/maven-default-plugins	17	ok	15,36	
2026-09-13 12:06:40	scan	core/3.x/its-3	218	ok	15,68	
2026-09-13 12:08:38	scan	core/3.x/maven-3	118	ok	23,27	
2026-09-13 12:09:13	scan	core/3.x/mvnd-1	35	ok	17,57	
2026-09-13 12:09:29	scan	core/build-cache	16	ok	18,65	
2026-09-13 12:12:09	scan	core/maven	159	ok	14,97	
2026-09-13 16:13:24	clean-install--fae--Dsurefire.rerunFailingTestsCount=2	core/3.x/its-3	213	ok	12.79	
2026-09-13 16:16:22	clean-install--fae--Dsurefire.rerunFailingTestsCount=2	core/3.x/maven-3	176	ok	12.10	
2026-09-13 16:28:48	clean-install--fae--Dsurefire.rerunFailingTestsCount=2	core/3.x/mvnd-1	734	failed	14.29	
2026-09-13 16:30:09	clean-install--fae--Dsurefire.rerunFailingTestsCount=2	core/build-cache	81	ok	11.63	
2026-09-13 16:38:05	clean-install--fae--Dsurefire.rerunFailingTestsCount=2	core/maven	469	ok	8.19	
2026-09-13 16:45:51	clean-install--fae--Dsurefire.rerunFailingTestsCount=2	core/maven-4.0.x	460	ok	11.67	
2026-09-13 16:58:07	clean-install--fae--Dsurefire.rerunFailingTestsCount=2	core/mvnd	723	failed	22.64	
2026-09-13 16:58:15	clean-install--fae--Dsurefire.rerunFailingTestsCount=2	core/resolver	0	failed	23.24	
2026-09-13 17:00:46	clean-install--fae--Dsurefire.rerunFailingTestsCount=2	core/resolver-ant-tasks	150	ok	24.74	
2026-09-13 17:02:39	clean-install--fae--Dsurefire.rerunFailingTestsCount=2	core/wrapper	111	ok	28.29	
2026-09-13 17:05:19	clean-install--fae--Dsurefire.rerunFailingTestsCount=2	doxia/doxia	158	ok	23.48	
2026-09-13 17:07:07	clean-install--fae--Dsurefire.rerunFailingTestsCount=2	doxia/sitetools	107	ok	19.90	
2026-09-13 17:08:14	clean-install--fae--Dsurefire.rerunFailingTestsCount=2	doxia/tools/converter	66	ok	15.92	
2026-09-13 17:15:08	clean-install--fae--Dsurefire.rerunFailingTestsCount=2	misc/archetypes	408	ok	20.52	
2026-09-13 17:15:08	clean-install--fae--Dsurefire.rerunFailingTestsCount=2	misc/dist-tool	0	failed	20.52	
2026-09-13 17:23:38	clean-install--fae--Dsurefire.rerunFailingTestsCount=2	misc/executor	506	ok	17.31	
2026-09-13 17:24:09	clean-install--fae--Dsurefire.rerunFailingTestsCount=2	misc/gh-actions-shared/v5	31	ok	20.06	
2026-09-13 17:30:50	clean-install--fae--Dsurefire.rerunFailingTestsCount=2	misc/indexer	384	ok	13.92	
2026-09-13 17:31:04	clean-install--fae--Dsurefire.rerunFailingTestsCount=2	misc/pom/apache	13	ok	16.18	
2026-09-13 17:31:41	clean-install--fae--Dsurefire.rerunFailingTestsCount=2	misc/pom/apache-resources	36	ok	16.42	
2026-09-13 17:32:09	clean-install--fae--Dsurefire.rerunFailingTestsCount=2	misc/pom/maven	28	ok	14.45	
2026-09-13 17:32:37	clean-install--fae--Dsurefire.rerunFailingTestsCount=2	misc/skins/fluido	28	ok	12.88	
2026-09-13 17:41:45	clean-install--fae--Dsurefire.rerunFailingTestsCount=2	misc/wagon	547	ok	5.27	
2026-09-13 17:41:54	clean-install--fae--Dsurefire.rerunFailingTestsCount=2	plexus/build-api	9	ok	7.12	
2026-09-13 17:42:07	clean-install--fae--Dsurefire.rerunFailingTestsCount=2	plexus/classworlds	13	ok	7.19	
2026-09-13 17:42:13	clean-install--fae--Dsurefire.rerunFailingTestsCount=2	plexus/codehaus-plexus.github.io	6	ok	8.69	
2026-09-13 17:42:56	clean-install--fae--Dsurefire.rerunFailingTestsCount=2	plexus/components/archiver	42	ok	8.34	
2026-09-13 17:44:49	clean-install--fae--Dsurefire.rerunFailingTestsCount=2	plexus/components/compiler	112	ok	14.01	
2026-09-13 17:45:00	clean-install--fae--Dsurefire.rerunFailingTestsCount=2	plexus/components/i18n	11	ok	16.56	
2026-09-13 17:45:12	clean-install--fae--Dsurefire.rerunFailingTestsCount=2	plexus/components/interactivity	12	ok	15.69	
2026-09-13 17:45:27	clean-install--fae--Dsurefire.rerunFailingTestsCount=2	plexus/components/interpolation	15	ok	16.53	
2026-09-13 17:45:41	clean-install--fae--Dsurefire.rerunFailingTestsCount=2	plexus/components/io	14	ok	17.22	
2026-09-13 17:46:00	clean-install--fae--Dsurefire.rerunFailingTestsCount=2	plexus/components/languages	19	ok	13.56	
2026-09-13 17:46:13	clean-install--fae--Dsurefire.rerunFailingTestsCount=2	plexus/components/resources	13	ok	12.53	
2026-09-13 17:46:30	clean-install--fae--Dsurefire.rerunFailingTestsCount=2	plexus/components/sec-dispatcher	17	ok	10.60	
2026-09-13 17:46:41	clean-install--fae--Dsurefire.rerunFailingTestsCount=2	plexus/components/velocity	11	ok	15.57	
2026-09-13 17:47:59	clean-install--fae--Dsurefire.rerunFailingTestsCount=2	plexus/modello	77	ok	12.67	
2026-09-13 17:48:08	clean-install--fae--Dsurefire.rerunFailingTestsCount=2	plexus/pom/plexus	8	ok	12.61	
2026-09-13 17:48:19	clean-install--fae--Dsurefire.rerunFailingTestsCount=2	plexus/testing	11	ok	11.13	
2026-09-13 17:48:41	clean-install--fae--Dsurefire.rerunFailingTestsCount=2	plexus/utils	22	ok	9.79	
2026-09-13 17:48:55	clean-install--fae--Dsurefire.rerunFailingTestsCount=2	plexus/xml	14	ok	10.12	
2026-09-13 17:49:18	clean-install--fae--Dsurefire.rerunFailingTestsCount=2	plugins/core-4/maven-clean-plugin	22	ok	13.39	
2026-09-13 17:49:25	clean-install--fae--Dsurefire.rerunFailingTestsCount=2	plugins/core-4/maven-compiler-plugin	6	failed	12.57	
2026-09-13 17:49:31	clean-install--fae--Dsurefire.rerunFailingTestsCount=2	plugins/core-4/maven-deploy-plugin	6	failed	11.96	
2026-09-13 17:49:38	clean-install--fae--Dsurefire.rerunFailingTestsCount=2	plugins/core-4/maven-install-plugin	7	failed	11.73	
2026-09-13 17:50:01	clean-install--fae--Dsurefire.rerunFailingTestsCount=2	plugins/core-4/maven-resources-plugin	23	ok	11.64	
2026-09-13 17:50:22	clean-install--fae--Dsurefire.rerunFailingTestsCount=2	plugins/core/maven-clean-plugin	21	ok	11.61	
2026-09-13 17:50:54	clean-install--fae--Dsurefire.rerunFailingTestsCount=2	plugins/core/maven-compiler-plugin	31	ok	10.50	
2026-09-13 17:51:17	clean-install--fae--Dsurefire.rerunFailingTestsCount=2	plugins/core/maven-deploy-plugin	23	ok	11.05	
2026-09-13 17:51:39	clean-install--fae--Dsurefire.rerunFailingTestsCount=2	plugins/core/maven-install-plugin	22	ok	11.68	
2026-09-13 17:52:01	clean-install--fae--Dsurefire.rerunFailingTestsCount=2	plugins/core/maven-resources-plugin	22	ok	17.28	
2026-09-13 17:52:25	clean-install--fae--Dsurefire.rerunFailingTestsCount=2	plugins/core/maven-site-plugin	24	ok	15.15	
2026-09-13 17:54:59	clean-install--fae--Dsurefire.rerunFailingTestsCount=2	plugins/core/surefire	150	ok	12.29	
2026-09-13 17:55:20	clean-install--fae--Dsurefire.rerunFailingTestsCount=2	plugins/packaging-4/maven-jar-plugin	21	ok	10.46	
2026-09-13 17:55:40	clean-install--fae--Dsurefire.rerunFailingTestsCount=2	plugins/packaging-4/maven-source-plugin	20	ok	9.33	
2026-09-13 17:55:55	clean-install--fae--Dsurefire.rerunFailingTestsCount=2	plugins/packaging/maven-acr-plugin	15	ok	8.63	
2026-09-13 17:56:19	clean-install--fae--Dsurefire.rerunFailingTestsCount=2	plugins/packaging/maven-ear-plugin	23	ok	10.44	
2026-09-13 17:56:42	clean-install--fae--Dsurefire.rerunFailingTestsCount=2	plugins/packaging/maven-ejb-plugin	23	ok	9.64	
2026-09-13 17:57:05	clean-install--fae--Dsurefire.rerunFailingTestsCount=2	plugins/packaging/maven-jar-plugin	23	ok	12.12	
2026-09-13 17:57:28	clean-install--fae--Dsurefire.rerunFailingTestsCount=2	plugins/packaging/maven-jlink-plugin	23	ok	11.04	
2026-09-13 17:57:45	clean-install--fae--Dsurefire.rerunFailingTestsCount=2	plugins/packaging/maven-jmod-plugin	17	ok	12.39	
2026-09-13 17:58:05	clean-install--fae--Dsurefire.rerunFailingTestsCount=2	plugins/packaging/maven-rar-plugin	20	ok	10.84	
2026-09-13 17:58:33	clean-install--fae--Dsurefire.rerunFailingTestsCount=2	plugins/packaging/maven-shade-plugin	27	ok	10.25	
2026-09-13 17:58:58	clean-install--fae--Dsurefire.rerunFailingTestsCount=2	plugins/packaging/maven-source-plugin	24	ok	9.78	
2026-09-13 17:59:40	clean-install--fae--Dsurefire.rerunFailingTestsCount=2	plugins/packaging/maven-war-plugin	41	ok	10.57	
2026-09-13 18:00:30	clean-install--fae--Dsurefire.rerunFailingTestsCount=2	plugins/reporting/jxr	50	ok	12.69	
2026-09-13 18:01:12	clean-install--fae--Dsurefire.rerunFailingTestsCount=2	plugins/reporting/maven-changelog-plugin	42	ok	10.10	
2026-09-13 18:01:42	clean-install--fae--Dsurefire.rerunFailingTestsCount=2	plugins/reporting/maven-changes-plugin	30	ok	10.95	
2026-09-13 18:02:16	clean-install--fae--Dsurefire.rerunFailingTestsCount=2	plugins/reporting/maven-checkstyle-plugin	34	ok	9.49	
2026-09-13 18:03:41	clean-install--fae--Dsurefire.rerunFailingTestsCount=2	plugins/reporting/maven-doap-plugin	85	ok	23.24	
2026-09-13 18:10:45	clean-install--fae--Dsurefire.rerunFailingTestsCount=2	plugins/reporting/maven-javadoc-plugin	416	ok	22.33	
2026-09-13 18:11:36	clean-install--fae--Dsurefire.rerunFailingTestsCount=2	plugins/reporting/maven-jdeps-plugin	50	ok	17.02	
2026-09-13 18:14:33	clean-install--fae--Dsurefire.rerunFailingTestsCount=2	plugins/reporting/maven-pmd-plugin	176	ok	21.09	
2026-09-13 18:17:05	clean-install--fae--Dsurefire.rerunFailingTestsCount=2	plugins/reporting/maven-project-info-reports-plugin	150	ok	32.38	
2026-09-13 18:19:56	clean-install--fae--Dsurefire.rerunFailingTestsCount=2	plugins/tools/archetype	169	ok	25.22	
2026-09-13 18:21:51	clean-install--fae--Dsurefire.rerunFailingTestsCount=2	plugins/tools/enforcer	113	ok	13.34	
2026-09-13 18:22:36	clean-install--fae--Dsurefire.rerunFailingTestsCount=2	plugins/tools/maven-antrun-plugin	44	ok	17.42	
2026-09-13 18:23:35	clean-install--fae--Dsurefire.rerunFailingTestsCount=2	plugins/tools/maven-artifact-plugin	58	ok	19.53	
2026-09-13 18:24:57	clean-install--fae--Dsurefire.rerunFailingTestsCount=2	plugins/tools/maven-assembly-plugin	81	ok	16.39	
2026-09-13 18:28:05	clean-install--fae--Dsurefire.rerunFailingTestsCount=2	plugins/tools/maven-dependency-plugin	187	ok	14.46	
2026-09-13 18:28:57	clean-install--fae--Dsurefire.rerunFailingTestsCount=2	plugins/tools/maven-gpg-plugin	51	ok	16.90	
2026-09-13 18:29:58	clean-install--fae--Dsurefire.rerunFailingTestsCount=2	plugins/tools/maven-help-plugin	61	ok	19.34	
2026-09-13 18:31:05	clean-install--fae--Dsurefire.rerunFailingTestsCount=2	plugins/tools/maven-invoker-plugin	66	ok	17.30	
2026-09-13 18:32:02	clean-install--fae--Dsurefire.rerunFailingTestsCount=2	plugins/tools/maven-jarsigner-plugin	56	ok	14.86	
2026-09-13 18:32:43	clean-install--fae--Dsurefire.rerunFailingTestsCount=2	plugins/tools/maven-jdeprscan-plugin	41	ok	18.21	
2026-09-13 18:33:39	clean-install--fae--Dsurefire.rerunFailingTestsCount=2	plugins/tools/maven-remote-resources-plugin	55	ok	15.01	
2026-09-13 18:34:13	clean-install--fae--Dsurefire.rerunFailingTestsCount=2	plugins/tools/maven-scm-publish-plugin	33	ok	12.30	
2026-09-13 18:34:44	clean-install--fae--Dsurefire.rerunFailingTestsCount=2	plugins/tools/maven-scripting-plugin	31	ok	10.75	
2026-09-13 18:35:42	clean-install--fae--Dsurefire.rerunFailingTestsCount=2	plugins/tools/maven-toolchains-plugin	58	ok	11.78	
2026-09-13 18:36:45	clean-install--fae--Dsurefire.rerunFailingTestsCount=2	plugins/tools/plugin-tools	62	ok	12.47	
2026-09-13 18:37:59	clean-install--fae--Dsurefire.rerunFailingTestsCount=2	plugins/tools/release	73	ok	11.37	
2026-09-13 18:41:02	clean-install--fae--Dsurefire.rerunFailingTestsCount=2	plugins/tools/scm	181	ok	6.13	
2026-09-13 18:41:17	clean-install--fae--Dsurefire.rerunFailingTestsCount=2	shared-4/archiver	15	ok	8.12	
2026-09-13 18:41:37	clean-install--fae--Dsurefire.rerunFailingTestsCount=2	shared-4/filtering	20	ok	8.53	
2026-09-13 18:41:56	clean-install--fae--Dsurefire.rerunFailingTestsCount=2	shared/archiver	19	ok	10.41	
2026-09-13 18:42:17	clean-install--fae--Dsurefire.rerunFailingTestsCount=2	shared/common-artifact-filters	20	ok	9.76	
2026-09-13 18:42:37	clean-install--fae--Dsurefire.rerunFailingTestsCount=2	shared/dependency-analyzer	20	ok	9.39	
2026-09-13 18:42:52	clean-install--fae--Dsurefire.rerunFailingTestsCount=2	shared/dependency-tree	15	ok	10.63	
2026-09-13 18:43:08	clean-install--fae--Dsurefire.rerunFailingTestsCount=2	shared/file-management	16	ok	9.86	
2026-09-13 18:43:31	clean-install--fae--Dsurefire.rerunFailingTestsCount=2	shared/filtering	23	ok	8.87	
2026-09-13 18:44:44	clean-install--fae--Dsurefire.rerunFailingTestsCount=2	shared/invoker	72	ok	10.15	
2026-09-13 18:45:01	clean-install--fae--Dsurefire.rerunFailingTestsCount=2	shared/jarsigner	16	ok	9.29	
2026-09-13 18:45:15	clean-install--fae--Dsurefire.rerunFailingTestsCount=2	shared/mapping	14	ok	10.53	
2026-09-13 18:45:27	clean-install--fae--Dsurefire.rerunFailingTestsCount=2	shared/reporting-api	12	ok	10.46	
2026-09-13 18:46:35	clean-install--fae--Dsurefire.rerunFailingTestsCount=2	shared/reporting-exec	67	ok	11.58	
2026-09-13 18:48:14	clean-install--fae--Dsurefire.rerunFailingTestsCount=2	shared/reporting-impl	98	ok	15.45	
2026-09-13 18:48:48	clean-install--fae--Dsurefire.rerunFailingTestsCount=2	shared/script-interpreter	34	ok	15.28	
2026-09-13 18:49:12	clean-install--fae--Dsurefire.rerunFailingTestsCount=2	shared/shared-incremental	24	ok	18.53	
2026-09-13 18:49:43	clean-install--fae--Dsurefire.rerunFailingTestsCount=2	shared/shared-io	31	ok	16.25	
2026-09-13 18:50:16	clean-install--fae--Dsurefire.rerunFailingTestsCount=2	shared/shared-jar	33	ok	17.26	
2026-09-13 18:50:33	clean-install--fae--Dsurefire.rerunFailingTestsCount=2	shared/shared-resources	17	ok	18.68	
2026-09-13 18:51:57	clean-install--fae--Dsurefire.rerunFailingTestsCount=2	shared/shared-utils	84	ok	14.73	
2026-09-13 18:52:49	clean-install--fae--Dsurefire.rerunFailingTestsCount=2	shared/verifier	52	ok	18.56	
2026-09-13 18:55:08	clean-install--fae--Dsurefire.rerunFailingTestsCount=2	sisu/sisu-project	137	ok	13.34	
2026-09-13 18:55:24	clean-install--fae--Dsurefire.rerunFailingTestsCount=2	site	16	ok	12.51	
2026-09-13 18:55:36	clean-install--fae--Dsurefire.rerunFailingTestsCount=2	studies/maven-basedir-filesystem	12	ok	13.76	
2026-09-13 18:56:03	clean-install--fae--Dsurefire.rerunFailingTestsCount=2	studies/maven-ci-extension	27	failed	18.89	
2026-09-13 18:56:14	clean-install--fae--Dsurefire.rerunFailingTestsCount=2	studies/maven-default-plugins	10	ok	16.92	
2026-09-13 18:57:58	scan	core/3.x/its-3	83	failed	14.35	
2026-09-13 19:04:46	scan	core/3.x/maven-3	408	ok	14.94	
2026-09-13 19:05:31	scan	core/3.x/mvnd-1	45	failed	10.23	
2026-09-13 19:05:53	scan	core/build-cache	22	failed	10.80	
2026-09-13 19:16:23	scan	core/maven	630	ok	9.82	
2026-09-13 19:25:34	scan	core/maven-4.0.x	551	ok	7.18	
2026-09-13 19:26:10	scan	core/mvnd	36	failed	7.91	
2026-09-13 19:26:10	scan	core/resolver	0	failed	7.91	
2026-09-13 19:27:19	scan	core/resolver-ant-tasks	69	ok	10.66	
2026-09-13 19:29:20	scan	core/wrapper	121	ok	7.07	
2026-09-13 19:32:30	scan	doxia/doxia	190	ok	9.27	
2026-09-13 19:36:57	scan	doxia/sitetools	267	ok	8.53	
2026-09-13 19:37:46	scan	doxia/tools/converter	49	ok	11.41	
2026-09-13 19:43:24	scan	misc/archetypes	338	ok	4.51	
2026-09-13 19:43:24	scan	misc/dist-tool	0	failed	4.51	
2026-09-13 19:47:00	scan	misc/executor	216	ok	3.57	
2026-09-13 19:47:32	scan	misc/gh-actions-shared/v5	32	ok	4.06	
2026-09-13 19:50:27	scan	misc/indexer	175	ok	4.65	
2026-09-13 19:50:59	scan	misc/pom/apache	32	ok	5.59	
2026-09-13 19:52:20	scan	misc/pom/apache-resources	81	ok	5.17	
2026-09-13 19:54:15	scan	misc/pom/maven	114	ok	5.00	
2026-09-13 19:55:20	scan	misc/skins/fluido	65	ok	12.41	
2026-09-13 20:03:10	scan	misc/wagon	470	ok	7.31	
2026-09-13 20:03:57	scan	plexus/build-api	47	ok	17.53	
2026-09-13 20:04:43	scan	plexus/classworlds	46	ok	11.89	
2026-09-13 20:05:27	scan	plexus/codehaus-plexus.github.io	44	ok	8.82	
2026-09-13 20:07:24	scan	plexus/components/archiver	117	ok	8.10	
2026-09-13 20:07:52	scan	plexus/components/compiler	28	failed	8.14	
2026-09-13 20:08:34	scan	plexus/components/i18n	42	ok	10.20	
2026-09-13 20:09:34	scan	plexus/components/interactivity	60	ok	8.21	
2026-09-13 20:10:25	scan	plexus/components/interpolation	51	ok	10.47	
2026-09-13 20:11:15	scan	plexus/components/io	49	ok	12.72	
2026-09-13 20:12:25	scan	plexus/components/languages	70	ok	10.54	
2026-09-13 20:13:11	scan	plexus/components/resources	46	ok	9.61	
2026-09-13 20:13:55	scan	plexus/components/sec-dispatcher	44	ok	8.69	
2026-09-13 20:14:33	scan	plexus/components/velocity	38	ok	8.47	
2026-09-13 20:19:10	scan	plexus/modello	277	ok	4.28	
2026-09-13 20:19:52	scan	plexus/pom/plexus	41	ok	6.90	
2026-09-13 20:20:32	scan	plexus/testing	40	ok	8.32	
2026-09-13 20:21:28	scan	plexus/utils	56	ok	7.61	
2026-09-13 20:22:35	scan	plexus/xml	67	ok	10.38	
2026-09-13 20:25:06	scan	plugins/core-4/maven-clean-plugin	151	ok	8.85	
2026-09-13 20:25:52	scan	plugins/core-4/maven-compiler-plugin	45	ok	9.27	
2026-09-13 20:26:40	scan	plugins/core-4/maven-deploy-plugin	48	ok	7.98	
2026-09-13 20:27:21	scan	plugins/core-4/maven-install-plugin	40	ok	9.04	
2026-09-13 20:29:08	scan	plugins/core-4/maven-resources-plugin	107	ok	10.11	
2026-09-13 20:30:15	scan	plugins/core/maven-clean-plugin	67	ok	9.15	
2026-09-13 20:30:59	scan	plugins/core/maven-compiler-plugin	44	ok	8.69	
2026-09-13 20:31:45	scan	plugins/core/maven-deploy-plugin	46	ok	7.82	
2026-09-13 20:32:31	scan	plugins/core/maven-install-plugin	46	ok	8.56	
2026-09-13 20:33:11	scan	plugins/core/maven-resources-plugin	40	ok	6.77	
2026-09-13 20:34:09	scan	plugins/core/maven-site-plugin	58	ok	7.95	
2026-09-13 20:37:39	scan	plugins/core/surefire	210	ok	5.71	
2026-09-13 20:38:13	scan	plugins/packaging-4/maven-jar-plugin	34	ok	7.87	
2026-09-13 20:38:55	scan	plugins/packaging-4/maven-source-plugin	42	ok	10.82	
2026-09-13 20:40:07	scan	plugins/packaging/maven-acr-plugin	72	ok	11.48	
2026-09-13 20:41:05	scan	plugins/packaging/maven-ear-plugin	58	ok	13.21	
2026-09-13 20:41:50	scan	plugins/packaging/maven-ejb-plugin	45	ok	12.64	
2026-09-13 20:42:22	scan	plugins/packaging/maven-jar-plugin	32	ok	11.07	
2026-09-13 20:42:48	scan	plugins/packaging/maven-jlink-plugin	26	ok	9.41	
2026-09-13 20:43:13	scan	plugins/packaging/maven-jmod-plugin	25	ok	10.36	
2026-09-13 20:43:57	scan	plugins/packaging/maven-rar-plugin	44	ok	9.12	
2026-09-13 20:44:33	scan	plugins/packaging/maven-shade-plugin	36	ok	8.64	
2026-09-13 20:44:59	scan	plugins/packaging/maven-source-plugin	26	ok	8.76	
2026-09-13 20:45:31	scan	plugins/packaging/maven-war-plugin	32	ok	8.42	
2026-09-13 20:46:24	scan	plugins/reporting/jxr	53	ok	7.26	
2026-09-13 20:46:57	scan	plugins/reporting/maven-changelog-plugin	33	ok	7.52	
2026-09-13 20:47:35	scan	plugins/reporting/maven-changes-plugin	38	ok	8.10	
2026-09-13 20:48:42	scan	plugins/reporting/maven-checkstyle-plugin	67	ok	8.66	
2026-09-13 20:49:23	scan	plugins/reporting/maven-doap-plugin	41	ok	9.41	
2026-09-13 20:50:08	scan	plugins/reporting/maven-javadoc-plugin	45	ok	10.13	
2026-09-13 20:51:18	scan	plugins/reporting/maven-jdeps-plugin	70	ok	10.08	
2026-09-13 20:55:06	scan	plugins/reporting/maven-pmd-plugin	228	ok	7.01	
2026-09-13 20:56:46	scan	plugins/reporting/maven-project-info-reports-plugin	100	ok	9.56	
2026-09-13 20:58:58	scan	plugins/tools/archetype	132	ok	4.96	
2026-09-13 20:59:53	scan	plugins/tools/enforcer	55	ok	6.99	
2026-09-13 21:00:17	scan	plugins/tools/maven-antrun-plugin	24	ok	6.29	
2026-09-13 21:00:43	scan	plugins/tools/maven-artifact-plugin	26	ok	7.27	
2026-09-13 21:01:16	scan	plugins/tools/maven-assembly-plugin	33	ok	7.39	
2026-09-13 21:01:55	scan	plugins/tools/maven-dependency-plugin	39	ok	7.18	
2026-09-13 21:02:26	scan	plugins/tools/maven-gpg-plugin	31	ok	8.69	
2026-09-13 21:03:01	scan	plugins/tools/maven-help-plugin	35	ok	8.21	
2026-09-13 21:03:31	scan	plugins/tools/maven-invoker-plugin	30	ok	8.19	
2026-09-13 21:03:57	scan	plugins/tools/maven-jarsigner-plugin	26	ok	7.68	
2026-09-13 21:04:27	scan	plugins/tools/maven-jdeprscan-plugin	30	ok	11.80	
2026-09-13 21:04:54	scan	plugins/tools/maven-remote-resources-plugin	27	ok	10.67	
2026-09-13 21:05:23	scan	plugins/tools/maven-scm-publish-plugin	29	ok	9.93	
2026-09-13 21:05:51	scan	plugins/tools/maven-scripting-plugin	28	ok	9.04	
2026-09-13 21:06:18	scan	plugins/tools/maven-toolchains-plugin	27	ok	7.89	
2026-09-13 21:07:36	scan	plugins/tools/plugin-tools	78	ok	6.22	
2026-09-13 21:08:46	scan	plugins/tools/release	70	ok	7.98	
2026-09-13 21:12:49	scan	plugins/tools/scm	243	ok	3.94	
2026-09-13 21:13:19	scan	shared-4/archiver	30	ok	6.86	
2026-09-13 21:13:52	scan	shared-4/filtering	33	ok	7.48	
2026-09-13 21:14:20	scan	shared/archiver	27	ok	5.85	
2026-09-13 21:14:47	scan	shared/common-artifact-filters	27	ok	8.39	
2026-09-13 21:15:17	scan	shared/dependency-analyzer	30	ok	11.18	
2026-09-13 21:15:42	scan	shared/dependency-tree	25	ok	10.82	
2026-09-13 21:16:11	scan	shared/file-management	29	ok	9.54	
2026-09-13 21:16:39	scan	shared/filtering	28	ok	8.00	
2026-09-13 21:18:52	scan	shared/invoker	133	ok	5.12	
2026-09-13 21:19:20	scan	shared/jarsigner	28	ok	5.81	
2026-09-13 21:19:42	scan	shared/mapping	22	ok	7.36	
2026-09-13 21:20:04	scan	shared/reporting-api	22	ok	7.91	
2026-09-13 21:20:28	scan	shared/reporting-exec	24	ok	6.75	
2026-09-13 21:20:52	scan	shared/reporting-impl	24	ok	6.58	
2026-09-13 21:21:16	scan	shared/script-interpreter	24	ok	6.52	
2026-09-13 21:21:39	scan	shared/shared-incremental	23	ok	5.73	
2026-09-13 21:22:05	scan	shared/shared-io	26	ok	8.49	
2026-09-13 21:22:39	scan	shared/shared-jar	34	ok	8.63	
2026-09-13 21:23:04	scan	shared/shared-resources	25	ok	6.91	
2026-09-13 21:23:34	scan	shared/shared-utils	30	ok	9.42	
2026-09-13 21:24:06	scan	shared/verifier	32	ok	7.60	
2026-09-13 21:26:01	scan	sisu/sisu-project	115	ok	5.21	
2026-09-13 21:26:27	scan	site	26	ok	5.95	
2026-09-13 21:27:02	scan	studies/maven-basedir-filesystem	35	ok	6.39	
2026-09-13 21:27:56	scan	studies/maven-ci-extension	54	ok	9.08	
2026-09-13 21:28:31	scan	studies/maven-default-plugins	35	ok	12.15	
2026-09-17 22:21:06	clean-install--DskipTests	core/maven-4.0.x	8	failed	2.94	
2026-09-17 22:24:23	clean-install--DskipTests	core/maven-4.0.x	129	ok	5.97	
2026-09-18 08:58:51	-P?run-its-clean-verify	core/3.x/its-3	4224	failed	4.07	m4-40x
2026-09-18 09:00:55	-P?run-its-clean-verify	core/3.x/maven-3	122	ok	7.51	m4-40x
2026-09-18 09:08:06	-P?run-its-clean-verify	core/3.x/mvnd-1	424	failed	11.84	m4-40x
2026-09-18 09:10:21	-P?run-its-clean-verify	core/build-cache	134	failed	8.60	m4-40x
2026-09-18 09:23:38	-P?run-its-clean-verify	core/maven	791	failed	134.26	m4-40x
2026-09-18 09:40:02	-P?run-its-clean-verify	core/maven-4.0.x	974	failed	2.75	m4-40x
2026-09-18 09:47:55	-P?run-its-clean-verify	core/mvnd	465	failed	4.49	m4-40x
2026-09-18 09:53:47	-P?run-its-clean-verify	core/resolver	351	ok	5.88	m4-40x
2026-09-18 09:55:49	-P?run-its-clean-verify	core/resolver-ant-tasks	122	ok	4.11	m4-40x
2026-09-18 09:59:35	-P?run-its-clean-verify	core/wrapper	226	ok	5.35	m4-40x
2026-09-18 10:00:21	-P?run-its-clean-verify	doxia/doxia	45	ok	7.41	m4-40x
2026-09-18 10:01:04	-P?run-its-clean-verify	doxia/sitetools	43	ok	10.40	m4-40x
2026-09-18 10:01:24	-P?run-its-clean-verify	doxia/tools/converter	20	failed	9.52	m4-40x
2026-09-18 10:04:20	-P?run-its-clean-verify	misc/archetypes	173	ok	12.17	m4-40x
2026-09-18 10:04:52	-P?run-its-clean-verify	misc/dist-tool	32	ok	11.07	m4-40x
2026-09-18 10:08:33	-P?run-its-clean-verify	misc/executor	220	ok	5.52	m4-40x
2026-09-18 10:08:45	-P?run-its-clean-verify	misc/gh-actions-shared/v5	11	ok	6.15	m4-40x
2026-09-18 10:12:17	-P?run-its-clean-verify	misc/indexer	209	ok	5.99	m4-40x
2026-09-18 10:12:25	-P?run-its-clean-verify	misc/pom/apache	7	ok	6.34	m4-40x
2026-09-18 10:14:19	-P?run-its-clean-verify	misc/pom/apache-resources	114	failed	8.65	m4-40x
2026-09-18 10:14:36	-P?run-its-clean-verify	misc/pom/maven	17	ok	8.61	m4-40x
2026-09-18 10:21:14	-P?run-its-clean-verify	misc/skins/fluido	398	ok	7.88	m4-40x
2026-09-18 10:30:06	-P?run-its-clean-verify	misc/wagon	531	ok	1.95	m4-40x
2026-09-18 10:30:17	-P?run-its-clean-verify	plexus/build-api	11	ok	3.52	m4-40x
2026-09-18 10:30:34	-P?run-its-clean-verify	plexus/classworlds	16	ok	4.49	m4-40x
2026-09-18 10:30:41	-P?run-its-clean-verify	plexus/codehaus-plexus.github.io	7	ok	4.56	m4-40x
2026-09-18 10:31:37	-P?run-its-clean-verify	plexus/components/archiver	55	ok	4.92	m4-40x
2026-09-18 10:33:48	-P?run-its-clean-verify	plexus/components/compiler	130	failed	8.00	m4-40x
2026-09-18 10:34:06	-P?run-its-clean-verify	plexus/components/i18n	17	ok	7.75	m4-40x
2026-09-18 10:34:25	-P?run-its-clean-verify	plexus/components/interactivity	18	ok	6.99	m4-40x
2026-09-18 10:34:50	-P?run-its-clean-verify	plexus/components/interpolation	25	ok	8.46	m4-40x
2026-09-18 10:35:15	-P?run-its-clean-verify	plexus/components/io	25	ok	8.11	m4-40x
2026-09-18 10:35:46	-P?run-its-clean-verify	plexus/components/languages	30	ok	8.84	m4-40x
2026-09-18 10:36:11	-P?run-its-clean-verify	plexus/components/resources	25	ok	8.95	m4-40x
2026-09-18 10:36:45	-P?run-its-clean-verify	plexus/components/sec-dispatcher	32	ok	9.10	m4-40x
2026-09-18 10:37:04	-P?run-its-clean-verify	plexus/components/velocity	18	ok	8.69	m4-40x
2026-09-18 10:41:48	-P?run-its-clean-verify	plexus/modello	281	ok	9.51	m4-40x
2026-09-18 10:42:06	-P?run-its-clean-verify	plexus/pom/plexus	17	ok	9.52	m4-40x
2026-09-18 10:42:32	-P?run-its-clean-verify	plexus/testing	25	ok	10.66	m4-40x
2026-09-18 10:43:24	-P?run-its-clean-verify	plexus/utils	51	ok	11.04	m4-40x
2026-09-18 10:43:55	-P?run-its-clean-verify	plexus/xml	31	ok	9.93	m4-40x
2026-09-18 10:46:07	-P?run-its-clean-verify	plugins/core-4/maven-clean-plugin	131	ok	7.51	m4-40x
2026-09-18 10:55:31	-P?run-its-clean-verify	plugins/core-4/maven-compiler-plugin	563	failed	6.95	m4-40x
2026-09-18 10:59:22	-P?run-its-clean-verify	plugins/core-4/maven-deploy-plugin	231	ok	7.82	m4-40x
2026-09-18 11:03:23	-P?run-its-clean-verify	plugins/core-4/maven-install-plugin	241	failed	6.20	m4-40x
2026-09-18 11:05:36	-P?run-its-clean-verify	plugins/core-4/maven-resources-plugin	132	ok	6.44	m4-40x
2026-09-18 11:06:39	-P?run-its-clean-verify	plugins/core/maven-clean-plugin	63	ok	7.48	m4-40x
2026-09-18 11:15:29	-P?run-its-clean-verify	plugins/core/maven-compiler-plugin	529	failed	5.66	m4-40x
2026-09-18 11:19:14	-P?run-its-clean-verify	plugins/core/maven-deploy-plugin	224	ok	7.21	m4-40x
2026-09-18 11:23:06	-P?run-its-clean-verify	plugins/core/maven-install-plugin	231	failed	5.44	m4-40x
2026-09-18 11:25:11	-P?run-its-clean-verify	plugins/core/maven-resources-plugin	124	ok	4.61	m4-40x
2026-09-18 11:37:04	-P?run-its-clean-verify	plugins/core/maven-site-plugin	713	failed	7.88	m4-40x
2026-09-18 11:41:16	-P?run-its-clean-verify	plugins/core/surefire	245	failed	6.23	m4-40x
2026-09-18 11:47:51	-P?run-its-clean-verify	plugins/packaging-4/maven-jar-plugin	394	failed	7.88	m4-40x
2026-09-18 11:51:42	-P?run-its-clean-verify	plugins/packaging-4/maven-source-plugin	231	failed	6.33	m4-40x
2026-09-18 11:53:09	-P?run-its-clean-verify	plugins/packaging/maven-acr-plugin	87	failed	8.85	m4-40x
2026-09-18 12:14:05	-P?run-its-clean-verify	plugins/packaging/maven-ear-plugin	1255	failed	9.37	m4-40x
2026-09-18 12:16:04	-P?run-its-clean-verify	plugins/packaging/maven-ejb-plugin	116	ok	10.09	m4-40x
2026-09-18 12:21:50	-P?run-its-clean-verify	plugins/packaging/maven-jar-plugin	346	failed	5.96	m4-40x
2026-09-18 12:29:02	-P?run-its-clean-verify	plugins/packaging/maven-jlink-plugin	431	failed	6.53	m4-40x
2026-09-18 12:32:55	-P?run-its-clean-verify	plugins/packaging/maven-jmod-plugin	232	ok	8.00	m4-40x
2026-09-18 12:34:00	-P?run-its-clean-verify	plugins/packaging/maven-rar-plugin	65	ok	9.45	m4-40x
2026-09-18 12:44:07	-P?run-its-clean-verify	plugins/packaging/maven-shade-plugin	606	failed	5.66	m4-40x
2026-09-18 12:48:06	-P?run-its-clean-verify	plugins/packaging/maven-source-plugin	238	failed	5.99	m4-40x
2026-09-18 12:52:19	-P?run-its-clean-verify	plugins/packaging/maven-war-plugin	251	failed	6.39	m4-40x
2026-09-18 12:54:03	-P?run-its-clean-verify	plugins/reporting/jxr	104	ok	10.76	m4-40x
2026-09-18 12:55:09	-P?run-its-clean-verify	plugins/reporting/maven-changelog-plugin	65	ok	10.64	m4-40x
2026-09-18 12:57:17	-P?run-its-clean-verify	plugins/reporting/maven-changes-plugin	127	ok	9.08	m4-40x
2026-09-18 13:02:57	-P?run-its-clean-verify	plugins/reporting/maven-checkstyle-plugin	339	failed	6.81	m4-40x
2026-09-18 13:03:48	-P?run-its-clean-verify	plugins/reporting/maven-doap-plugin	51	ok	7.33	m4-40x
2026-09-18 13:15:18	-P?run-its-clean-verify	plugins/reporting/maven-javadoc-plugin	689	ok	7.83	m4-40x
2026-09-18 13:16:15	-P?run-its-clean-verify	plugins/reporting/maven-jdeps-plugin	57	ok	5.31	m4-40x
2026-09-18 13:23:30	-P?run-its-clean-verify	plugins/reporting/maven-pmd-plugin	434	ok	7.74	m4-40x
2026-09-18 13:28:06	-P?run-its-clean-verify	plugins/reporting/maven-project-info-reports-plugin	275	failed	5.74	m4-40x
2026-09-18 13:35:43	-P?run-its-clean-verify	plugins/tools/archetype	456	ok	7.96	m4-40x
2026-09-18 13:50:25	-P?run-its-clean-verify	plugins/tools/enforcer	881	failed	6.63	m4-40x
2026-09-18 13:54:46	-P?run-its-clean-verify	plugins/tools/maven-antrun-plugin	260	failed	7.34	m4-40x
2026-09-18 14:00:38	-P?run-its-clean-verify	plugins/tools/maven-artifact-plugin	351	failed	8.88	m4-40x
2026-09-18 14:29:15	-P?run-its-clean-verify	plugins/tools/maven-assembly-plugin	1715	failed	7.65	m4-40x
2026-09-18 14:42:18	-P?run-its-clean-verify	plugins/tools/maven-dependency-plugin	782	failed	8.44	m4-40x
2026-09-18 14:52:55	-P?run-its-clean-verify	plugins/tools/maven-gpg-plugin	636	failed	3.56	m4-40x
2026-09-18 14:58:33	-P?run-its-clean-verify	plugins/tools/maven-help-plugin	338	ok	13.53	m4-40x
2026-09-18 15:10:43	-P?run-its-clean-verify	plugins/tools/maven-invoker-plugin	728	failed	8.30	m4-40x
2026-09-18 15:12:08	-P?run-its-clean-verify	plugins/tools/maven-jarsigner-plugin	84	ok	7.50	m4-40x
2026-09-18 15:13:07	-P?run-its-clean-verify	plugins/tools/maven-jdeprscan-plugin	58	ok	5.66	m4-40x
2026-09-18 15:15:41	-P?run-its-clean-verify	plugins/tools/maven-remote-resources-plugin	154	failed	7.72	m4-40x
2026-09-18 15:17:18	-P?run-its-clean-verify	plugins/tools/maven-scm-publish-plugin	97	ok	12.07	m4-40x
2026-09-18 15:17:55	-P?run-its-clean-verify	plugins/tools/maven-scripting-plugin	37	ok	10.19	m4-40x
2026-09-18 15:18:55	-P?run-its-clean-verify	plugins/tools/maven-toolchains-plugin	59	ok	9.94	m4-40x
2026-09-18 15:25:15	-P?run-its-clean-verify	plugins/tools/plugin-tools	379	failed	8.46	m4-40x
2026-09-18 15:34:47	-P?run-its-clean-verify	plugins/tools/release	571	failed	8.53	m4-40x
2026-09-18 15:41:25	-P?run-its-clean-verify	plugins/tools/scm	397	ok	5.28	m4-40x
2026-09-18 15:41:42	-P?run-its-clean-verify	shared-4/archiver	16	ok	5.76	m4-40x
2026-09-18 15:42:01	-P?run-its-clean-verify	shared-4/filtering	19	ok	6.83	m4-40x
2026-09-18 15:42:21	-P?run-its-clean-verify	shared/archiver	20	ok	6.21	m4-40x
2026-09-18 15:42:42	-P?run-its-clean-verify	shared/common-artifact-filters	20	ok	8.86	m4-40x
2026-09-18 15:45:27	-P?run-its-clean-verify	shared/dependency-analyzer	164	ok	7.30	m4-40x
2026-09-18 15:46:51	-P?run-its-clean-verify	shared/dependency-tree	84	failed	7.41	m4-40x
2026-09-18 15:47:06	-P?run-its-clean-verify	shared/file-management	15	ok	8.63	m4-40x
2026-09-18 15:47:32	-P?run-its-clean-verify	shared/filtering	25	ok	8.96	m4-40x
2026-09-18 15:48:56	-P?run-its-clean-verify	shared/invoker	83	ok	9.09	m4-40x
2026-09-18 15:49:15	-P?run-its-clean-verify	shared/jarsigner	19	ok	9.90	m4-40x
2026-09-18 15:49:31	-P?run-its-clean-verify	shared/mapping	16	ok	9.54	m4-40x
2026-09-18 15:49:45	-P?run-its-clean-verify	shared/reporting-api	14	ok	9.37	m4-40x
2026-09-18 15:51:18	-P?run-its-clean-verify	shared/reporting-exec	92	ok	8.87	m4-40x
2026-09-18 15:53:06	-P?run-its-clean-verify	shared/reporting-impl	106	ok	11.33	m4-40x
2026-09-18 15:53:28	-P?run-its-clean-verify	shared/script-interpreter	22	ok	10.06	m4-40x
2026-09-18 15:53:43	-P?run-its-clean-verify	shared/shared-incremental	15	ok	9.80	m4-40x
2026-09-18 15:54:03	-P?run-its-clean-verify	shared/shared-io	19	ok	8.44	m4-40x
2026-09-18 15:54:24	-P?run-its-clean-verify	shared/shared-jar	20	ok	7.50	m4-40x
2026-09-18 15:54:36	-P?run-its-clean-verify	shared/shared-resources	12	ok	7.02	m4-40x
2026-09-18 15:55:27	-P?run-its-clean-verify	shared/shared-utils	50	ok	6.42	m4-40x
2026-09-18 15:55:51	-P?run-its-clean-verify	shared/verifier	24	failed	5.71	m4-40x
2026-09-18 15:57:24	-P?run-its-clean-verify	sisu/sisu-project	92	ok	7.58	m4-40x
2026-09-18 15:57:35	-P?run-its-clean-verify	site	11	ok	7.36	m4-40x
2026-09-18 15:57:45	-P?run-its-clean-verify	studies/maven-basedir-filesystem	9	ok	7.57	m4-40x
2026-09-18 15:58:01	-P?run-its-clean-verify	studies/maven-ci-extension	16	failed	8.37	m4-40x
2026-09-18 15:58:09	-P?run-its-clean-verify	studies/maven-default-plugins	8	ok	8.10	m4-40x
2026-09-22 02:11:35	clean-install--fae--Dsurefire.rerunFailingTestsCount=2	core/3.x/its-3	65	ok	6.39	
2026-09-22 02:13:06	clean-install--fae--Dsurefire.rerunFailingTestsCount=2	core/3.x/maven-3	90	ok	5.78	
2026-09-22 02:18:41	clean-install--fae--Dsurefire.rerunFailingTestsCount=2	core/3.x/mvnd-1	329	failed	10.28	
2026-09-22 02:19:12	clean-install--fae--Dsurefire.rerunFailingTestsCount=2	core/build-cache	27	ok	11.83	
2026-09-22 02:26:10	clean-install--fae--Dsurefire.rerunFailingTestsCount=2	core/maven	402	ok	3.81	
2026-09-22 02:28:52	clean-install--fae--Dsurefire.rerunFailingTestsCount=2	core/maven-4.0.x	154	failed	7.34	
2026-09-22 02:37:15	clean-install--fae--Dsurefire.rerunFailingTestsCount=2	core/mvnd	494	failed	5.21	
2026-09-22 02:42:22	clean-install--fae--Dsurefire.rerunFailingTestsCount=2	core/resolver	305	ok	4.18	
2026-09-22 02:43:06	clean-install--fae--Dsurefire.rerunFailingTestsCount=2	core/resolver-ant-tasks	43	ok	4.51	
2026-09-22 02:43:26	clean-install--fae--Dsurefire.rerunFailingTestsCount=2	core/wrapper	20	ok	5.17	
2026-09-22 02:44:13	clean-install--fae--Dsurefire.rerunFailingTestsCount=2	doxia/doxia	46	ok	5.78	
2026-09-22 02:44:44	clean-install--fae--Dsurefire.rerunFailingTestsCount=2	doxia/sitetools	31	ok	5.58	
2026-09-22 02:45:05	clean-install--fae--Dsurefire.rerunFailingTestsCount=2	doxia/tools/converter	21	ok	5.90	
2026-09-22 02:46:54	clean-install--fae--Dsurefire.rerunFailingTestsCount=2	misc/archetypes	107	ok	7.51	
2026-09-22 02:47:17	clean-install--fae--Dsurefire.rerunFailingTestsCount=2	misc/dist-tool	22	ok	7.69	
2026-09-22 02:49:26	clean-install--fae--Dsurefire.rerunFailingTestsCount=2	misc/executor	128	ok	6.17	
2026-09-22 02:49:36	clean-install--fae--Dsurefire.rerunFailingTestsCount=2	misc/gh-actions-shared/v5	9	ok	6.09	
2026-09-22 02:52:55	clean-install--fae--Dsurefire.rerunFailingTestsCount=2	misc/indexer	195	ok	6.94	
2026-09-22 02:53:00	clean-install--fae--Dsurefire.rerunFailingTestsCount=2	misc/pom/apache	5	ok	6.78	
2026-09-22 02:53:14	clean-install--fae--Dsurefire.rerunFailingTestsCount=2	misc/pom/apache-resources	13	ok	8.09	
2026-09-22 02:53:26	clean-install--fae--Dsurefire.rerunFailingTestsCount=2	misc/pom/maven	12	ok	7.98	
2026-09-22 02:53:41	clean-install--fae--Dsurefire.rerunFailingTestsCount=2	misc/skins/fluido	13	ok	7.31	
2026-09-22 03:02:21	clean-install--fae--Dsurefire.rerunFailingTestsCount=2	misc/wagon	519	ok	2.49	
2026-09-22 03:02:29	clean-install--fae--Dsurefire.rerunFailingTestsCount=2	plexus/build-api	8	ok	3.58	
2026-09-22 03:02:42	clean-install--fae--Dsurefire.rerunFailingTestsCount=2	plexus/classworlds	12	ok	3.99	
2026-09-22 03:02:47	clean-install--fae--Dsurefire.rerunFailingTestsCount=2	plexus/codehaus-plexus.github.io	5	ok	4.55	
2026-09-22 03:03:25	clean-install--fae--Dsurefire.rerunFailingTestsCount=2	plexus/components/archiver	38	ok	8.14	
2026-09-22 03:04:46	clean-install--fae--Dsurefire.rerunFailingTestsCount=2	plexus/components/compiler	80	ok	6.79	
2026-09-22 03:04:54	clean-install--fae--Dsurefire.rerunFailingTestsCount=2	plexus/components/i18n	8	ok	6.48	
2026-09-22 03:05:04	clean-install--fae--Dsurefire.rerunFailingTestsCount=2	plexus/components/interactivity	10	ok	6.97	
2026-09-22 03:05:15	clean-install--fae--Dsurefire.rerunFailingTestsCount=2	plexus/components/interpolation	11	ok	7.15	
2026-09-22 03:05:27	clean-install--fae--Dsurefire.rerunFailingTestsCount=2	plexus/components/io	12	ok	6.55	
2026-09-22 03:05:43	clean-install--fae--Dsurefire.rerunFailingTestsCount=2	plexus/components/languages	16	ok	6.18	
2026-09-22 03:05:53	clean-install--fae--Dsurefire.rerunFailingTestsCount=2	plexus/components/resources	10	ok	6.79	
2026-09-22 03:06:09	clean-install--fae--Dsurefire.rerunFailingTestsCount=2	plexus/components/sec-dispatcher	16	ok	6.61	
2026-09-22 03:06:17	clean-install--fae--Dsurefire.rerunFailingTestsCount=2	plexus/components/velocity	8	ok	6.80	
2026-09-22 03:07:24	clean-install--fae--Dsurefire.rerunFailingTestsCount=2	plexus/modello	64	ok	7.98	
2026-09-22 03:07:32	clean-install--fae--Dsurefire.rerunFailingTestsCount=2	plexus/pom/plexus	8	ok	7.53	
2026-09-22 03:07:41	clean-install--fae--Dsurefire.rerunFailingTestsCount=2	plexus/testing	9	ok	7.50	
2026-09-22 03:08:01	clean-install--fae--Dsurefire.rerunFailingTestsCount=2	plexus/utils	20	ok	8.13	
2026-09-22 03:08:13	clean-install--fae--Dsurefire.rerunFailingTestsCount=2	plexus/xml	12	ok	7.02	
2026-09-22 03:08:20	clean-install--fae--Dsurefire.rerunFailingTestsCount=2	plugins/core-4/maven-clean-plugin	6	failed	7.09	
2026-09-22 03:08:27	clean-install--fae--Dsurefire.rerunFailingTestsCount=2	plugins/core-4/maven-compiler-plugin	5	failed	6.64	
2026-09-22 03:08:33	clean-install--fae--Dsurefire.rerunFailingTestsCount=2	plugins/core-4/maven-deploy-plugin	5	failed	6.59	
2026-09-22 03:08:39	clean-install--fae--Dsurefire.rerunFailingTestsCount=2	plugins/core-4/maven-install-plugin	5	failed	6.22	
2026-09-22 03:08:57	clean-install--fae--Dsurefire.rerunFailingTestsCount=2	plugins/core-4/maven-resources-plugin	17	ok	5.72	
2026-09-22 03:09:04	clean-install--fae--Dsurefire.rerunFailingTestsCount=2	plugins/core/maven-clean-plugin	7	failed	5.82	
2026-09-22 03:09:34	clean-install--fae--Dsurefire.rerunFailingTestsCount=2	plugins/core/maven-compiler-plugin	27	ok	12.01	
2026-09-22 03:09:54	clean-install--fae--Dsurefire.rerunFailingTestsCount=2	plugins/core/maven-deploy-plugin	19	ok	11.13	
2026-09-22 03:10:14	clean-install--fae--Dsurefire.rerunFailingTestsCount=2	plugins/core/maven-install-plugin	19	ok	10.47	
2026-09-22 03:10:33	clean-install--fae--Dsurefire.rerunFailingTestsCount=2	plugins/core/maven-resources-plugin	18	ok	9.62	
2026-09-22 03:10:57	clean-install--fae--Dsurefire.rerunFailingTestsCount=2	plugins/core/maven-site-plugin	19	ok	8.43	
2026-09-22 03:13:14	clean-install--fae--Dsurefire.rerunFailingTestsCount=2	plugins/core/surefire	136	ok	8.59	
2026-09-22 03:13:35	clean-install--fae--Dsurefire.rerunFailingTestsCount=2	plugins/packaging-4/maven-jar-plugin	19	ok	7.73	
2026-09-22 03:13:53	clean-install--fae--Dsurefire.rerunFailingTestsCount=2	plugins/packaging-4/maven-source-plugin	17	ok	8.12	
2026-09-22 03:14:06	clean-install--fae--Dsurefire.rerunFailingTestsCount=2	plugins/packaging/maven-acr-plugin	13	ok	7.79	
2026-09-22 03:14:26	clean-install--fae--Dsurefire.rerunFailingTestsCount=2	plugins/packaging/maven-ear-plugin	19	ok	6.94	
2026-09-22 03:14:45	clean-install--fae--Dsurefire.rerunFailingTestsCount=2	plugins/packaging/maven-ejb-plugin	18	ok	7.33	
2026-09-22 03:15:03	clean-install--fae--Dsurefire.rerunFailingTestsCount=2	plugins/packaging/maven-jar-plugin	17	ok	6.56	
2026-09-22 03:15:21	clean-install--fae--Dsurefire.rerunFailingTestsCount=2	plugins/packaging/maven-jlink-plugin	17	ok	7.22	
2026-09-22 03:15:35	clean-install--fae--Dsurefire.rerunFailingTestsCount=2	plugins/packaging/maven-jmod-plugin	13	ok	7.76	
2026-09-22 03:15:52	clean-install--fae--Dsurefire.rerunFailingTestsCount=2	plugins/packaging/maven-rar-plugin	16	ok	7.51	
2026-09-22 03:16:19	clean-install--fae--Dsurefire.rerunFailingTestsCount=2	plugins/packaging/maven-shade-plugin	24	ok	7.22	
2026-09-22 03:16:39	clean-install--fae--Dsurefire.rerunFailingTestsCount=2	plugins/packaging/maven-source-plugin	19	ok	7.22	
2026-09-22 03:17:08	clean-install--fae--Dsurefire.rerunFailingTestsCount=2	plugins/packaging/maven-war-plugin	27	ok	9.29	
2026-09-22 03:17:35	clean-install--fae--Dsurefire.rerunFailingTestsCount=2	plugins/reporting/jxr	25	ok	9.59	
2026-09-22 03:18:00	clean-install--fae--Dsurefire.rerunFailingTestsCount=2	plugins/reporting/maven-changelog-plugin	24	ok	8.35	
2026-09-22 03:18:26	clean-install--fae--Dsurefire.rerunFailingTestsCount=2	plugins/reporting/maven-changes-plugin	25	ok	7.06	
2026-09-22 03:18:55	clean-install--fae--Dsurefire.rerunFailingTestsCount=2	plugins/reporting/maven-checkstyle-plugin	27	ok	7.55	
2026-09-22 03:19:22	clean-install--fae--Dsurefire.rerunFailingTestsCount=2	plugins/reporting/maven-doap-plugin	26	ok	7.44	
2026-09-22 03:20:40	clean-install--fae--Dsurefire.rerunFailingTestsCount=2	plugins/reporting/maven-javadoc-plugin	73	ok	5.38	
2026-09-22 03:20:53	clean-install--fae--Dsurefire.rerunFailingTestsCount=2	plugins/reporting/maven-jdeps-plugin	13	ok	5.80	
2026-09-22 03:21:40	clean-install--fae--Dsurefire.rerunFailingTestsCount=2	plugins/reporting/maven-pmd-plugin	45	ok	6.28	
2026-09-22 03:22:13	clean-install--fae--Dsurefire.rerunFailingTestsCount=2	plugins/reporting/maven-project-info-reports-plugin	30	ok	6.61	
2026-09-22 03:22:53	clean-install--fae--Dsurefire.rerunFailingTestsCount=2	plugins/tools/archetype	36	ok	9.13	
2026-09-22 03:23:22	clean-install--fae--Dsurefire.rerunFailingTestsCount=2	plugins/tools/enforcer	27	ok	8.90	
2026-09-22 03:23:38	clean-install--fae--Dsurefire.rerunFailingTestsCount=2	plugins/tools/maven-antrun-plugin	15	ok	9.22	
2026-09-22 03:23:59	clean-install--fae--Dsurefire.rerunFailingTestsCount=2	plugins/tools/maven-artifact-plugin	18	ok	8.14	
2026-09-22 03:24:29	clean-install--fae--Dsurefire.rerunFailingTestsCount=2	plugins/tools/maven-assembly-plugin	25	ok	7.82	
2026-09-22 03:25:41	clean-install--fae--Dsurefire.rerunFailingTestsCount=2	plugins/tools/maven-dependency-plugin	69	ok	5.66	
2026-09-22 03:25:58	clean-install--fae--Dsurefire.rerunFailingTestsCount=2	plugins/tools/maven-gpg-plugin	17	ok	4.99	
2026-09-22 03:26:19	clean-install--fae--Dsurefire.rerunFailingTestsCount=2	plugins/tools/maven-help-plugin	20	ok	5.07	
2026-09-22 03:26:42	clean-install--fae--Dsurefire.rerunFailingTestsCount=2	plugins/tools/maven-invoker-plugin	22	ok	6.14	
2026-09-22 03:27:02	clean-install--fae--Dsurefire.rerunFailingTestsCount=2	plugins/tools/maven-jarsigner-plugin	19	ok	6.19	
2026-09-22 03:27:16	clean-install--fae--Dsurefire.rerunFailingTestsCount=2	plugins/tools/maven-jdeprscan-plugin	14	ok	6.40	
2026-09-22 03:27:36	clean-install--fae--Dsurefire.rerunFailingTestsCount=2	plugins/tools/maven-remote-resources-plugin	19	ok	7.02	
2026-09-22 03:27:51	clean-install--fae--Dsurefire.rerunFailingTestsCount=2	plugins/tools/maven-scm-publish-plugin	13	ok	7.36	
2026-09-22 03:28:06	clean-install--fae--Dsurefire.rerunFailingTestsCount=2	plugins/tools/maven-scripting-plugin	14	ok	7.24	
2026-09-22 03:28:22	clean-install--fae--Dsurefire.rerunFailingTestsCount=2	plugins/tools/maven-toolchains-plugin	15	ok	6.71	
2026-09-22 03:29:01	clean-install--fae--Dsurefire.rerunFailingTestsCount=2	plugins/tools/plugin-tools	37	ok	6.40	
2026-09-22 03:30:18	clean-install--fae--Dsurefire.rerunFailingTestsCount=2	plugins/tools/release	75	ok	5.80	
2026-09-22 03:34:42	clean-install--fae--Dsurefire.rerunFailingTestsCount=2	plugins/tools/scm	262	ok	4.23	
2026-09-22 03:35:07	clean-install--fae--Dsurefire.rerunFailingTestsCount=2	shared-4/archiver	24	ok	8.17	
2026-09-22 03:35:39	clean-install--fae--Dsurefire.rerunFailingTestsCount=2	shared-4/filtering	31	ok	7.38	
2026-09-22 03:36:09	clean-install--fae--Dsurefire.rerunFailingTestsCount=2	shared/archiver	30	ok	9.09	
2026-09-22 03:36:42	clean-install--fae--Dsurefire.rerunFailingTestsCount=2	shared/common-artifact-filters	33	ok	9.51	
2026-09-22 03:37:18	clean-install--fae--Dsurefire.rerunFailingTestsCount=2	shared/dependency-analyzer	33	ok	9.32	
2026-09-22 03:37:44	clean-install--fae--Dsurefire.rerunFailingTestsCount=2	shared/dependency-tree	25	ok	10.38	
2026-09-22 03:38:09	clean-install--fae--Dsurefire.rerunFailingTestsCount=2	shared/file-management	24	ok	9.39	
2026-09-22 03:38:44	clean-install--fae--Dsurefire.rerunFailingTestsCount=2	shared/filtering	35	ok	9.21	
2026-09-22 03:40:36	clean-install--fae--Dsurefire.rerunFailingTestsCount=2	shared/invoker	112	ok	7.83	
2026-09-22 03:41:01	clean-install--fae--Dsurefire.rerunFailingTestsCount=2	shared/jarsigner	24	ok	7.93	
2026-09-22 03:41:20	clean-install--fae--Dsurefire.rerunFailingTestsCount=2	shared/mapping	19	ok	7.13	
2026-09-22 03:41:38	clean-install--fae--Dsurefire.rerunFailingTestsCount=2	shared/reporting-api	18	ok	7.47	
2026-09-22 03:43:27	clean-install--fae--Dsurefire.rerunFailingTestsCount=2	shared/reporting-exec	108	ok	13.51	
2026-09-22 03:45:40	clean-install--fae--Dsurefire.rerunFailingTestsCount=2	shared/reporting-impl	131	ok	9.22	
2026-09-22 03:46:10	clean-install--fae--Dsurefire.rerunFailingTestsCount=2	shared/script-interpreter	29	ok	8.30	
2026-09-22 03:46:30	clean-install--fae--Dsurefire.rerunFailingTestsCount=2	shared/shared-incremental	20	ok	8.53	
2026-09-22 03:47:00	clean-install--fae--Dsurefire.rerunFailingTestsCount=2	shared/shared-io	29	ok	10.15	
2026-09-22 03:47:31	clean-install--fae--Dsurefire.rerunFailingTestsCount=2	shared/shared-jar	31	ok	10.04	
2026-09-22 03:47:48	clean-install--fae--Dsurefire.rerunFailingTestsCount=2	shared/shared-resources	17	ok	10.93	
2026-09-22 03:49:11	clean-install--fae--Dsurefire.rerunFailingTestsCount=2	shared/shared-utils	82	ok	10.00	
2026-09-22 03:49:52	clean-install--fae--Dsurefire.rerunFailingTestsCount=2	shared/verifier	41	ok	10.13	
2026-09-22 03:52:05	clean-install--fae--Dsurefire.rerunFailingTestsCount=2	sisu/sisu-project	132	ok	11.61	
2026-09-22 03:52:19	clean-install--fae--Dsurefire.rerunFailingTestsCount=2	site	14	ok	11.30	
2026-09-22 03:52:30	clean-install--fae--Dsurefire.rerunFailingTestsCount=2	studies/maven-basedir-filesystem	10	ok	10.89	
2026-09-22 03:52:53	clean-install--fae--Dsurefire.rerunFailingTestsCount=2	studies/maven-ci-extension	22	failed	11.01	
2026-09-22 03:53:03	clean-install--fae--Dsurefire.rerunFailingTestsCount=2	studies/maven-default-plugins	9	ok	10.26	
2026-09-22 04:10:46	scan	core/3.x/its-3	1045	ok	1.99	
2026-09-22 04:15:07	scan	core/3.x/maven-3	261	ok	2.08	
2026-09-22 04:17:19	scan	core/3.x/mvnd-1	132	ok	3.32	
2026-09-22 04:18:02	scan	core/build-cache	43	ok	4.21	
2026-09-22 04:23:38	scan	core/maven	336	ok	3.73	
2026-09-22 04:27:57	scan	core/maven-4.0.x	259	failed	1.86	
2026-09-22 04:29:34	scan	core/mvnd	97	ok	2.51	
2026-09-22 04:33:33	scan	core/resolver	239	ok	2.19	
2026-09-22 04:34:05	scan	core/resolver-ant-tasks	32	ok	3.15	
2026-09-22 04:35:14	scan	core/wrapper	69	ok	3.93	
2026-09-22 04:36:52	scan	doxia/doxia	98	ok	3.18	
2026-09-22 04:38:58	scan	doxia/sitetools	126	ok	2.84	
2026-09-22 04:39:25	scan	doxia/tools/converter	27	ok	3.95	
2026-09-22 04:42:25	scan	misc/archetypes	180	ok	3.24	
2026-09-22 04:43:48	scan	misc/dist-tool	83	ok	3.10	
2026-09-22 04:45:56	scan	misc/executor	128	ok	3.16	
2026-09-22 04:46:19	scan	misc/gh-actions-shared/v5	23	ok	2.86	
2026-09-22 04:48:43	scan	misc/indexer	144	ok	3.50	
2026-09-22 04:49:10	scan	misc/pom/apache	27	ok	3.10	
2026-09-22 04:50:10	scan	misc/pom/apache-resources	60	ok	2.76	
2026-09-22 04:51:24	scan	misc/pom/maven	74	ok	2.61	
2026-09-22 04:51:47	scan	misc/skins/fluido	23	ok	2.61	
2026-09-22 04:54:38	scan	misc/wagon	171	ok	2.91	
2026-09-22 04:55:10	scan	plexus/build-api	32	ok	3.81	
2026-09-22 04:55:36	scan	plexus/classworlds	26	ok	4.07	
2026-09-22 04:55:57	scan	plexus/codehaus-plexus.github.io	21	ok	4.75	
2026-09-22 04:56:30	scan	plexus/components/archiver	33	ok	4.62	
2026-09-22 04:59:53	scan	plexus/components/compiler	203	ok	2.97	
2026-09-22 05:00:16	scan	plexus/components/i18n	23	ok	3.28	
2026-09-22 05:00:46	scan	plexus/components/interactivity	30	ok	4.07	
2026-09-22 05:01:12	scan	plexus/components/interpolation	26	ok	4.03	
2026-09-22 05:01:37	scan	plexus/components/io	25	ok	4.28	
2026-09-22 05:02:15	scan	plexus/components/languages	38	ok	4.22	
2026-09-22 05:02:40	scan	plexus/components/resources	25	ok	5.35	
2026-09-22 05:03:06	scan	plexus/components/sec-dispatcher	26	ok	4.40	
2026-09-22 05:03:28	scan	plexus/components/velocity	22	ok	5.43	
2026-09-22 05:06:01	scan	plexus/modello	153	ok	2.18	
2026-09-22 05:06:27	scan	plexus/pom/plexus	26	ok	3.39	
2026-09-22 05:06:50	scan	plexus/testing	23	ok	4.41	
2026-09-22 05:07:18	scan	plexus/utils	28	ok	4.64	
2026-09-22 05:07:50	scan	plexus/xml	32	ok	5.40	
2026-09-22 05:08:38	scan	plugins/core-4/maven-clean-plugin	47	ok	4.39	
2026-09-22 05:09:06	scan	plugins/core-4/maven-compiler-plugin	28	ok	4.05	
2026-09-22 05:09:35	scan	plugins/core-4/maven-deploy-plugin	29	ok	5.54	
2026-09-22 05:09:59	scan	plugins/core-4/maven-install-plugin	24	ok	5.24	
2026-09-22 05:10:53	scan	plugins/core-4/maven-resources-plugin	54	ok	4.47	
2026-09-22 05:11:29	scan	plugins/core/maven-clean-plugin	36	ok	4.43	
2026-09-22 05:11:54	scan	plugins/core/maven-compiler-plugin	25	ok	3.90	
2026-09-22 05:12:19	scan	plugins/core/maven-deploy-plugin	25	ok	5.06	
2026-09-22 05:12:43	scan	plugins/core/maven-install-plugin	24	ok	4.71	
2026-09-22 05:13:07	scan	plugins/core/maven-resources-plugin	24	ok	5.24	
2026-09-22 05:13:41	scan	plugins/core/maven-site-plugin	33	ok	5.62	
2026-09-22 05:15:53	scan	plugins/core/surefire	132	ok	2.45	
2026-09-22 05:16:21	scan	plugins/packaging-4/maven-jar-plugin	28	ok	3.68	
2026-09-22 05:16:45	scan	plugins/packaging-4/maven-source-plugin	24	ok	5.18	
2026-09-22 05:17:09	scan	plugins/packaging/maven-acr-plugin	24	ok	4.54	
2026-09-22 05:17:37	scan	plugins/packaging/maven-ear-plugin	28	ok	5.09	
2026-09-22 05:18:02	scan	plugins/packaging/maven-ejb-plugin	25	ok	4.85	
2026-09-22 05:18:26	scan	plugins/packaging/maven-jar-plugin	24	ok	4.66	
2026-09-22 05:18:50	scan	plugins/packaging/maven-jlink-plugin	24	ok	3.82	
2026-09-22 05:19:13	scan	plugins/packaging/maven-jmod-plugin	23	ok	4.56	
2026-09-22 05:19:36	scan	plugins/packaging/maven-rar-plugin	23	ok	4.39	
2026-09-22 05:20:07	scan	plugins/packaging/maven-shade-plugin	31	ok	5.31	
2026-09-22 05:20:31	scan	plugins/packaging/maven-source-plugin	24	ok	5.61	
2026-09-22 05:20:58	scan	plugins/packaging/maven-war-plugin	26	ok	4.74	
2026-09-22 05:21:37	scan	plugins/reporting/jxr	39	ok	4.44	
2026-09-22 05:22:01	scan	plugins/reporting/maven-changelog-plugin	24	ok	4.24	
2026-09-22 05:22:32	scan	plugins/reporting/maven-changes-plugin	30	ok	4.82	
2026-09-22 05:23:28	scan	plugins/reporting/maven-checkstyle-plugin	55	ok	4.32	
2026-09-22 05:24:02	scan	plugins/reporting/maven-doap-plugin	34	ok	4.37	
2026-09-22 05:24:35	scan	plugins/reporting/maven-javadoc-plugin	32	ok	3.91	
2026-09-22 05:24:59	scan	plugins/reporting/maven-jdeps-plugin	24	ok	3.96	
2026-09-22 05:26:05	scan	plugins/reporting/maven-pmd-plugin	65	ok	3.58	
2026-09-22 05:26:47	scan	plugins/reporting/maven-project-info-reports-plugin	42	ok	3.64	
2026-09-22 05:28:31	scan	plugins/tools/archetype	104	ok	3.29	
2026-09-22 05:29:24	scan	plugins/tools/enforcer	53	ok	2.54	
2026-09-22 05:29:47	scan	plugins/tools/maven-antrun-plugin	23	ok	2.84	
2026-09-22 05:30:10	scan	plugins/tools/maven-artifact-plugin	23	ok	3.74	
2026-09-22 05:30:41	scan	plugins/tools/maven-assembly-plugin	31	ok	4.13	
2026-09-22 05:31:19	scan	plugins/tools/maven-dependency-plugin	38	ok	5.28	
2026-09-22 05:31:50	scan	plugins/tools/maven-gpg-plugin	31	ok	4.79	
2026-09-22 05:32:22	scan	plugins/tools/maven-help-plugin	32	ok	5.14	
2026-09-22 05:32:49	scan	plugins/tools/maven-invoker-plugin	27	ok	4.42	
2026-09-22 05:33:14	scan	plugins/tools/maven-jarsigner-plugin	25	ok	4.60	
2026-09-22 05:33:38	scan	plugins/tools/maven-jdeprscan-plugin	24	ok	4.34	
2026-09-22 05:34:03	scan	plugins/tools/maven-remote-resources-plugin	25	ok	4.04	
2026-09-22 05:34:31	scan	plugins/tools/maven-scm-publish-plugin	28	ok	4.37	
2026-09-22 05:34:55	scan	plugins/tools/maven-scripting-plugin	24	ok	4.18	
2026-09-22 05:35:18	scan	plugins/tools/maven-toolchains-plugin	23	ok	4.06	
2026-09-22 05:36:26	scan	plugins/tools/plugin-tools	68	ok	4.05	
2026-09-22 05:37:29	scan	plugins/tools/release	63	ok	3.48	
2026-09-22 05:40:42	scan	plugins/tools/scm	193	ok	2.32	
2026-09-22 05:41:11	scan	shared-4/archiver	29	ok	3.22	
2026-09-22 05:41:42	scan	shared-4/filtering	31	ok	3.55	
2026-09-22 05:42:07	scan	shared/archiver	24	ok	3.93	
2026-09-22 05:42:31	scan	shared/common-artifact-filters	24	ok	3.93	
2026-09-22 05:42:55	scan	shared/dependency-analyzer	24	ok	4.78	
2026-09-22 05:43:18	scan	shared/dependency-tree	23	ok	4.05	
2026-09-22 05:43:41	scan	shared/file-management	23	ok	4.78	
2026-09-22 05:44:07	scan	shared/filtering	25	ok	5.97	
2026-09-22 05:45:57	scan	shared/invoker	110	ok	3.50	
2026-09-22 05:46:21	scan	shared/jarsigner	24	ok	3.67	
2026-09-22 05:46:43	scan	shared/mapping	22	ok	3.31	
2026-09-22 05:47:05	scan	shared/reporting-api	22	ok	3.47	
2026-09-22 05:47:28	scan	shared/reporting-exec	23	ok	3.40	
2026-09-22 05:47:51	scan	shared/reporting-impl	23	ok	3.74	
2026-09-22 05:48:14	scan	shared/script-interpreter	23	ok	3.58	
2026-09-22 05:48:37	scan	shared/shared-incremental	23	ok	3.97	
2026-09-22 05:49:01	scan	shared/shared-io	24	ok	3.70	
2026-09-22 05:49:29	scan	shared/shared-jar	28	ok	3.82	
2026-09-22 05:49:53	scan	shared/shared-resources	23	ok	3.65	
2026-09-22 05:50:20	scan	shared/shared-utils	27	ok	3.23	
2026-09-22 05:50:44	scan	shared/verifier	24	ok	3.75	
2026-09-22 05:52:29	scan	sisu/sisu-project	105	ok	6.14	
2026-09-22 05:52:57	scan	site	28	ok	5.96	
2026-09-22 05:53:34	scan	studies/maven-basedir-filesystem	37	ok	8.09	
2026-09-22 05:54:31	scan	studies/maven-ci-extension	57	ok	8.32	
2026-09-22 05:55:07	scan	studies/maven-default-plugins	36	ok	8.58	
2026-09-23 03:03:39	clean-install--fae--Dsurefire.rerunFailingTestsCount=2	core/3.x/its-3	142	ok	8.67	
2026-09-23 03:09:15	clean-install--fae--Dsurefire.rerunFailingTestsCount=2	core/3.x/maven-3	333	ok	4.64	
2026-09-23 03:22:52	clean-install--fae--Dsurefire.rerunFailingTestsCount=2	core/3.x/mvnd-1	796	failed	2.29	
2026-09-23 03:51:10	clean-install--fae--Dsurefire.rerunFailingTestsCount=2	core/maven	1683	ok	2.65	
2026-09-23 04:01:21	clean-install--fae--Dsurefire.rerunFailingTestsCount=2	core/maven-4.0.x	603	failed	2.34	
2026-09-23 04:14:52	clean-install--fae--Dsurefire.rerunFailingTestsCount=2	core/mvnd	773	failed	2.33	
2026-09-23 04:17:01	clean-install--fae--Dsurefire.rerunFailingTestsCount=2	core/wrapper	127	ok	4.01	
2026-09-23 04:20:21	clean-install--fae--Dsurefire.rerunFailingTestsCount=2	doxia/doxia	197	ok	3.69	
2026-09-23 04:22:56	clean-install--fae--Dsurefire.rerunFailingTestsCount=2	doxia/sitetools	154	ok	3.56	
2026-09-23 04:31:22	clean-install--fae--Dsurefire.rerunFailingTestsCount=2	misc/archetypes	493	ok	4.24	
2026-09-23 04:33:20	clean-install--fae--Dsurefire.rerunFailingTestsCount=2	misc/dist-tool	118	ok	3.87	
2026-09-23 04:34:38	clean-install--fae--Dsurefire.rerunFailingTestsCount=2	misc/skins/fluido	77	ok	5.00	
2026-09-23 04:48:12	clean-install--fae--Dsurefire.rerunFailingTestsCount=2	misc/wagon	810	ok	1.96	
2026-09-23 04:49:30	clean-install--fae--Dsurefire.rerunFailingTestsCount=2	plexus/components/archiver	78	ok	3.97	
2026-09-23 04:49:44	clean-install--fae--Dsurefire.rerunFailingTestsCount=2	plugins/core-4/maven-compiler-plugin	14	failed	3.97	
2026-09-23 04:50:02	clean-install--fae--Dsurefire.rerunFailingTestsCount=2	plugins/core-4/maven-deploy-plugin	17	failed	5.01	
2026-09-23 04:50:22	clean-install--fae--Dsurefire.rerunFailingTestsCount=2	plugins/core-4/maven-install-plugin	20	failed	4.65	
2026-09-23 04:51:34	clean-install--fae--Dsurefire.rerunFailingTestsCount=2	plugins/core-4/maven-resources-plugin	71	ok	3.54	
2026-09-23 04:53:32	clean-install--fae--Dsurefire.rerunFailingTestsCount=2	plugins/core/maven-compiler-plugin	117	ok	3.21	
2026-09-23 04:54:32	clean-install--fae--Dsurefire.rerunFailingTestsCount=2	plugins/core/maven-deploy-plugin	59	ok	3.57	
2026-09-23 04:56:19	clean-install--fae--Dsurefire.rerunFailingTestsCount=2	plugins/core/maven-install-plugin	106	ok	3.12	
2026-09-23 04:57:56	clean-install--fae--Dsurefire.rerunFailingTestsCount=2	plugins/core/maven-resources-plugin	96	ok	2.71	
2026-09-23 04:59:33	clean-install--fae--Dsurefire.rerunFailingTestsCount=2	plugins/core/maven-site-plugin	95	ok	3.55	
2026-09-23 05:09:04	clean-install--fae--Dsurefire.rerunFailingTestsCount=2	plugins/core/surefire	532	ok	6.36	
2026-09-23 05:10:05	clean-install--fae--Dsurefire.rerunFailingTestsCount=2	plugins/packaging/maven-acr-plugin	61	ok	6.00	
2026-09-23 05:11:54	clean-install--fae--Dsurefire.rerunFailingTestsCount=2	plugins/packaging/maven-ear-plugin	106	failed	3.84	
2026-09-23 05:13:25	clean-install--fae--Dsurefire.rerunFailingTestsCount=2	plugins/packaging/maven-jlink-plugin	90	ok	2.41	
2026-09-23 05:15:00	clean-install--fae--Dsurefire.rerunFailingTestsCount=2	plugins/packaging/maven-shade-plugin	94	ok	3.44	
2026-09-23 05:16:38	clean-install--fae--Dsurefire.rerunFailingTestsCount=2	plugins/reporting/jxr	96	ok	3.39	
2026-09-23 05:18:26	clean-install--fae--Dsurefire.rerunFailingTestsCount=2	plugins/reporting/maven-doap-plugin	108	ok	3.33	
2026-09-23 05:19:33	clean-install--fae--Dsurefire.rerunFailingTestsCount=2	plugins/reporting/maven-jdeps-plugin	66	ok	2.78	
2026-09-23 05:22:23	clean-install--fae--Dsurefire.rerunFailingTestsCount=2	plugins/reporting/maven-pmd-plugin	168	ok	2.64	
2026-09-23 05:24:41	clean-install--fae--Dsurefire.rerunFailingTestsCount=2	plugins/reporting/maven-project-info-reports-plugin	136	ok	3.40	
2026-09-23 05:27:16	clean-install--fae--Dsurefire.rerunFailingTestsCount=2	plugins/tools/archetype	152	ok	3.04	
2026-09-23 05:29:01	clean-install--fae--Dsurefire.rerunFailingTestsCount=2	plugins/tools/enforcer	104	ok	4.15	
2026-09-23 05:30:03	clean-install--fae--Dsurefire.rerunFailingTestsCount=2	plugins/tools/maven-antrun-plugin	61	ok	3.05	
2026-09-23 05:35:43	clean-install--fae--Dsurefire.rerunFailingTestsCount=2	plugins/tools/maven-dependency-plugin	338	ok	3.17	
2026-09-23 05:37:40	clean-install--fae--Dsurefire.rerunFailingTestsCount=2	plugins/tools/maven-help-plugin	116	ok	4.45	
2026-09-23 05:40:02	clean-install--fae--Dsurefire.rerunFailingTestsCount=2	plugins/tools/maven-invoker-plugin	140	ok	4.25	
2026-09-23 05:42:01	clean-install--fae--Dsurefire.rerunFailingTestsCount=2	plugins/tools/maven-jarsigner-plugin	118	ok	3.38	
2026-09-23 05:43:19	clean-install--fae--Dsurefire.rerunFailingTestsCount=2	plugins/tools/maven-scm-publish-plugin	77	ok	3.51	
2026-09-23 05:43:51	clean-install--fae--Dsurefire.rerunFailingTestsCount=2	plugins/tools/maven-scripting-plugin	32	ok	4.36	
2026-09-23 05:44:18	clean-install--fae--Dsurefire.rerunFailingTestsCount=2	plugins/tools/maven-toolchains-plugin	26	ok	5.15	
2026-09-23 05:45:19	clean-install--fae--Dsurefire.rerunFailingTestsCount=2	plugins/tools/plugin-tools	60	ok	4.58	
2026-09-23 05:48:16	clean-install--fae--Dsurefire.rerunFailingTestsCount=2	plugins/tools/release	175	ok	4.74	
2026-09-23 06:04:16	clean-install--fae--Dsurefire.rerunFailingTestsCount=2	plugins/tools/scm	956	ok	6.33	
2026-09-23 06:06:22	clean-install--fae--Dsurefire.rerunFailingTestsCount=2	shared-4/archiver	125	ok	6.29	
2026-09-23 06:08:18	clean-install--fae--Dsurefire.rerunFailingTestsCount=2	shared-4/filtering	115	ok	3.62	
2026-09-23 06:10:23	clean-install--fae--Dsurefire.rerunFailingTestsCount=2	shared/archiver	124	ok	8.97	
2026-09-23 06:12:34	clean-install--fae--Dsurefire.rerunFailingTestsCount=2	shared/common-artifact-filters	130	ok	4.73	
2026-09-23 06:14:43	clean-install--fae--Dsurefire.rerunFailingTestsCount=2	shared/dependency-analyzer	128	ok	4.73	
2026-09-23 06:16:19	clean-install--fae--Dsurefire.rerunFailingTestsCount=2	shared/dependency-tree	95	ok	6.17	
2026-09-23 06:18:49	clean-install--fae--Dsurefire.rerunFailingTestsCount=2	shared/filtering	149	ok	6.51	
2026-09-23 06:20:39	clean-install--fae--Dsurefire.rerunFailingTestsCount=2	shared/jarsigner	109	ok	5.95	
2026-09-23 06:22:03	clean-install--fae--Dsurefire.rerunFailingTestsCount=2	shared/mapping	83	ok	4.94	
2026-09-23 06:23:19	clean-install--fae--Dsurefire.rerunFailingTestsCount=2	shared/reporting-api	75	ok	5.55	
2026-09-23 06:31:09	clean-install--fae--Dsurefire.rerunFailingTestsCount=2	shared/reporting-exec	462	ok	5.83	
2026-09-23 06:32:33	clean-install--fae--Dsurefire.rerunFailingTestsCount=2	shared/shared-incremental	83	ok	5.28	
2026-09-23 06:33:47	clean-install--fae--Dsurefire.rerunFailingTestsCount=2	shared/shared-resources	73	ok	5.43	
2026-09-23 06:38:10	clean-install--fae--Dsurefire.rerunFailingTestsCount=2	shared/shared-utils	261	ok	3.56	
2026-09-23 06:38:46	clean-install--fae--Dsurefire.rerunFailingTestsCount=2	site	36	ok	3.61	
2026-09-23 07:08:47	scan	core/3.x/its-3	1757	ok	1.87	
2026-09-23 07:23:07	scan	core/3.x/maven-3	860	ok	3.50	
2026-09-23 07:29:22	scan	core/3.x/mvnd-1	375	ok	2.51	
2026-09-23 07:32:21	scan	core/build-cache	179	ok	3.91	
2026-09-23 07:56:53	scan	core/maven	1472	ok	3.06	
2026-09-23 08:23:50	scan	core/maven-4.0.x	1616	ok	2.88	
2026-09-23 08:26:22	scan	core/mvnd	152	ok	1.72	
2026-09-23 08:34:36	scan	core/resolver	494	ok	3.03	
2026-09-23 08:38:36	scan	core/resolver-ant-tasks	239	ok	2.76	
2026-09-23 08:43:59	scan	core/wrapper	322	ok	1.70	
2026-09-23 08:48:42	scan	doxia/doxia	283	ok	2.46	
2026-09-23 08:56:10	scan	doxia/sitetools	447	ok	2.43	
2026-09-23 08:57:42	scan	doxia/tools/converter	92	ok	3.70	
2026-09-23 09:06:39	scan	misc/archetypes	536	ok	3.10	
2026-09-23 09:13:09	scan	misc/dist-tool	390	ok	2.48	
2026-09-23 09:22:12	scan	misc/executor	542	ok	2.21	
2026-09-23 09:23:32	scan	misc/gh-actions-shared/v5	80	ok	2.49	
2026-09-23 09:33:28	scan	misc/indexer	595	ok	2.53	
2026-09-23 09:35:31	scan	misc/pom/apache	123	ok	2.56	
2026-09-23 09:38:26	scan	misc/pom/apache-resources	174	ok	3.73	
2026-09-23 09:41:35	scan	misc/pom/maven	189	ok	3.00	
2026-09-23 09:42:54	scan	misc/skins/fluido	79	ok	2.95	
2026-09-23 09:53:08	scan	misc/wagon	613	ok	3.31	
2026-09-23 09:55:13	scan	plexus/build-api	125	ok	4.10	
2026-09-23 09:58:06	scan	plexus/classworlds	172	ok	4.34	
2026-09-23 10:00:02	scan	plexus/codehaus-plexus.github.io	115	ok	3.20	
2026-09-23 10:03:30	scan	plexus/components/archiver	208	ok	5.15	
2026-09-23 10:17:30	scan	plexus/components/compiler	840	ok	1.32	
2026-09-23 10:18:34	scan	plexus/components/i18n	64	ok	2.28	
2026-09-23 10:19:50	scan	plexus/components/interactivity	76	ok	2.74	
2026-09-23 10:21:14	scan	plexus/components/interpolation	83	ok	2.74	
2026-09-23 10:22:45	scan	plexus/components/io	91	ok	3.58	
2026-09-23 10:24:57	scan	plexus/components/languages	132	ok	3.76	
2026-09-23 10:26:31	scan	plexus/components/resources	94	ok	3.37	
2026-09-23 10:28:07	scan	plexus/components/sec-dispatcher	96	ok	3.57	
2026-09-23 10:29:36	scan	plexus/components/velocity	89	ok	2.89	
2026-09-23 10:35:37	scan	plexus/modello	361	ok	1.81	
2026-09-23 10:36:48	scan	plexus/pom/plexus	71	ok	4.10	
2026-09-23 10:37:59	scan	plexus/testing	70	ok	3.44	
2026-09-23 10:39:33	scan	plexus/utils	94	ok	4.31	
2026-09-23 10:42:43	scan	plexus/xml	189	ok	2.01	
2026-09-23 10:48:27	scan	plugins/core-4/maven-clean-plugin	343	ok	2.00	
2026-09-23 10:49:52	scan	plugins/core-4/maven-compiler-plugin	84	ok	3.54	
2026-09-23 10:52:34	scan	plugins/core-4/maven-deploy-plugin	161	ok	2.82	
2026-09-23 10:54:07	scan	plugins/core-4/maven-install-plugin	92	ok	3.81	
2026-09-23 10:59:31	scan	plugins/core-4/maven-resources-plugin	324	ok	2.23	
2026-09-23 11:01:51	scan	plugins/core/maven-clean-plugin	140	ok	3.85	
2026-09-23 11:03:30	scan	plugins/core/maven-compiler-plugin	99	ok	3.89	
2026-09-23 11:05:15	scan	plugins/core/maven-deploy-plugin	104	ok	3.09	
2026-09-23 11:07:28	scan	plugins/core/maven-install-plugin	133	ok	3.05	
2026-09-23 11:09:10	scan	plugins/core/maven-resources-plugin	102	ok	9.51	
2026-09-23 11:12:24	scan	plugins/core/maven-site-plugin	193	ok	2.66	
2026-09-23 11:19:50	scan	plugins/core/surefire	445	ok	2.34	
2026-09-23 11:21:02	scan	plugins/packaging-4/maven-jar-plugin	72	ok	5.49	
2026-09-23 11:23:08	scan	plugins/packaging-4/maven-source-plugin	126	ok	2.91	
2026-09-23 11:24:39	scan	plugins/packaging/maven-acr-plugin	90	ok	4.01	
2026-09-23 11:26:51	scan	plugins/packaging/maven-ear-plugin	132	ok	3.01	
2026-09-23 11:28:35	scan	plugins/packaging/maven-ejb-plugin	103	ok	4.35	
2026-09-23 11:30:23	scan	plugins/packaging/maven-jar-plugin	108	ok	3.58	
2026-09-23 11:32:26	scan	plugins/packaging/maven-jlink-plugin	122	ok	3.34	
2026-09-23 11:33:52	scan	plugins/packaging/maven-jmod-plugin	86	ok	3.02	
2026-09-23 11:35:28	scan	plugins/packaging/maven-rar-plugin	96	ok	2.41	
2026-09-23 11:37:38	scan	plugins/packaging/maven-shade-plugin	130	ok	3.70	
2026-09-23 11:39:01	scan	plugins/packaging/maven-source-plugin	83	ok	3.17	
2026-09-23 11:40:51	scan	plugins/packaging/maven-war-plugin	110	ok	4.47	
2026-09-23 11:43:26	scan	plugins/reporting/jxr	155	ok	2.95	
2026-09-23 11:46:05	scan	plugins/reporting/maven-changelog-plugin	158	ok	2.81	
2026-09-23 11:49:37	scan	plugins/reporting/maven-changes-plugin	211	ok	3.54	
2026-09-23 11:54:18	scan	plugins/reporting/maven-checkstyle-plugin	281	ok	2.25	
2026-09-23 11:57:14	scan	plugins/reporting/maven-doap-plugin	176	ok	3.85	
2026-09-23 12:00:30	scan	plugins/reporting/maven-javadoc-plugin	195	ok	2.50	
2026-09-23 12:02:33	scan	plugins/reporting/maven-jdeps-plugin	123	ok	3.21	
2026-09-23 12:07:46	scan	plugins/reporting/maven-pmd-plugin	313	ok	3.48	
2026-09-23 12:10:38	scan	plugins/reporting/maven-project-info-reports-plugin	172	ok	2.58	
2026-09-23 12:19:05	scan	plugins/tools/archetype	506	ok	1.87	
2026-09-23 12:22:36	scan	plugins/tools/enforcer	211	ok	2.79	
2026-09-23 12:24:42	scan	plugins/tools/maven-antrun-plugin	125	ok	4.17	
2026-09-23 12:26:26	scan	plugins/tools/maven-artifact-plugin	104	ok	4.44	
2026-09-23 12:29:09	scan	plugins/tools/maven-assembly-plugin	163	ok	2.69	
2026-09-23 12:31:57	scan	plugins/tools/maven-dependency-plugin	168	ok	3.72	
2026-09-23 12:33:59	scan	plugins/tools/maven-gpg-plugin	122	ok	3.68	
2026-09-23 12:36:09	scan	plugins/tools/maven-help-plugin	130	ok	3.99	
2026-09-23 12:37:59	scan	plugins/tools/maven-invoker-plugin	109	ok	3.64	
2026-09-23 12:39:26	scan	plugins/tools/maven-jarsigner-plugin	87	ok	3.56	
2026-09-23 12:40:53	scan	plugins/tools/maven-jdeprscan-plugin	87	ok	2.99	
2026-09-23 12:42:23	scan	plugins/tools/maven-remote-resources-plugin	90	ok	3.13	
2026-09-23 12:44:57	scan	plugins/tools/maven-scm-publish-plugin	154	ok	3.00	
2026-09-23 12:47:31	scan	plugins/tools/maven-scripting-plugin	153	ok	1.93	
2026-09-23 12:50:08	scan	plugins/tools/maven-toolchains-plugin	155	ok	2.38	
2026-09-23 12:53:14	scan	plugins/tools/plugin-tools	186	ok	2.99	
2026-09-23 12:57:31	scan	plugins/tools/release	257	ok	2.09	
2026-09-23 13:07:34	scan	plugins/tools/scm	602	ok	1.91	
2026-09-23 13:09:09	scan	shared-4/archiver	95	ok	3.27	
2026-09-23 13:12:02	scan	shared-4/filtering	173	ok	2.75	
2026-09-23 13:13:49	scan	shared/archiver	107	ok	2.52	
2026-09-23 13:16:13	scan	shared/common-artifact-filters	143	ok	2.87	
2026-09-23 13:18:09	scan	shared/dependency-analyzer	115	ok	3.13	
2026-09-23 13:19:56	scan	shared/dependency-tree	106	ok	2.33	
2026-09-23 13:21:36	scan	shared/file-management	100	ok	4.17	
2026-09-23 13:23:06	scan	shared/filtering	90	ok	3.36	
2026-09-23 13:32:19	scan	shared/invoker	552	ok	3.10	
2026-09-23 13:33:26	scan	shared/jarsigner	66	ok	3.34	
2026-09-23 13:34:44	scan	shared/mapping	78	ok	2.70	
2026-09-23 13:36:13	scan	shared/reporting-api	89	ok	2.53	
2026-09-23 13:37:55	scan	shared/reporting-exec	101	ok	2.53	
2026-09-23 13:39:19	scan	shared/reporting-impl	84	ok	2.76	
2026-09-23 13:40:39	scan	shared/script-interpreter	79	ok	2.97	
2026-09-23 13:42:03	scan	shared/shared-incremental	84	ok	3.00	
2026-09-23 13:43:28	scan	shared/shared-io	84	ok	3.20	
2026-09-23 13:46:28	scan	shared/shared-jar	180	ok	2.77	
2026-09-23 13:48:59	scan	shared/shared-resources	150	ok	2.26	
2026-09-23 13:50:49	scan	shared/shared-utils	110	ok	5.86	
2026-09-23 13:52:22	scan	shared/verifier	92	ok	3.25	
2026-09-23 13:59:18	scan	sisu/sisu-project	416	ok	1.96	
2026-09-23 14:00:58	scan	site	100	ok	2.70	
2026-09-23 14:02:57	scan	studies/maven-basedir-filesystem	119	ok	3.95	
2026-09-23 14:06:13	scan	studies/maven-ci-extension	195	ok	2.97	
2026-09-23 14:08:16	scan	studies/maven-default-plugins	123	ok	3.74	
2026-09-24 03:02:03	clean-install--fae--Dsurefire.rerunFailingTestsCount=2	core/3.x/maven-3	46	failed	4.78	
2026-09-24 03:03:42	clean-install--fae--Dsurefire.rerunFailingTestsCount=2	core/build-cache	97	ok	7.98	
2026-09-24 03:35:53	clean-install--fae--Dsurefire.rerunFailingTestsCount=2	core/maven	1916	ok	3.22	
2026-09-24 03:38:54	clean-install--fae--Dsurefire.rerunFailingTestsCount=2	core/maven-4.0.x	168	failed	6.03	
2026-09-24 03:56:25	clean-install--fae--Dsurefire.rerunFailingTestsCount=2	core/resolver	1041	ok	6.36	
2026-09-24 04:00:05	clean-install--fae--Dsurefire.rerunFailingTestsCount=2	core/resolver-ant-tasks	219	ok	3.42	
2026-09-24 04:01:16	clean-install--fae--Dsurefire.rerunFailingTestsCount=2	core/wrapper	68	ok	5.76	
2026-09-24 04:02:13	clean-install--fae--Dsurefire.rerunFailingTestsCount=2	doxia/tools/converter	57	ok	5.42	
2026-09-24 04:08:49	clean-install--fae--Dsurefire.rerunFailingTestsCount=2	misc/executor	392	ok	5.07	
2026-09-24 04:09:19	clean-install--fae--Dsurefire.rerunFailingTestsCount=2	misc/gh-actions-shared/v5	29	ok	5.21	
2026-09-24 04:18:08	clean-install--fae--Dsurefire.rerunFailingTestsCount=2	misc/indexer	509	ok	3.00	
2026-09-24 04:18:52	clean-install--fae--Dsurefire.rerunFailingTestsCount=2	misc/pom/apache-resources	43	ok	3.52	
2026-09-24 04:19:12	clean-install--fae--Dsurefire.rerunFailingTestsCount=2	plugins/core-4/maven-clean-plugin	20	failed	5.38	
2026-09-24 04:19:33	clean-install--fae--Dsurefire.rerunFailingTestsCount=2	plugins/core-4/maven-compiler-plugin	20	failed	4.90	
2026-09-24 04:19:57	clean-install--fae--Dsurefire.rerunFailingTestsCount=2	plugins/core-4/maven-deploy-plugin	23	failed	4.71	
2026-09-24 04:20:22	clean-install--fae--Dsurefire.rerunFailingTestsCount=2	plugins/core-4/maven-install-plugin	25	failed	5.10	
2026-09-24 04:21:28	clean-install--fae--Dsurefire.rerunFailingTestsCount=2	plugins/core-4/maven-resources-plugin	65	failed	3.78	
2026-09-24 04:21:57	clean-install--fae--Dsurefire.rerunFailingTestsCount=2	plugins/core/maven-clean-plugin	29	failed	4.04	
2026-09-24 04:23:23	clean-install--fae--Dsurefire.rerunFailingTestsCount=2	plugins/core/maven-compiler-plugin	84	failed	3.07	
2026-09-24 04:24:36	clean-install--fae--Dsurefire.rerunFailingTestsCount=2	plugins/core/maven-deploy-plugin	72	ok	4.08	
2026-09-24 04:25:28	clean-install--fae--Dsurefire.rerunFailingTestsCount=2	plugins/core/maven-install-plugin	52	failed	3.21	
2026-09-24 04:26:20	clean-install--fae--Dsurefire.rerunFailingTestsCount=2	plugins/core/maven-resources-plugin	51	failed	3.68	
2026-09-24 04:37:26	clean-install--fae--Dsurefire.rerunFailingTestsCount=2	plugins/core/surefire	622	ok	3.09	
2026-09-24 04:38:32	clean-install--fae--Dsurefire.rerunFailingTestsCount=2	plugins/packaging-4/maven-jar-plugin	66	failed	3.41	
2026-09-24 04:39:47	clean-install--fae--Dsurefire.rerunFailingTestsCount=2	plugins/packaging-4/maven-source-plugin	74	ok	2.75	
2026-09-24 04:41:02	clean-install--fae--Dsurefire.rerunFailingTestsCount=2	plugins/packaging/maven-ejb-plugin	74	ok	3.66	
2026-09-24 04:42:14	clean-install--fae--Dsurefire.rerunFailingTestsCount=2	plugins/packaging/maven-jar-plugin	71	failed	2.75	
2026-09-24 04:43:15	clean-install--fae--Dsurefire.rerunFailingTestsCount=2	plugins/packaging/maven-jlink-plugin	60	failed	3.37	
2026-09-24 04:44:08	clean-install--fae--Dsurefire.rerunFailingTestsCount=2	plugins/packaging/maven-jmod-plugin	52	ok	2.92	
2026-09-24 04:45:15	clean-install--fae--Dsurefire.rerunFailingTestsCount=2	plugins/packaging/maven-rar-plugin	66	ok	2.87	
2026-09-24 04:46:58	clean-install--fae--Dsurefire.rerunFailingTestsCount=2	plugins/packaging/maven-shade-plugin	101	ok	3.52	
2026-09-24 04:48:41	clean-install--fae--Dsurefire.rerunFailingTestsCount=2	plugins/packaging/maven-source-plugin	102	ok	2.82	
2026-09-24 04:51:41	clean-install--fae--Dsurefire.rerunFailingTestsCount=2	plugins/packaging/maven-war-plugin	174	ok	2.93	
2026-09-24 04:53:47	clean-install--fae--Dsurefire.rerunFailingTestsCount=2	plugins/reporting/maven-changelog-plugin	123	ok	4.53	
2026-09-24 04:55:00	clean-install--fae--Dsurefire.rerunFailingTestsCount=2	plugins/reporting/maven-changes-plugin	72	failed	5.13	
2026-09-24 04:57:27	clean-install--fae--Dsurefire.rerunFailingTestsCount=2	plugins/reporting/maven-checkstyle-plugin	146	ok	3.69	
2026-09-24 05:03:33	clean-install--fae--Dsurefire.rerunFailingTestsCount=2	plugins/reporting/maven-javadoc-plugin	361	ok	4.64	
2026-09-24 05:04:10	clean-install--fae--Dsurefire.rerunFailingTestsCount=2	plugins/reporting/maven-jdeps-plugin	36	failed	5.09	
2026-09-24 05:05:11	clean-install--fae--Dsurefire.rerunFailingTestsCount=2	plugins/tools/maven-artifact-plugin	60	ok	4.59	
2026-09-24 05:06:58	clean-install--fae--Dsurefire.rerunFailingTestsCount=2	plugins/tools/maven-assembly-plugin	105	ok	4.84	
2026-09-24 05:11:43	clean-install--fae--Dsurefire.rerunFailingTestsCount=2	plugins/tools/maven-dependency-plugin	283	ok	2.81	
2026-09-24 05:13:13	clean-install--fae--Dsurefire.rerunFailingTestsCount=2	plugins/tools/maven-gpg-plugin	90	ok	4.21	
2026-09-24 05:14:18	clean-install--fae--Dsurefire.rerunFailingTestsCount=2	plugins/tools/maven-help-plugin	64	ok	4.13	
2026-09-24 05:15:27	clean-install--fae--Dsurefire.rerunFailingTestsCount=2	plugins/tools/maven-jdeprscan-plugin	69	ok	4.09	
2026-09-24 05:17:11	clean-install--fae--Dsurefire.rerunFailingTestsCount=2	plugins/tools/maven-remote-resources-plugin	103	ok	3.90	
2026-09-24 05:18:26	clean-install--fae--Dsurefire.rerunFailingTestsCount=2	plugins/tools/maven-toolchains-plugin	75	ok	3.57	
2026-09-24 05:21:09	clean-install--fae--Dsurefire.rerunFailingTestsCount=2	plugins/tools/plugin-tools	160	ok	3.96	
2026-09-24 05:27:06	clean-install--fae--Dsurefire.rerunFailingTestsCount=2	plugins/tools/release	352	ok	2.98	
2026-09-24 05:28:09	clean-install--fae--Dsurefire.rerunFailingTestsCount=2	shared-4/filtering	62	ok	4.49	
2026-09-24 05:28:53	clean-install--fae--Dsurefire.rerunFailingTestsCount=2	shared/file-management	43	ok	4.32	
2026-09-24 05:30:49	clean-install--fae--Dsurefire.rerunFailingTestsCount=2	shared/filtering	115	ok	3.85	
2026-09-24 05:36:55	clean-install--fae--Dsurefire.rerunFailingTestsCount=2	shared/invoker	365	ok	4.99	
2026-09-24 05:44:02	clean-install--fae--Dsurefire.rerunFailingTestsCount=2	shared/reporting-impl	422	ok	2.71	
2026-09-24 05:44:32	clean-install--fae--Dsurefire.rerunFailingTestsCount=2	shared/script-interpreter	30	ok	4.43	
2026-09-24 05:45:00	clean-install--fae--Dsurefire.rerunFailingTestsCount=2	shared/shared-jar	27	ok	4.44	
2026-09-24 05:45:12	clean-install--fae--Dsurefire.rerunFailingTestsCount=2	shared/shared-resources	12	failed	4.98	
2026-09-24 05:45:58	clean-install--fae--Dsurefire.rerunFailingTestsCount=2	shared/verifier	46	ok	3.96	
2026-09-24 06:31:46	scan	core/3.x/its-3	2682	ok	3.57	
2026-09-24 06:56:11	scan	core/3.x/maven-3	1464	ok	3.08	
2026-09-24 07:02:33	scan	core/3.x/mvnd-1	381	ok	3.09	
2026-09-24 07:05:40	scan	core/build-cache	187	ok	3.36	
2026-09-24 07:28:33	scan	core/maven	1373	ok	2.32	
2026-09-24 07:56:37	scan	core/maven-4.0.x	1683	ok	2.23	
2026-09-24 08:03:52	scan	core/mvnd	434	ok	2.39	
2026-09-24 08:21:44	scan	core/resolver	1072	ok	2.75	
2026-09-24 08:25:28	scan	core/resolver-ant-tasks	223	ok	2.77	
2026-09-24 08:32:03	scan	core/wrapper	395	ok	2.78	
2026-09-24 08:39:02	scan	doxia/doxia	419	ok	3.38	
2026-09-24 08:51:30	scan	doxia/sitetools	748	ok	2.29	
2026-09-24 08:55:04	scan	doxia/tools/converter	213	ok	4.39	
2026-09-24 09:14:57	scan	misc/archetypes	1192	ok	1.72	
2026-09-24 09:24:43	scan	misc/dist-tool	584	ok	2.46	
2026-09-24 09:36:24	scan	misc/executor	701	ok	2.38	
2026-09-24 09:38:25	scan	misc/gh-actions-shared/v5	120	ok	2.74	
2026-09-24 09:50:16	scan	misc/indexer	710	ok	3.78	
2026-09-24 09:51:52	scan	misc/pom/apache	96	ok	2.52	
2026-09-24 09:55:32	scan	misc/pom/apache-resources	220	ok	2.66	
2026-09-24 10:00:08	scan	misc/pom/maven	276	ok	1.96	
2026-09-24 10:01:32	scan	misc/skins/fluido	84	ok	2.49	
2026-09-24 10:12:43	scan	misc/wagon	670	ok	2.42	
2026-09-24 10:14:46	scan	plexus/build-api	122	ok	3.09	
2026-09-24 10:16:48	scan	plexus/classworlds	122	ok	4.57	
2026-09-24 10:18:48	scan	plexus/codehaus-plexus.github.io	119	ok	2.78	
2026-09-24 10:21:50	scan	plexus/components/archiver	181	ok	3.17	
2026-09-24 10:36:48	scan	plexus/components/compiler	897	ok	2.23	
2026-09-24 10:38:40	scan	plexus/components/i18n	112	ok	2.98	
2026-09-24 10:40:30	scan	plexus/components/interactivity	110	ok	3.44	
2026-09-24 10:42:28	scan	plexus/components/interpolation	118	ok	3.80	
2026-09-24 10:45:04	scan	plexus/components/io	155	ok	3.39	
2026-09-24 10:47:34	scan	plexus/components/languages	150	ok	4.61	
2026-09-24 10:50:01	scan	plexus/components/resources	147	ok	3.66	
2026-09-24 10:53:14	scan	plexus/components/sec-dispatcher	192	ok	2.75	
2026-09-24 10:55:25	scan	plexus/components/velocity	130	ok	3.69	
2026-09-24 11:04:46	scan	plexus/modello	560	ok	1.59	
2026-09-24 11:07:04	scan	plexus/pom/plexus	137	ok	3.13	
2026-09-24 11:08:52	scan	plexus/testing	107	ok	3.92	
2026-09-24 11:11:51	scan	plexus/utils	178	ok	3.82	
2026-09-24 11:15:42	scan	plexus/xml	231	ok	3.37	
2026-09-24 11:21:27	scan	plugins/core-4/maven-clean-plugin	344	ok	3.00	
2026-09-24 11:23:44	scan	plugins/core-4/maven-compiler-plugin	137	ok	3.52	
2026-09-24 11:26:30	scan	plugins/core-4/maven-deploy-plugin	166	ok	5.11	
2026-09-24 11:28:25	scan	plugins/core-4/maven-install-plugin	113	ok	3.75	
2026-09-24 11:34:08	scan	plugins/core-4/maven-resources-plugin	343	ok	2.27	
2026-09-24 11:36:24	scan	plugins/core/maven-clean-plugin	135	ok	3.45	
2026-09-24 11:38:51	scan	plugins/core/maven-compiler-plugin	146	ok	3.20	
2026-09-24 11:40:50	scan	plugins/core/maven-deploy-plugin	119	ok	4.17	
2026-09-24 11:42:49	scan	plugins/core/maven-install-plugin	119	ok	3.83	
2026-09-24 11:45:03	scan	plugins/core/maven-resources-plugin	133	ok	3.67	
2026-09-24 11:47:29	scan	plugins/core/maven-site-plugin	146	ok	3.95	
2026-09-24 11:57:26	scan	plugins/core/surefire	597	ok	2.34	
2026-09-24 11:59:32	scan	plugins/packaging-4/maven-jar-plugin	125	ok	3.98	
2026-09-24 12:01:34	scan	plugins/packaging-4/maven-source-plugin	121	ok	4.34	
2026-09-24 12:03:39	scan	plugins/packaging/maven-acr-plugin	125	ok	3.91	
2026-09-24 12:06:50	scan	plugins/packaging/maven-ear-plugin	190	ok	2.93	
2026-09-24 12:08:58	scan	plugins/packaging/maven-ejb-plugin	127	ok	3.49	
2026-09-24 12:10:54	scan	plugins/packaging/maven-jar-plugin	116	ok	3.94	
2026-09-24 12:13:19	scan	plugins/packaging/maven-jlink-plugin	145	ok	2.87	
2026-09-24 12:15:14	scan	plugins/packaging/maven-jmod-plugin	113	ok	3.26	
2026-09-24 12:17:16	scan	plugins/packaging/maven-rar-plugin	122	ok	4.34	
2026-09-24 12:21:04	scan	plugins/packaging/maven-shade-plugin	228	ok	5.56	
2026-09-24 12:22:55	scan	plugins/packaging/maven-source-plugin	111	ok	3.61	
2026-09-24 12:25:34	scan	plugins/packaging/maven-war-plugin	158	ok	2.95	
2026-09-24 12:28:31	scan	plugins/reporting/jxr	177	ok	2.58	
2026-09-24 12:31:18	scan	plugins/reporting/maven-changelog-plugin	166	ok	3.98	
2026-09-24 12:33:58	scan	plugins/reporting/maven-changes-plugin	159	ok	2.54	
2026-09-24 12:38:48	scan	plugins/reporting/maven-checkstyle-plugin	289	ok	2.61	
2026-09-24 12:41:01	scan	plugins/reporting/maven-doap-plugin	132	ok	5.01	
2026-09-24 12:44:38	scan	plugins/reporting/maven-javadoc-plugin	217	ok	3.00	
2026-09-24 12:46:33	scan	plugins/reporting/maven-jdeps-plugin	115	ok	3.08	
2026-09-24 12:54:06	scan	plugins/reporting/maven-pmd-plugin	452	ok	2.92	
2026-09-24 12:58:58	scan	plugins/reporting/maven-project-info-reports-plugin	290	ok	2.64	
2026-09-24 13:07:26	scan	plugins/tools/archetype	507	ok	3.07	
2026-09-24 13:11:57	scan	plugins/tools/enforcer	271	ok	2.00	
2026-09-24 13:13:39	scan	plugins/tools/maven-antrun-plugin	102	ok	2.09	
2026-09-24 13:15:29	scan	plugins/tools/maven-artifact-plugin	109	ok	3.40	
2026-09-24 13:17:47	scan	plugins/tools/maven-assembly-plugin	138	ok	3.43	
2026-09-24 13:21:15	scan	plugins/tools/maven-dependency-plugin	207	ok	4.11	
2026-09-24 13:24:31	scan	plugins/tools/maven-gpg-plugin	196	ok	3.40	
2026-09-24 13:27:32	scan	plugins/tools/maven-help-plugin	181	ok	3.49	
2026-09-24 13:29:58	scan	plugins/tools/maven-invoker-plugin	146	ok	2.86	
2026-09-24 13:32:09	scan	plugins/tools/maven-jarsigner-plugin	130	ok	2.71	
2026-09-24 13:34:17	scan	plugins/tools/maven-jdeprscan-plugin	128	ok	3.12	
2026-09-24 13:36:20	scan	plugins/tools/maven-remote-resources-plugin	123	ok	2.67	
2026-09-24 13:39:02	scan	plugins/tools/maven-scm-publish-plugin	162	ok	3.52	
2026-09-24 13:40:39	scan	plugins/tools/maven-scripting-plugin	97	ok	3.48	
2026-09-24 13:42:30	scan	plugins/tools/maven-toolchains-plugin	111	ok	3.35	
2026-09-24 13:48:41	scan	plugins/tools/plugin-tools	371	ok	1.83	
2026-09-24 13:55:50	scan	plugins/tools/release	428	ok	2.88	
2026-09-24 14:15:23	scan	plugins/tools/scm	1173	ok	5.32	
2026-09-24 14:19:54	scan	shared-4/archiver	270	ok	3.39	
2026-09-24 14:23:34	scan	shared-4/filtering	219	ok	3.03	
2026-09-24 14:24:24	scan	shared/archiver	49	ok	3.98	
2026-09-24 14:25:25	scan	shared/common-artifact-filters	61	ok	4.80	
2026-09-24 14:27:29	scan	shared/dependency-analyzer	123	ok	4.35	
2026-09-24 14:28:28	scan	shared/dependency-tree	58	ok	5.11	
2026-09-24 14:29:47	scan	shared/file-management	79	ok	3.93	
2026-09-24 14:31:22	scan	shared/filtering	94	ok	3.32	
2026-09-24 14:42:55	scan	shared/invoker	692	ok	4.21	
2026-09-24 14:45:30	scan	shared/jarsigner	154	ok	4.61	
2026-09-24 14:47:44	scan	shared/mapping	133	ok	3.04	
2026-09-24 14:50:06	scan	shared/reporting-api	141	ok	3.99	
2026-09-24 14:52:52	scan	shared/reporting-exec	166	ok	3.72	
2026-09-24 14:56:20	scan	shared/reporting-impl	207	ok	6.31	
2026-09-24 14:59:24	scan	shared/script-interpreter	183	ok	4.01	
2026-09-24 15:02:07	scan	shared/shared-incremental	162	ok	3.29	
2026-09-24 15:03:55	scan	shared/shared-io	108	ok	3.87	
2026-09-24 15:07:16	scan	shared/shared-jar	201	ok	4.72	
2026-09-24 15:09:15	scan	shared/shared-resources	119	ok	4.40	
2026-09-24 15:12:26	scan	shared/shared-utils	189	ok	4.63	
2026-09-24 15:14:42	scan	shared/verifier	136	ok	4.58	
2026-09-24 15:24:08	scan	sisu/sisu-project	565	ok	2.88	
2026-09-24 15:27:02	scan	site	174	ok	3.40	
2026-09-24 15:29:50	scan	studies/maven-basedir-filesystem	168	ok	4.36	
2026-09-24 15:34:31	scan	studies/maven-ci-extension	280	ok	4.05	
2026-09-24 15:36:55	scan	studies/maven-default-plugins	143	ok	2.77	
2026-09-25 03:01:51	clean-install--fae--Dsurefire.rerunFailingTestsCount=2	core/3.x/maven-3	33	failed	4.86	
2026-09-25 03:02:40	clean-install--fae--Dsurefire.rerunFailingTestsCount=2	core/build-cache	48	ok	7.09	
2026-09-25 03:31:41	clean-install--fae--Dsurefire.rerunFailingTestsCount=2	core/maven	1733	ok	2.33	
2026-09-25 03:33:06	clean-install--fae--Dsurefire.rerunFailingTestsCount=2	core/maven-4.0.x	78	failed	3.87	
2026-09-25 03:50:33	clean-install--fae--Dsurefire.rerunFailingTestsCount=2	core/resolver	1038	ok	2.57	
2026-09-25 03:52:48	clean-install--fae--Dsurefire.rerunFailingTestsCount=2	core/resolver-ant-tasks	133	ok	3.19	
2026-09-25 03:55:36	clean-install--fae--Dsurefire.rerunFailingTestsCount=2	doxia/doxia	165	ok	3.95	
2026-09-25 03:58:18	clean-install--fae--Dsurefire.rerunFailingTestsCount=2	doxia/sitetools	161	ok	2.02	
2026-09-25 03:59:37	clean-install--fae--Dsurefire.rerunFailingTestsCount=2	doxia/tools/converter	78	ok	4.66	
2026-09-25 04:11:09	clean-install--fae--Dsurefire.rerunFailingTestsCount=2	misc/executor	686	failed	3.51	
2026-09-25 04:20:19	clean-install--fae--Dsurefire.rerunFailingTestsCount=2	misc/indexer	539	ok	3.61	
2026-09-25 04:21:20	clean-install--fae--Dsurefire.rerunFailingTestsCount=2	misc/skins/fluido	61	ok	4.51	
2026-09-25 04:35:50	clean-install--fae--Dsurefire.rerunFailingTestsCount=2	misc/wagon	867	ok	2.55	
2026-09-25 04:39:28	clean-install--fae--Dsurefire.rerunFailingTestsCount=2	plexus/components/archiver	216	ok	3.26	
2026-09-25 04:40:00	clean-install--fae--Dsurefire.rerunFailingTestsCount=2	plugins/core-4/maven-clean-plugin	31	failed	5.35	
2026-09-25 04:40:22	clean-install--fae--Dsurefire.rerunFailingTestsCount=2	plugins/core-4/maven-compiler-plugin	21	failed	4.53	
2026-09-25 04:40:56	clean-install--fae--Dsurefire.rerunFailingTestsCount=2	plugins/core-4/maven-deploy-plugin	33	failed	4.33	
2026-09-25 04:41:31	clean-install--fae--Dsurefire.rerunFailingTestsCount=2	plugins/core-4/maven-install-plugin	34	failed	3.74	
2026-09-25 04:42:53	clean-install--fae--Dsurefire.rerunFailingTestsCount=2	plugins/core-4/maven-resources-plugin	81	failed	3.48	
2026-09-25 04:43:23	clean-install--fae--Dsurefire.rerunFailingTestsCount=2	plugins/core/maven-clean-plugin	30	failed	3.53	
2026-09-25 04:44:57	clean-install--fae--Dsurefire.rerunFailingTestsCount=2	plugins/core/maven-compiler-plugin	92	failed	3.42	
2026-09-25 04:46:03	clean-install--fae--Dsurefire.rerunFailingTestsCount=2	plugins/core/maven-deploy-plugin	65	failed	3.96	
2026-09-25 04:47:20	clean-install--fae--Dsurefire.rerunFailingTestsCount=2	plugins/core/maven-install-plugin	76	failed	3.15	
2026-09-25 04:48:29	clean-install--fae--Dsurefire.rerunFailingTestsCount=2	plugins/core/maven-resources-plugin	67	failed	4.29	
2026-09-25 04:58:48	clean-install--fae--Dsurefire.rerunFailingTestsCount=2	plugins/core/surefire	600	failed	4.48	
2026-09-25 05:00:20	clean-install--fae--Dsurefire.rerunFailingTestsCount=2	plugins/packaging-4/maven-jar-plugin	91	failed	4.34	
2026-09-25 05:01:37	clean-install--fae--Dsurefire.rerunFailingTestsCount=2	plugins/packaging-4/maven-source-plugin	76	failed	3.20	
2026-09-25 05:02:37	clean-install--fae--Dsurefire.rerunFailingTestsCount=2	plugins/packaging/maven-acr-plugin	59	failed	4.95	
2026-09-25 05:04:03	clean-install--fae--Dsurefire.rerunFailingTestsCount=2	plugins/packaging/maven-ejb-plugin	85	ok	4.45	
2026-09-25 05:05:04	clean-install--fae--Dsurefire.rerunFailingTestsCount=2	plugins/packaging/maven-jar-plugin	60	failed	3.82	
2026-09-25 05:06:04	clean-install--fae--Dsurefire.rerunFailingTestsCount=2	plugins/packaging/maven-jmod-plugin	59	failed	3.12	
2026-09-25 05:07:21	clean-install--fae--Dsurefire.rerunFailingTestsCount=2	plugins/packaging/maven-rar-plugin	76	failed	5.11	
2026-09-25 05:09:18	clean-install--fae--Dsurefire.rerunFailingTestsCount=2	plugins/packaging/maven-shade-plugin	116	ok	3.56	
2026-09-25 05:10:55	clean-install--fae--Dsurefire.rerunFailingTestsCount=2	plugins/packaging/maven-source-plugin	96	failed	3.17	
2026-09-25 05:12:50	clean-install--fae--Dsurefire.rerunFailingTestsCount=2	plugins/packaging/maven-war-plugin	109	failed	3.33	
2026-09-25 05:14:22	clean-install--fae--Dsurefire.rerunFailingTestsCount=2	plugins/reporting/maven-changelog-plugin	90	failed	3.85	
2026-09-25 05:16:19	clean-install--fae--Dsurefire.rerunFailingTestsCount=2	plugins/reporting/maven-checkstyle-plugin	115	failed	2.91	
2026-09-25 05:17:44	clean-install--fae--Dsurefire.rerunFailingTestsCount=2	plugins/reporting/maven-doap-plugin	84	failed	3.16	
2026-09-25 05:24:01	clean-install--fae--Dsurefire.rerunFailingTestsCount=2	plugins/reporting/maven-javadoc-plugin	372	ok	3.49	
2026-09-25 05:25:21	clean-install--fae--Dsurefire.rerunFailingTestsCount=2	plugins/reporting/maven-pmd-plugin	79	failed	5.87	
2026-09-25 05:26:45	clean-install--fae--Dsurefire.rerunFailingTestsCount=2	plugins/reporting/maven-project-info-reports-plugin	82	failed	6.55	
2026-09-25 05:28:49	clean-install--fae--Dsurefire.rerunFailingTestsCount=2	plugins/tools/enforcer	123	ok	3.68	
2026-09-25 05:30:02	clean-install--fae--Dsurefire.rerunFailingTestsCount=2	plugins/tools/maven-antrun-plugin	72	ok	4.39	
2026-09-25 05:32:22	clean-install--fae--Dsurefire.rerunFailingTestsCount=2	plugins/tools/maven-assembly-plugin	137	ok	4.51	
2026-09-25 05:38:10	clean-install--fae--Dsurefire.rerunFailingTestsCount=2	plugins/tools/maven-dependency-plugin	346	ok	2.11	
2026-09-25 05:39:09	clean-install--fae--Dsurefire.rerunFailingTestsCount=2	plugins/tools/maven-gpg-plugin	58	ok	4.55	
2026-09-25 05:41:02	clean-install--fae--Dsurefire.rerunFailingTestsCount=2	plugins/tools/maven-help-plugin	113	ok	3.74	
2026-09-25 05:43:10	clean-install--fae--Dsurefire.rerunFailingTestsCount=2	plugins/tools/maven-invoker-plugin	126	ok	3.85	
2026-09-25 05:44:23	clean-install--fae--Dsurefire.rerunFailingTestsCount=2	plugins/tools/maven-jarsigner-plugin	72	failed	3.38	
2026-09-25 05:45:22	clean-install--fae--Dsurefire.rerunFailingTestsCount=2	plugins/tools/maven-jdeprscan-plugin	59	failed	3.45	
2026-09-25 05:46:47	clean-install--fae--Dsurefire.rerunFailingTestsCount=2	plugins/tools/maven-remote-resources-plugin	84	failed	3.55	
2026-09-25 05:48:03	clean-install--fae--Dsurefire.rerunFailingTestsCount=2	plugins/tools/maven-scm-publish-plugin	75	failed	4.86	
2026-09-25 05:49:05	clean-install--fae--Dsurefire.rerunFailingTestsCount=2	plugins/tools/maven-scripting-plugin	61	failed	4.32	
2026-09-25 05:50:09	clean-install--fae--Dsurefire.rerunFailingTestsCount=2	plugins/tools/maven-toolchains-plugin	63	failed	4.45	
2026-09-25 05:54:44	clean-install--fae--Dsurefire.rerunFailingTestsCount=2	plugins/tools/plugin-tools	272	ok	5.68	
2026-09-25 06:07:08	clean-install--fae--Dsurefire.rerunFailingTestsCount=2	plugins/tools/release	735	ok	7.29	
2026-09-25 06:33:25	clean-install--fae--Dsurefire.rerunFailingTestsCount=2	plugins/tools/scm	1567	ok	4.21	
2026-09-25 06:35:54	clean-install--fae--Dsurefire.rerunFailingTestsCount=2	shared-4/archiver	148	ok	3.77	
2026-09-25 06:37:53	clean-install--fae--Dsurefire.rerunFailingTestsCount=2	shared-4/filtering	118	failed	6.09	
2026-09-25 06:39:24	clean-install--fae--Dsurefire.rerunFailingTestsCount=2	shared/archiver	90	ok	5.83	
2026-09-25 06:40:54	clean-install--fae--Dsurefire.rerunFailingTestsCount=2	shared/dependency-analyzer	89	ok	6.34	
2026-09-25 06:42:29	clean-install--fae--Dsurefire.rerunFailingTestsCount=2	shared/dependency-tree	94	ok	4.91	
2026-09-25 06:44:00	clean-install--fae--Dsurefire.rerunFailingTestsCount=2	shared/file-management	89	ok	4.13	
2026-09-25 06:46:50	clean-install--fae--Dsurefire.rerunFailingTestsCount=2	shared/filtering	169	ok	3.65	
2026-09-25 06:51:35	clean-install--fae--Dsurefire.rerunFailingTestsCount=2	shared/shared-utils	284	ok	3.68	
2026-09-25 06:52:35	clean-install--fae--Dsurefire.rerunFailingTestsCount=2	site	57	ok	3.54	
2026-09-25 07:31:04	scan	core/3.x/its-3	2235	ok	3.50	
2026-09-25 07:52:58	scan	core/3.x/maven-3	1313	ok	3.84	
2026-09-25 07:59:41	scan	core/3.x/mvnd-1	401	ok	2.70	
2026-09-25 08:02:59	scan	core/build-cache	198	ok	3.97	
2026-09-25 08:27:17	scan	core/maven	1458	ok	2.84	
2026-09-25 08:42:46	scan	core/maven-4.0.x	929	ok	3.08	
2026-09-25 08:47:24	scan	core/mvnd	277	ok	3.03	
2026-09-25 09:01:56	scan	core/resolver	872	ok	2.46	
2026-09-25 09:05:53	scan	core/resolver-ant-tasks	235	ok	2.96	
2026-09-25 09:14:53	scan	core/wrapper	540	ok	3.22	
2026-09-25 09:24:48	scan	doxia/doxia	595	ok	4.66	
2026-09-25 09:37:23	scan	doxia/sitetools	754	ok	2.88	
2026-09-25 09:40:46	scan	doxia/tools/converter	202	ok	3.89	
2026-09-25 10:04:16	scan	misc/archetypes	1410	ok	2.27	
2026-09-25 10:17:28	scan	misc/dist-tool	792	ok	2.86	
2026-09-25 10:31:44	scan	misc/executor	856	ok	2.71	
2026-09-25 10:34:15	scan	misc/gh-actions-shared/v5	150	ok	3.52	
2026-09-25 10:54:45	scan	misc/indexer	1230	ok	2.36	
2026-09-25 10:57:01	scan	misc/pom/apache	135	ok	3.33	
2026-09-25 11:01:16	scan	misc/pom/apache-resources	255	ok	3.24	
2026-09-25 11:06:23	scan	misc/pom/maven	306	ok	2.26	
2026-09-25 11:08:11	scan	misc/skins/fluido	108	ok	3.79	
2026-09-25 11:26:31	scan	misc/wagon	1100	ok	3.72	
2026-09-25 11:30:15	scan	plexus/build-api	223	ok	4.31	
2026-09-25 11:33:10	scan	plexus/classworlds	174	ok	4.39	
2026-09-25 11:35:16	scan	plexus/codehaus-plexus.github.io	125	ok	2.92	
2026-09-25 11:38:14	scan	plexus/components/archiver	177	ok	3.32	
2026-09-25 12:00:02	scan	plexus/components/compiler	1308	ok	2.56	
2026-09-25 12:02:29	scan	plexus/components/i18n	146	ok	2.92	
2026-09-25 12:05:48	scan	plexus/components/interactivity	198	ok	2.69	
2026-09-25 12:08:26	scan	plexus/components/interpolation	158	ok	3.35	
2026-09-25 12:11:12	scan	plexus/components/io	165	ok	3.42	
2026-09-25 12:12:43	scan	plexus/components/languages	90	ok	4.54	
2026-09-25 12:14:23	scan	plexus/components/resources	100	ok	3.64	
2026-09-25 12:16:10	scan	plexus/components/sec-dispatcher	107	ok	3.65	
2026-09-25 12:17:56	scan	plexus/components/velocity	106	ok	3.21	
2026-09-25 12:27:46	scan	plexus/modello	590	ok	2.53	
2026-09-25 12:30:15	scan	plexus/pom/plexus	148	ok	3.76	
2026-09-25 12:32:32	scan	plexus/testing	136	ok	3.85	
2026-09-25 12:35:33	scan	plexus/utils	181	ok	3.10	
2026-09-25 12:39:06	scan	plexus/xml	212	ok	3.39	
2026-09-25 12:44:38	scan	plugins/core-4/maven-clean-plugin	332	ok	2.66	
2026-09-25 12:47:10	scan	plugins/core-4/maven-compiler-plugin	151	ok	4.24	
2026-09-25 12:50:12	scan	plugins/core-4/maven-deploy-plugin	181	ok	2.76	
2026-09-25 12:51:59	scan	plugins/core-4/maven-install-plugin	107	ok	2.37	
2026-09-25 12:58:04	scan	plugins/core-4/maven-resources-plugin	365	ok	3.39	
2026-09-25 13:02:18	scan	plugins/core/maven-clean-plugin	253	ok	3.25	
2026-09-25 13:04:43	scan	plugins/core/maven-compiler-plugin	144	ok	3.52	
2026-09-25 13:07:14	scan	plugins/core/maven-deploy-plugin	150	ok	2.95	
2026-09-25 13:09:11	scan	plugins/core/maven-install-plugin	116	ok	3.14	
2026-09-25 13:11:37	scan	plugins/core/maven-resources-plugin	146	ok	4.70	
2026-09-25 13:15:33	scan	plugins/core/maven-site-plugin	235	ok	3.18	
2026-09-25 13:25:04	scan	plugins/core/surefire	571	ok	2.03	
2026-09-25 13:28:23	scan	plugins/packaging-4/maven-jar-plugin	198	ok	3.18	
2026-09-25 13:29:44	scan	plugins/packaging-4/maven-source-plugin	80	ok	3.78	
2026-09-25 13:32:09	scan	plugins/packaging/maven-acr-plugin	144	ok	2.18	
2026-09-25 13:34:32	scan	plugins/packaging/maven-ear-plugin	143	ok	3.15	
2026-09-25 13:36:19	scan	plugins/packaging/maven-ejb-plugin	107	ok	3.96	
2026-09-25 13:38:09	scan	plugins/packaging/maven-jar-plugin	109	ok	3.82	
2026-09-25 13:40:06	scan	plugins/packaging/maven-jlink-plugin	117	ok	6.14	
2026-09-25 13:41:45	scan	plugins/packaging/maven-jmod-plugin	99	ok	4.43	
2026-09-25 13:43:29	scan	plugins/packaging/maven-rar-plugin	103	ok	3.29	
2026-09-25 13:46:11	scan	plugins/packaging/maven-shade-plugin	161	ok	3.48	
2026-09-25 13:48:02	scan	plugins/packaging/maven-source-plugin	111	ok	3.57	
2026-09-25 13:50:39	scan	plugins/packaging/maven-war-plugin	157	ok	3.57	
2026-09-25 13:53:40	scan	plugins/reporting/jxr	180	ok	2.34	
2026-09-25 13:56:19	scan	plugins/reporting/maven-changelog-plugin	158	ok	3.08	
2026-09-25 13:59:05	scan	plugins/reporting/maven-changes-plugin	166	ok	3.98	
2026-09-25 14:04:09	scan	plugins/reporting/maven-checkstyle-plugin	303	ok	2.35	
2026-09-25 14:07:05	scan	plugins/reporting/maven-doap-plugin	175	ok	4.67	
2026-09-25 14:09:39	scan	plugins/reporting/maven-javadoc-plugin	154	ok	4.74	
2026-09-25 14:12:17	scan	plugins/reporting/maven-jdeps-plugin	157	ok	3.63	
2026-09-25 14:19:03	scan	plugins/reporting/maven-pmd-plugin	405	ok	2.31	
2026-09-25 14:23:21	scan	plugins/reporting/maven-project-info-reports-plugin	258	ok	2.46	
2026-09-25 14:33:58	scan	plugins/tools/archetype	636	ok	3.11	
2026-09-25 14:38:15	scan	plugins/tools/enforcer	256	ok	2.80	
2026-09-25 14:39:56	scan	plugins/tools/maven-antrun-plugin	100	ok	2.86	
2026-09-25 14:42:25	scan	plugins/tools/maven-artifact-plugin	149	ok	3.11	
2026-09-25 14:45:27	scan	plugins/tools/maven-assembly-plugin	181	ok	3.76	
2026-09-25 14:49:19	scan	plugins/tools/maven-dependency-plugin	232	ok	3.26	
2026-09-25 14:52:45	scan	plugins/tools/maven-gpg-plugin	205	ok	3.55	
2026-09-25 14:58:01	scan	plugins/tools/maven-help-plugin	315	ok	4.78	
2026-09-25 15:00:42	scan	plugins/tools/maven-invoker-plugin	160	ok	3.47	
2026-09-25 15:03:43	scan	plugins/tools/maven-jarsigner-plugin	181	ok	2.86	
2026-09-25 15:05:08	scan	plugins/tools/maven-jdeprscan-plugin	85	ok	3.81	
2026-09-25 15:06:58	scan	plugins/tools/maven-remote-resources-plugin	110	ok	6.86	
2026-09-25 15:08:35	scan	plugins/tools/maven-scm-publish-plugin	96	ok	6.77	
2026-09-25 15:10:27	scan	plugins/tools/maven-scripting-plugin	111	ok	6.61	
2026-09-25 15:12:28	scan	plugins/tools/maven-toolchains-plugin	121	ok	4.75	
2026-09-25 15:17:10	scan	plugins/tools/plugin-tools	282	ok	2.32	
2026-09-25 15:21:50	scan	plugins/tools/release	279	ok	2.83	
2026-09-25 15:38:46	scan	plugins/tools/scm	1014	ok	2.73	
2026-09-25 15:42:14	scan	shared-4/archiver	208	ok	3.59	
2026-09-25 15:45:25	scan	shared-4/filtering	190	ok	2.52	
2026-09-25 15:47:41	scan	shared/archiver	136	ok	2.89	
2026-09-25 15:49:47	scan	shared/common-artifact-filters	126	ok	2.97	
2026-09-25 15:52:30	scan	shared/dependency-analyzer	163	ok	2.56	
2026-09-25 15:54:54	scan	shared/dependency-tree	143	ok	2.12	
2026-09-25 15:57:43	scan	shared/file-management	168	ok	2.22	
2026-09-25 15:59:08	scan	shared/filtering	85	ok	3.61	
2026-09-25 16:08:02	scan	shared/invoker	534	ok	2.56	
2026-09-25 16:09:35	scan	shared/jarsigner	93	ok	3.49	
2026-09-25 16:11:52	scan	shared/mapping	136	ok	3.00	
2026-09-25 16:13:46	scan	shared/reporting-api	114	ok	3.51	
2026-09-25 16:15:50	scan	shared/reporting-exec	124	ok	2.36	
2026-09-25 16:17:47	scan	shared/reporting-impl	116	ok	3.57	
2026-09-25 16:19:36	scan	shared/script-interpreter	109	ok	3.53	
2026-09-25 16:21:26	scan	shared/shared-incremental	110	ok	3.19	
2026-09-25 16:23:11	scan	shared/shared-io	105	ok	2.96	
2026-09-25 16:25:53	scan	shared/shared-jar	162	ok	4.60	
2026-09-25 16:28:02	scan	shared/shared-resources	128	ok	3.79	
2026-09-25 16:30:30	scan	shared/shared-utils	147	ok	3.67	
2026-09-25 16:32:52	scan	shared/verifier	142	ok	3.25	
2026-09-25 16:41:41	scan	sisu/sisu-project	529	ok	2.52	
2026-09-25 16:44:02	scan	site	141	ok	2.65	
2026-09-25 16:46:57	scan	studies/maven-basedir-filesystem	174	ok	3.16	
2026-09-25 16:51:22	scan	studies/maven-ci-extension	265	ok	2.82	
2026-09-25 16:54:22	scan	studies/maven-default-plugins	179	ok	3.05	
2026-09-26 03:02:48	clean-install--fae--Dsurefire.rerunFailingTestsCount=2	core/3.x/mvnd-1	86	failed	12.44	
2026-09-26 03:04:08	clean-install--fae--Dsurefire.rerunFailingTestsCount=2	core/build-cache	79	ok	7.84	
2026-09-26 03:06:56	clean-install--fae--Dsurefire.rerunFailingTestsCount=2	core/mvnd	153	failed	11.96	
2026-09-26 03:11:00	clean-install--fae--Dsurefire.rerunFailingTestsCount=2	core/resolver	238	failed	4.80	
2026-09-26 03:12:13	clean-install--fae--Dsurefire.rerunFailingTestsCount=2	core/resolver-ant-tasks	73	failed	5.13	
2026-09-26 03:13:03	clean-install--fae--Dsurefire.rerunFailingTestsCount=2	core/wrapper	49	failed	4.42	
2026-09-26 03:13:52	clean-install--fae--Dsurefire.rerunFailingTestsCount=2	doxia/doxia	47	failed	4.26	
2026-09-26 03:14:47	clean-install--fae--Dsurefire.rerunFailingTestsCount=2	doxia/sitetools	53	failed	4.33	
2026-09-26 03:15:43	clean-install--fae--Dsurefire.rerunFailingTestsCount=2	doxia/tools/converter	56	failed	4.22	
2026-09-26 03:25:11	clean-install--fae--Dsurefire.rerunFailingTestsCount=2	misc/archetypes	559	ok	3.42	
2026-09-26 03:27:10	clean-install--fae--Dsurefire.rerunFailingTestsCount=2	misc/dist-tool	117	failed	4.33	
2026-09-26 03:38:45	clean-install--fae--Dsurefire.rerunFailingTestsCount=2	misc/executor	691	failed	5.10	
2026-09-26 03:40:11	clean-install--fae--Dsurefire.rerunFailingTestsCount=2	misc/gh-actions-shared/v5	85	failed	5.97	
2026-09-26 03:54:00	clean-install--fae--Dsurefire.rerunFailingTestsCount=2	misc/indexer	821	ok	3.57	
2026-09-26 03:55:27	clean-install--fae--Dsurefire.rerunFailingTestsCount=2	misc/pom/apache-resources	84	failed	3.82	
2026-09-26 03:56:21	clean-install--fae--Dsurefire.rerunFailingTestsCount=2	misc/pom/maven	53	ok	4.49	
2026-09-26 03:57:28	clean-install--fae--Dsurefire.rerunFailingTestsCount=2	misc/skins/fluido	66	failed	5.78	
2026-09-26 04:02:53	clean-install--fae--Dsurefire.rerunFailingTestsCount=2	misc/wagon	321	failed	5.05	
2026-09-26 04:08:09	clean-install--fae--Dsurefire.rerunFailingTestsCount=2	plexus/components/archiver	313	ok	3.97	
2026-09-26 04:09:54	clean-install--fae--Dsurefire.rerunFailingTestsCount=2	plexus/components/languages	104	ok	3.82	
2026-09-26 04:16:53	clean-install--fae--Dsurefire.rerunFailingTestsCount=2	plexus/modello	412	ok	3.97	
2026-09-26 04:18:01	clean-install--fae--Dsurefire.rerunFailingTestsCount=2	plexus/xml	67	ok	3.57	
2026-09-26 04:18:30	clean-install--fae--Dsurefire.rerunFailingTestsCount=2	plugins/core-4/maven-clean-plugin	29	failed	2.71	
2026-09-26 04:19:04	clean-install--fae--Dsurefire.rerunFailingTestsCount=2	plugins/core-4/maven-compiler-plugin	32	failed	2.95	
2026-09-26 04:19:38	clean-install--fae--Dsurefire.rerunFailingTestsCount=2	plugins/core-4/maven-deploy-plugin	32	failed	2.84	
2026-09-26 04:20:11	clean-install--fae--Dsurefire.rerunFailingTestsCount=2	plugins/core-4/maven-install-plugin	33	failed	5.10	
2026-09-26 04:21:18	clean-install--fae--Dsurefire.rerunFailingTestsCount=2	plugins/core-4/maven-resources-plugin	66	failed	5.88	
2026-09-26 04:21:43	clean-install--fae--Dsurefire.rerunFailingTestsCount=2	plugins/core/maven-clean-plugin	24	failed	4.73	
2026-09-26 04:23:06	clean-install--fae--Dsurefire.rerunFailingTestsCount=2	plugins/core/maven-compiler-plugin	81	failed	5.26	
2026-09-26 04:23:59	clean-install--fae--Dsurefire.rerunFailingTestsCount=2	plugins/core/maven-deploy-plugin	52	failed	5.90	
2026-09-26 04:25:07	clean-install--fae--Dsurefire.rerunFailingTestsCount=2	plugins/core/maven-install-plugin	68	failed	4.18	
2026-09-26 04:26:19	clean-install--fae--Dsurefire.rerunFailingTestsCount=2	plugins/core/maven-resources-plugin	71	failed	4.41	
2026-09-26 04:27:53	clean-install--fae--Dsurefire.rerunFailingTestsCount=2	plugins/core/maven-site-plugin	92	failed	3.95	
2026-09-26 04:40:42	clean-install--fae--Dsurefire.rerunFailingTestsCount=2	plugins/core/surefire	763	ok	2.66	
2026-09-26 04:41:55	clean-install--fae--Dsurefire.rerunFailingTestsCount=2	plugins/packaging-4/maven-jar-plugin	72	failed	3.13	
2026-09-26 04:42:51	clean-install--fae--Dsurefire.rerunFailingTestsCount=2	plugins/packaging-4/maven-source-plugin	56	failed	3.94	
2026-09-26 04:44:05	clean-install--fae--Dsurefire.rerunFailingTestsCount=2	plugins/packaging/maven-ear-plugin	72	failed	4.64	
2026-09-26 04:45:08	clean-install--fae--Dsurefire.rerunFailingTestsCount=2	plugins/packaging/maven-ejb-plugin	62	failed	4.27	
2026-09-26 04:46:10	clean-install--fae--Dsurefire.rerunFailingTestsCount=2	plugins/packaging/maven-jar-plugin	61	failed	3.60	
2026-09-26 04:47:24	clean-install--fae--Dsurefire.rerunFailingTestsCount=2	plugins/packaging/maven-jmod-plugin	73	failed	5.72	
2026-09-26 04:49:00	clean-install--fae--Dsurefire.rerunFailingTestsCount=2	plugins/packaging/maven-shade-plugin	95	failed	4.98	
2026-09-26 04:50:17	clean-install--fae--Dsurefire.rerunFailingTestsCount=2	plugins/packaging/maven-source-plugin	76	failed	4.31	
2026-09-26 04:51:20	clean-install--fae--Dsurefire.rerunFailingTestsCount=2	plugins/reporting/jxr	61	failed	5.31	
2026-09-26 04:53:04	clean-install--fae--Dsurefire.rerunFailingTestsCount=2	plugins/reporting/maven-changes-plugin	102	failed	4.11	
2026-09-26 04:54:36	clean-install--fae--Dsurefire.rerunFailingTestsCount=2	plugins/reporting/maven-javadoc-plugin	87	failed	4.99	
2026-09-26 04:55:58	clean-install--fae--Dsurefire.rerunFailingTestsCount=2	plugins/tools/archetype	80	failed	3.28	
2026-09-26 04:57:19	clean-install--fae--Dsurefire.rerunFailingTestsCount=2	plugins/tools/enforcer	78	failed	3.08	
2026-09-26 04:58:31	clean-install--fae--Dsurefire.rerunFailingTestsCount=2	plugins/tools/maven-antrun-plugin	71	failed	3.09	
2026-09-26 05:00:02	clean-install--fae--Dsurefire.rerunFailingTestsCount=2	plugins/tools/maven-artifact-plugin	91	failed	4.32	
2026-09-26 05:02:04	clean-install--fae--Dsurefire.rerunFailingTestsCount=2	plugins/tools/maven-assembly-plugin	119	failed	5.33	
2026-09-26 05:03:56	clean-install--fae--Dsurefire.rerunFailingTestsCount=2	plugins/tools/maven-dependency-plugin	110	failed	3.97	
2026-09-26 05:05:07	clean-install--fae--Dsurefire.rerunFailingTestsCount=2	plugins/tools/maven-gpg-plugin	70	failed	4.52	
2026-09-26 05:06:13	clean-install--fae--Dsurefire.rerunFailingTestsCount=2	plugins/tools/maven-help-plugin	66	failed	3.85	
2026-09-26 05:07:47	clean-install--fae--Dsurefire.rerunFailingTestsCount=2	plugins/tools/maven-invoker-plugin	92	failed	3.52	
2026-09-26 05:08:45	clean-install--fae--Dsurefire.rerunFailingTestsCount=2	plugins/tools/maven-jarsigner-plugin	58	failed	3.77	
2026-09-26 05:10:05	clean-install--fae--Dsurefire.rerunFailingTestsCount=2	plugins/tools/maven-remote-resources-plugin	79	failed	5.62	
2026-09-26 05:11:44	clean-install--fae--Dsurefire.rerunFailingTestsCount=2	plugins/tools/plugin-tools	96	failed	4.04	
2026-09-26 05:13:04	clean-install--fae--Dsurefire.rerunFailingTestsCount=2	plugins/tools/release	74	failed	2.53	
2026-09-26 05:14:26	clean-install--fae--Dsurefire.rerunFailingTestsCount=2	plugins/tools/scm	74	failed	3.25	
2026-09-26 05:15:36	clean-install--fae--Dsurefire.rerunFailingTestsCount=2	shared-4/archiver	69	failed	3.09	
2026-09-26 05:16:48	clean-install--fae--Dsurefire.rerunFailingTestsCount=2	shared-4/filtering	71	failed	3.69	
2026-09-26 05:17:58	clean-install--fae--Dsurefire.rerunFailingTestsCount=2	shared/archiver	69	failed	3.26	
2026-09-26 05:19:05	clean-install--fae--Dsurefire.rerunFailingTestsCount=2	shared/common-artifact-filters	67	failed	3.69	
2026-09-26 05:20:22	clean-install--fae--Dsurefire.rerunFailingTestsCount=2	shared/dependency-analyzer	76	failed	2.88	
2026-09-26 05:21:20	clean-install--fae--Dsurefire.rerunFailingTestsCount=2	shared/dependency-tree	58	failed	3.43	
2026-09-26 05:22:12	clean-install--fae--Dsurefire.rerunFailingTestsCount=2	shared/file-management	51	failed	3.88	
2026-09-26 05:23:13	clean-install--fae--Dsurefire.rerunFailingTestsCount=2	shared/filtering	61	failed	4.12	
2026-09-26 05:24:08	clean-install--fae--Dsurefire.rerunFailingTestsCount=2	shared/invoker	54	failed	4.94	
2026-09-26 05:25:02	clean-install--fae--Dsurefire.rerunFailingTestsCount=2	shared/jarsigner	53	failed	4.11	
2026-09-26 05:25:49	clean-install--fae--Dsurefire.rerunFailingTestsCount=2	shared/mapping	47	failed	4.15	
2026-09-26 05:26:31	clean-install--fae--Dsurefire.rerunFailingTestsCount=2	shared/reporting-api	41	failed	4.50	
2026-09-26 05:27:27	clean-install--fae--Dsurefire.rerunFailingTestsCount=2	shared/reporting-exec	51	failed	3.95	
2026-09-26 05:28:26	clean-install--fae--Dsurefire.rerunFailingTestsCount=2	shared/reporting-impl	55	failed	7.47	
2026-09-26 05:29:28	clean-install--fae--Dsurefire.rerunFailingTestsCount=2	shared/script-interpreter	62	failed	5.55	
2026-09-26 05:30:36	clean-install--fae--Dsurefire.rerunFailingTestsCount=2	shared/shared-incremental	66	failed	4.21	
2026-09-26 05:31:54	clean-install--fae--Dsurefire.rerunFailingTestsCount=2	shared/shared-jar	78	failed	5.38	
2026-09-26 05:33:35	clean-install--fae--Dsurefire.rerunFailingTestsCount=2	shared/shared-utils	100	failed	3.31	
2026-09-26 05:34:59	clean-install--fae--Dsurefire.rerunFailingTestsCount=2	shared/verifier	82	failed	3.08	
2026-09-26 05:36:30	clean-install--fae--Dsurefire.rerunFailingTestsCount=2	site	90	failed	2.52	
2026-09-26 06:04:24	scan	core/3.x/its-3	1623	ok	5.37	
2026-09-26 06:39:44	scan	core/3.x/maven-3	2119	ok	2.50	
2026-09-26 06:46:27	scan	core/3.x/mvnd-1	402	ok	2.28	
2026-09-26 06:48:42	scan	core/build-cache	134	ok	3.32	
2026-09-26 07:11:15	scan	core/maven	1352	ok	1.67	
2026-09-26 07:38:26	scan	core/maven-4.0.x	1631	ok	3.12	
2026-09-26 07:46:15	scan	core/mvnd	468	ok	2.15	
2026-09-26 08:03:14	scan	core/resolver	1018	ok	4.51	
2026-09-26 08:07:23	scan	core/resolver-ant-tasks	248	ok	3.88	
2026-09-26 08:15:31	scan	core/wrapper	487	ok	2.93	
2026-09-26 08:22:23	scan	doxia/doxia	411	ok	2.59	
2026-09-26 08:31:22	scan	doxia/sitetools	539	ok	2.61	
2026-09-26 08:33:25	scan	doxia/tools/converter	121	ok	3.57	
2026-09-26 08:53:59	scan	misc/archetypes	1234	ok	3.71	
2026-09-26 09:00:29	scan	misc/dist-tool	390	ok	3.14	
2026-09-26 09:12:30	scan	misc/executor	720	ok	2.33	
2026-09-26 09:14:15	scan	misc/gh-actions-shared/v5	104	ok	5.22	
2026-09-26 09:26:24	scan	misc/indexer	729	ok	3.04	
2026-09-26 09:28:23	scan	misc/pom/apache	119	ok	3.52	
2026-09-26 09:32:23	scan	misc/pom/apache-resources	239	ok	2.64	
2026-09-26 09:37:06	scan	misc/pom/maven	283	ok	2.01	
2026-09-26 09:39:11	scan	misc/skins/fluido	124	ok	2.65	
2026-09-26 09:51:40	scan	misc/wagon	748	ok	3.48	
2026-09-26 09:55:51	scan	plexus/build-api	250	ok	4.73	
2026-09-26 09:58:59	scan	plexus/classworlds	188	ok	4.22	
2026-09-26 10:00:54	scan	plexus/codehaus-plexus.github.io	115	ok	3.51	
2026-09-26 10:05:13	scan	plexus/components/archiver	258	ok	3.16	
2026-09-26 10:25:59	scan	plexus/components/compiler	1245	ok	2.94	
2026-09-26 10:27:35	scan	plexus/components/i18n	96	ok	2.52	
2026-09-26 10:29:35	scan	plexus/components/interactivity	120	ok	2.55	
2026-09-26 10:32:06	scan	plexus/components/interpolation	150	ok	4.02	
2026-09-26 10:34:23	scan	plexus/components/io	137	ok	3.43	
2026-09-26 10:37:38	scan	plexus/components/languages	194	ok	3.04	
2026-09-26 10:39:33	scan	plexus/components/resources	114	ok	4.42	
2026-09-26 10:42:13	scan	plexus/components/sec-dispatcher	159	ok	3.18	
2026-09-26 10:44:18	scan	plexus/components/velocity	125	ok	3.36	
2026-09-26 10:54:17	scan	plexus/modello	598	ok	2.17	
2026-09-26 10:57:01	scan	plexus/pom/plexus	163	ok	3.02	
2026-09-26 10:59:35	scan	plexus/testing	154	ok	2.43	
2026-09-26 11:02:33	scan	plexus/utils	177	ok	3.51	
2026-09-26 11:04:46	scan	plexus/xml	133	ok	3.21	
2026-09-26 11:07:22	scan	plugins/core-4/maven-clean-plugin	156	ok	3.28	
2026-09-26 11:09:34	scan	plugins/core-4/maven-compiler-plugin	131	ok	4.03	
2026-09-26 11:12:44	scan	plugins/core-4/maven-deploy-plugin	189	ok	2.67	
2026-09-26 11:15:13	scan	plugins/core-4/maven-install-plugin	148	ok	5.07	
2026-09-26 11:20:04	scan	plugins/core-4/maven-resources-plugin	290	ok	2.34	
2026-09-26 11:23:50	scan	plugins/core/maven-clean-plugin	225	ok	3.31	
2026-09-26 11:26:18	scan	plugins/core/maven-compiler-plugin	148	ok	3.02	
2026-09-26 11:28:37	scan	plugins/core/maven-deploy-plugin	139	ok	3.28	
2026-09-26 11:30:53	scan	plugins/core/maven-install-plugin	135	ok	3.66	
2026-09-26 11:33:16	scan	plugins/core/maven-resources-plugin	142	ok	4.81	
2026-09-26 11:37:07	scan	plugins/core/maven-site-plugin	230	ok	2.96	
2026-09-26 11:44:11	scan	plugins/core/surefire	423	ok	1.98	
2026-09-26 11:45:40	scan	plugins/packaging-4/maven-jar-plugin	88	ok	4.13	
2026-09-26 11:50:28	scan	plugins/packaging-4/maven-source-plugin	288	ok	1.96	
2026-09-26 11:52:34	scan	plugins/packaging/maven-acr-plugin	125	ok	3.25	
2026-09-26 11:55:13	scan	plugins/packaging/maven-ear-plugin	159	ok	4.11	
2026-09-26 11:57:25	scan	plugins/packaging/maven-ejb-plugin	132	ok	4.01	
2026-09-26 11:59:18	scan	plugins/packaging/maven-jar-plugin	112	ok	3.38	
2026-09-26 12:01:14	scan	plugins/packaging/maven-jlink-plugin	115	ok	4.55	
2026-09-26 12:03:26	scan	plugins/packaging/maven-jmod-plugin	132	ok	4.38	
2026-09-26 12:05:19	scan	plugins/packaging/maven-rar-plugin	113	ok	3.23	
2026-09-26 12:07:51	scan	plugins/packaging/maven-shade-plugin	152	ok	4.00	
2026-09-26 12:09:47	scan	plugins/packaging/maven-source-plugin	116	ok	4.41	
2026-09-26 12:12:28	scan	plugins/packaging/maven-war-plugin	160	ok	3.95	
2026-09-26 12:15:40	scan	plugins/reporting/jxr	190	ok	3.24	
2026-09-26 12:17:55	scan	plugins/reporting/maven-changelog-plugin	134	ok	3.40	
2026-09-26 12:20:09	scan	plugins/reporting/maven-changes-plugin	134	ok	3.42	
2026-09-26 12:27:09	scan	plugins/reporting/maven-checkstyle-plugin	419	ok	3.32	
2026-09-26 12:30:57	scan	plugins/reporting/maven-doap-plugin	228	ok	3.18	
2026-09-26 12:34:36	scan	plugins/reporting/maven-javadoc-plugin	219	ok	1.96	
2026-09-26 12:36:39	scan	plugins/reporting/maven-jdeps-plugin	123	ok	3.84	
2026-09-26 12:42:04	scan	plugins/reporting/maven-pmd-plugin	325	ok	2.17	
2026-09-26 12:46:35	scan	plugins/reporting/maven-project-info-reports-plugin	271	ok	2.23	
2026-09-26 12:56:49	scan	plugins/tools/archetype	613	ok	2.73	
2026-09-26 13:00:56	scan	plugins/tools/enforcer	246	ok	4.05	
2026-09-26 13:02:50	scan	plugins/tools/maven-antrun-plugin	114	ok	3.46	
2026-09-26 13:05:04	scan	plugins/tools/maven-artifact-plugin	134	ok	4.54	
2026-09-26 13:08:09	scan	plugins/tools/maven-assembly-plugin	185	ok	2.80	
2026-09-26 13:10:46	scan	plugins/tools/maven-dependency-plugin	157	ok	3.09	
2026-09-26 13:13:59	scan	plugins/tools/maven-gpg-plugin	193	ok	2.57	
2026-09-26 13:16:46	scan	plugins/tools/maven-help-plugin	166	ok	2.77	
2026-09-26 13:19:02	scan	plugins/tools/maven-invoker-plugin	136	ok	2.35	
2026-09-26 13:21:09	scan	plugins/tools/maven-jarsigner-plugin	127	ok	3.22	
2026-09-26 13:23:18	scan	plugins/tools/maven-jdeprscan-plugin	128	ok	2.96	
2026-09-26 13:25:35	scan	plugins/tools/maven-remote-resources-plugin	137	ok	3.40	
2026-09-26 13:27:56	scan	plugins/tools/maven-scm-publish-plugin	141	ok	3.12	
2026-09-26 13:30:01	scan	plugins/tools/maven-scripting-plugin	125	ok	3.11	
2026-09-26 13:32:05	scan	plugins/tools/maven-toolchains-plugin	124	ok	2.65	
2026-09-26 13:36:53	scan	plugins/tools/plugin-tools	287	ok	3.21	
2026-09-26 13:40:48	scan	plugins/tools/release	234	ok	2.68	
2026-09-26 13:54:02	scan	plugins/tools/scm	794	ok	3.38	
2026-09-26 13:57:14	scan	shared-4/archiver	191	ok	3.36	
2026-09-26 14:00:20	scan	shared-4/filtering	185	ok	2.96	
2026-09-26 14:02:32	scan	shared/archiver	131	ok	3.49	
2026-09-26 14:04:51	scan	shared/common-artifact-filters	138	ok	3.47	
2026-09-26 14:06:59	scan	shared/dependency-analyzer	127	ok	4.37	
2026-09-26 14:09:06	scan	shared/dependency-tree	127	ok	3.23	
2026-09-26 14:11:10	scan	shared/file-management	124	ok	4.68	
2026-09-26 14:13:36	scan	shared/filtering	145	ok	2.96	
2026-09-26 14:15:44	scan	shared/invoker	128	ok	3.01	
2026-09-26 14:17:49	scan	shared/jarsigner	124	ok	3.18	
2026-09-26 14:19:36	scan	shared/mapping	107	ok	3.67	
2026-09-26 14:21:16	scan	shared/reporting-api	100	ok	4.19	
2026-09-26 14:23:10	scan	shared/reporting-exec	114	ok	2.45	
2026-09-26 14:25:12	scan	shared/reporting-impl	121	ok	3.05	
2026-09-26 14:27:00	scan	shared/script-interpreter	108	ok	3.88	
2026-09-26 14:28:42	scan	shared/shared-incremental	102	ok	3.50	
2026-09-26 14:31:35	scan	shared/shared-io	172	ok	4.19	
2026-09-26 14:34:21	scan	shared/shared-jar	166	ok	4.08	
2026-09-26 14:36:21	scan	shared/shared-resources	119	ok	3.48	
2026-09-26 14:38:26	scan	shared/shared-utils	125	ok	4.32	
2026-09-26 14:40:15	scan	shared/verifier	108	ok	2.61	
2026-09-26 14:51:18	scan	sisu/sisu-project	662	ok	2.90	
2026-09-26 14:54:47	scan	site	208	ok	3.16	
2026-09-26 14:59:58	scan	studies/maven-basedir-filesystem	311	ok	3.41	
2026-09-26 15:04:39	scan	studies/maven-ci-extension	280	ok	4.43	
2026-09-26 15:08:11	scan	studies/maven-default-plugins	211	ok	5.57	
2026-09-27 03:01:49	clean-install--fae--Dsurefire.rerunFailingTestsCount=2	core/3.x/maven-3	37	failed	5.23	
2026-09-27 03:32:35	clean-install--fae--Dsurefire.rerunFailingTestsCount=2	core/maven	1840	ok	2.28	
2026-09-27 03:34:19	clean-install--fae--Dsurefire.rerunFailingTestsCount=2	core/maven-4.0.x	97	failed	2.83	
2026-09-27 03:39:29	clean-install--fae--Dsurefire.rerunFailingTestsCount=2	core/resolver	308	failed	4.82	
2026-09-27 03:41:59	clean-install--fae--Dsurefire.rerunFailingTestsCount=2	misc/dist-tool	149	failed	3.46	
2026-09-27 03:57:30	clean-install--fae--Dsurefire.rerunFailingTestsCount=2	misc/indexer	922	ok	2.98	
2026-09-27 03:58:57	clean-install--fae--Dsurefire.rerunFailingTestsCount=2	plexus/components/languages	86	ok	3.59	
2026-09-27 03:59:29	clean-install--fae--Dsurefire.rerunFailingTestsCount=2	plugins/core-4/maven-clean-plugin	30	failed	4.29	
2026-09-27 04:00:02	clean-install--fae--Dsurefire.rerunFailingTestsCount=2	plugins/core-4/maven-compiler-plugin	32	failed	4.67	
2026-09-27 04:01:20	clean-install--fae--Dsurefire.rerunFailingTestsCount=2	plugins/core-4/maven-resources-plugin	77	failed	5.38	
2026-09-27 04:01:51	clean-install--fae--Dsurefire.rerunFailingTestsCount=2	plugins/core/maven-clean-plugin	30	failed	5.20	
2026-09-27 04:03:35	clean-install--fae--Dsurefire.rerunFailingTestsCount=2	plugins/core/maven-compiler-plugin	102	failed	4.89	
2026-09-27 04:05:02	clean-install--fae--Dsurefire.rerunFailingTestsCount=2	plugins/core/maven-resources-plugin	86	failed	3.49	
2026-09-27 04:07:17	clean-install--fae--Dsurefire.rerunFailingTestsCount=2	plugins/packaging/maven-shade-plugin	133	failed	4.00	
2026-09-27 04:08:47	clean-install--fae--Dsurefire.rerunFailingTestsCount=2	plugins/reporting/maven-doap-plugin	89	failed	3.78	
2026-09-27 04:10:09	clean-install--fae--Dsurefire.rerunFailingTestsCount=2	plugins/tools/maven-artifact-plugin	81	failed	3.38	
2026-09-27 04:11:04	clean-install--fae--Dsurefire.rerunFailingTestsCount=2	shared-4/filtering	54	failed	3.50	
2026-09-27 04:12:33	clean-install--fae--Dsurefire.rerunFailingTestsCount=2	shared/filtering	87	failed	3.26	
2026-09-27 04:13:40	clean-install--fae--Dsurefire.rerunFailingTestsCount=2	shared/script-interpreter	67	failed	3.32	
2026-09-27 04:14:39	clean-install--fae--Dsurefire.rerunFailingTestsCount=2	shared/shared-incremental	59	failed	3.33	
2026-09-27 04:15:43	clean-install--fae--Dsurefire.rerunFailingTestsCount=2	shared/verifier	63	failed	3.58	
2026-09-27 04:16:49	clean-install--fae--Dsurefire.rerunFailingTestsCount=2	site	66	failed	3.19	
2026-09-27 04:43:32	scan	core/3.x/its-3	1546	ok	1.92	
2026-09-27 05:03:48	scan	core/3.x/maven-3	1216	ok	2.46	
2026-09-27 05:08:33	scan	core/3.x/mvnd-1	285	ok	1.97	
2026-09-27 05:11:25	scan	core/build-cache	172	ok	3.06	
2026-09-27 05:26:56	scan	core/maven	929	ok	2.48	
2026-09-27 05:40:44	scan	core/maven-4.0.x	828	ok	3.23	
2026-09-27 05:45:02	scan	core/mvnd	258	ok	2.37	
2026-09-27 05:58:25	scan	core/resolver	803	ok	4.47	
2026-09-27 06:04:30	scan	core/resolver-ant-tasks	364	ok	7.44	
2026-09-27 06:17:33	scan	core/wrapper	782	ok	3.96	
2026-09-27 06:29:56	scan	doxia/doxia	742	ok	5.88	
2026-09-27 06:50:16	scan	doxia/sitetools	1219	ok	2.16	
2026-09-27 06:53:59	scan	doxia/tools/converter	220	ok	3.63	
2026-09-27 07:24:02	scan	misc/archetypes	1803	ok	2.55	
2026-09-27 07:35:47	scan	misc/dist-tool	704	ok	2.11	
2026-09-27 07:52:09	scan	misc/executor	982	ok	3.62	
2026-09-27 07:54:52	scan	misc/gh-actions-shared/v5	162	ok	4.25	
2026-09-27 08:12:10	scan	misc/indexer	1037	ok	2.66	
2026-09-27 08:15:20	scan	misc/pom/apache	189	ok	3.91	
2026-09-27 08:20:04	scan	misc/pom/apache-resources	284	ok	6.14	
2026-09-27 08:25:24	scan	misc/pom/maven	320	ok	2.63	
2026-09-27 08:27:34	scan	misc/skins/fluido	130	ok	5.44	
2026-09-27 08:45:03	scan	misc/wagon	1048	ok	2.68	
2026-09-27 08:48:47	scan	plexus/build-api	224	ok	4.36	
2026-09-27 08:51:59	scan	plexus/classworlds	191	ok	4.19	
2026-09-27 08:54:07	scan	plexus/codehaus-plexus.github.io	128	ok	3.07	
2026-09-27 08:58:21	scan	plexus/components/archiver	253	ok	3.97	
2026-09-27 09:39:09	scan	plexus/components/compiler	2447	ok	2.67	
2026-09-27 09:42:01	scan	plexus/components/i18n	171	ok	2.63	
2026-09-27 09:44:46	scan	plexus/components/interactivity	163	ok	4.27	
2026-09-27 09:47:17	scan	plexus/components/interpolation	151	ok	5.21	
2026-09-27 09:50:09	scan	plexus/components/io	171	ok	3.24	
2026-09-27 09:54:00	scan	plexus/components/languages	231	ok	3.71	
2026-09-27 09:56:25	scan	plexus/components/resources	144	ok	4.32	
2026-09-27 09:59:21	scan	plexus/components/sec-dispatcher	175	ok	3.32	
2026-09-27 10:01:46	scan	plexus/components/velocity	143	ok	3.55	
2026-09-27 10:12:16	scan	plexus/modello	630	ok	3.74	
2026-09-27 10:15:05	scan	plexus/pom/plexus	168	ok	3.72	
2026-09-27 10:16:58	scan	plexus/testing	113	ok	2.96	
2026-09-27 10:19:29	scan	plexus/utils	151	ok	3.89	
2026-09-27 10:22:13	scan	plexus/xml	164	ok	3.61	
2026-09-27 10:24:31	scan	plugins/core-4/maven-clean-plugin	137	ok	4.01	
2026-09-27 10:26:41	scan	plugins/core-4/maven-compiler-plugin	129	ok	4.52	
2026-09-27 10:29:45	scan	plugins/core-4/maven-deploy-plugin	183	ok	3.48	
2026-09-27 10:32:16	scan	plugins/core-4/maven-install-plugin	151	ok	2.50	
2026-09-27 10:37:41	scan	plugins/core-4/maven-resources-plugin	324	ok	3.37	
2026-09-27 10:41:37	scan	plugins/core/maven-clean-plugin	235	ok	2.74	
2026-09-27 10:43:47	scan	plugins/core/maven-compiler-plugin	130	ok	4.02	
2026-09-27 10:45:48	scan	plugins/core/maven-deploy-plugin	121	ok	4.38	
2026-09-27 10:47:46	scan	plugins/core/maven-install-plugin	118	ok	3.25	
2026-09-27 10:49:39	scan	plugins/core/maven-resources-plugin	112	ok	2.95	
2026-09-27 10:52:43	scan	plugins/core/maven-site-plugin	184	ok	3.70	
2026-09-27 11:00:51	scan	plugins/core/surefire	487	ok	2.67	
2026-09-27 11:03:02	scan	plugins/packaging-4/maven-jar-plugin	130	ok	3.50	
2026-09-27 11:07:42	scan	plugins/packaging-4/maven-source-plugin	280	ok	2.97	
2026-09-27 11:09:11	scan	plugins/packaging/maven-acr-plugin	89	ok	5.45	
2026-09-27 11:12:16	scan	plugins/packaging/maven-ear-plugin	185	ok	2.28	
2026-09-27 11:14:34	scan	plugins/packaging/maven-ejb-plugin	138	ok	2.43	
2026-09-27 11:16:28	scan	plugins/packaging/maven-jar-plugin	114	ok	3.97	
2026-09-27 11:18:18	scan	plugins/packaging/maven-jlink-plugin	109	ok	4.28	
2026-09-27 11:20:06	scan	plugins/packaging/maven-jmod-plugin	108	ok	2.72	
2026-09-27 11:22:03	scan	plugins/packaging/maven-rar-plugin	116	ok	2.54	
2026-09-27 11:24:21	scan	plugins/packaging/maven-shade-plugin	138	ok	3.48	
2026-09-27 11:26:37	scan	plugins/packaging/maven-source-plugin	136	ok	4.22	
2026-09-27 11:29:07	scan	plugins/packaging/maven-war-plugin	149	ok	4.82	
2026-09-27 11:32:17	scan	plugins/reporting/jxr	189	ok	3.04	
2026-09-27 11:34:33	scan	plugins/reporting/maven-changelog-plugin	135	ok	4.76	
2026-09-27 11:37:01	scan	plugins/reporting/maven-changes-plugin	148	ok	3.72	
2026-09-27 11:42:18	scan	plugins/reporting/maven-checkstyle-plugin	316	ok	2.34	
2026-09-27 11:44:55	scan	plugins/reporting/maven-doap-plugin	156	ok	3.69	
2026-09-27 11:47:42	scan	plugins/reporting/maven-javadoc-plugin	167	ok	3.49	
2026-09-27 11:49:29	scan	plugins/reporting/maven-jdeps-plugin	106	ok	2.01	
2026-09-27 11:55:54	scan	plugins/reporting/maven-pmd-plugin	384	ok	2.46	
2026-09-27 12:00:24	scan	plugins/reporting/maven-project-info-reports-plugin	270	ok	2.91	
2026-09-27 12:09:06	scan	plugins/tools/archetype	522	ok	2.93	
2026-09-27 12:13:33	scan	plugins/tools/enforcer	266	ok	2.92	
2026-09-27 12:15:23	scan	plugins/tools/maven-antrun-plugin	110	ok	2.30	
2026-09-27 12:17:25	scan	plugins/tools/maven-artifact-plugin	122	ok	2.96	
2026-09-27 12:20:27	scan	plugins/tools/maven-assembly-plugin	181	ok	4.43	
2026-09-27 12:23:39	scan	plugins/tools/maven-dependency-plugin	191	ok	3.13	
2026-09-27 12:27:54	scan	plugins/tools/maven-gpg-plugin	254	ok	2.68	
2026-09-27 12:30:53	scan	plugins/tools/maven-help-plugin	179	ok	2.50	
2026-09-27 12:33:23	scan	plugins/tools/maven-invoker-plugin	148	ok	3.69	
2026-09-27 12:35:21	scan	plugins/tools/maven-jarsigner-plugin	118	ok	3.29	
2026-09-27 12:37:13	scan	plugins/tools/maven-jdeprscan-plugin	112	ok	2.33	
2026-09-27 12:39:14	scan	plugins/tools/maven-remote-resources-plugin	121	ok	2.67	
2026-09-27 12:41:43	scan	plugins/tools/maven-scm-publish-plugin	148	ok	3.34	
2026-09-27 12:43:41	scan	plugins/tools/maven-scripting-plugin	117	ok	2.57	
2026-09-27 12:45:26	scan	plugins/tools/maven-toolchains-plugin	105	ok	3.10	
2026-09-27 12:49:32	scan	plugins/tools/plugin-tools	246	ok	3.80	
2026-09-27 12:54:00	scan	plugins/tools/release	268	ok	3.03	
2026-09-27 13:09:13	scan	plugins/tools/scm	913	ok	4.04	
2026-09-27 13:13:03	scan	shared-4/archiver	229	ok	3.20	
2026-09-27 13:16:13	scan	shared-4/filtering	190	ok	2.29	
2026-09-27 13:18:20	scan	shared/archiver	127	ok	3.32	
2026-09-27 13:20:45	scan	shared/common-artifact-filters	145	ok	3.58	
2026-09-27 13:23:06	scan	shared/dependency-analyzer	141	ok	4.49	
2026-09-27 13:25:04	scan	shared/dependency-tree	118	ok	3.29	
2026-09-27 13:27:05	scan	shared/file-management	120	ok	3.57	
2026-09-27 13:29:11	scan	shared/filtering	126	ok	3.80	
2026-09-27 13:31:23	scan	shared/invoker	132	ok	2.50	
2026-09-27 13:33:33	scan	shared/jarsigner	129	ok	3.19	
2026-09-27 13:35:26	scan	shared/mapping	112	ok	3.59	
2026-09-27 13:37:11	scan	shared/reporting-api	105	ok	2.94	
2026-09-27 13:39:07	scan	shared/reporting-exec	116	ok	2.84	
2026-09-27 13:40:53	scan	shared/reporting-impl	106	ok	2.22	
2026-09-27 13:42:57	scan	shared/script-interpreter	123	ok	3.11	
2026-09-27 13:44:44	scan	shared/shared-incremental	107	ok	3.57	
2026-09-27 13:47:35	scan	shared/shared-io	171	ok	4.39	
2026-09-27 13:50:09	scan	shared/shared-jar	154	ok	4.41	
2026-09-27 13:52:08	scan	shared/shared-resources	118	ok	3.69	
2026-09-27 13:54:41	scan	shared/shared-utils	153	ok	3.90	
2026-09-27 13:57:09	scan	shared/verifier	147	ok	3.27	
2026-09-27 14:06:09	scan	sisu/sisu-project	539	ok	3.13	
2026-09-27 14:08:12	scan	site	123	ok	2.86	
2026-09-27 14:11:32	scan	studies/maven-basedir-filesystem	200	ok	2.33	
2026-09-27 14:17:17	scan	studies/maven-ci-extension	344	ok	2.90	
2026-09-27 14:20:17	scan	studies/maven-default-plugins	179	ok	3.59	
2026-09-28 03:01:46	clean-install--fae--Dsurefire.rerunFailingTestsCount=2	core/3.x/maven-3	42	failed	5.66	
2026-09-28 03:03:53	clean-install--fae--Dsurefire.rerunFailingTestsCount=2	core/3.x/mvnd-1	126	failed	5.33	
2026-09-28 03:38:12	clean-install--fae--Dsurefire.rerunFailingTestsCount=2	core/maven	2046	ok	2.60	
2026-09-28 03:41:46	clean-install--fae--Dsurefire.rerunFailingTestsCount=2	core/maven-4.0.x	205	failed	3.82	
2026-09-28 03:45:39	clean-install--fae--Dsurefire.rerunFailingTestsCount=2	core/mvnd	230	failed	4.39	
2026-09-28 03:50:30	clean-install--fae--Dsurefire.rerunFailingTestsCount=2	core/resolver	288	failed	4.80	
2026-09-28 03:51:33	clean-install--fae--Dsurefire.rerunFailingTestsCount=2	core/resolver-ant-tasks	63	failed	3.70	
2026-09-28 03:52:47	clean-install--fae--Dsurefire.rerunFailingTestsCount=2	misc/executor	70	failed	3.77	
2026-09-28 03:53:17	clean-install--fae--Dsurefire.rerunFailingTestsCount=2	plugins/core-4/maven-deploy-plugin	30	failed	3.31	
2026-09-28 03:53:46	clean-install--fae--Dsurefire.rerunFailingTestsCount=2	plugins/core-4/maven-install-plugin	28	failed	4.71	
2026-09-28 03:54:45	clean-install--fae--Dsurefire.rerunFailingTestsCount=2	plugins/core-4/maven-resources-plugin	58	failed	4.09	
2026-09-28 03:55:58	clean-install--fae--Dsurefire.rerunFailingTestsCount=2	plugins/core/maven-deploy-plugin	72	failed	3.86	
2026-09-28 03:57:13	clean-install--fae--Dsurefire.rerunFailingTestsCount=2	plugins/core/maven-install-plugin	74	failed	4.18	
2026-09-28 03:58:24	clean-install--fae--Dsurefire.rerunFailingTestsCount=2	plugins/core/maven-resources-plugin	70	failed	5.91	
2026-09-28 04:00:04	clean-install--fae--Dsurefire.rerunFailingTestsCount=2	plugins/core/maven-site-plugin	98	failed	5.04	
2026-09-28 04:01:31	clean-install--fae--Dsurefire.rerunFailingTestsCount=2	plugins/packaging-4/maven-source-plugin	86	failed	5.63	
2026-09-28 04:02:58	clean-install--fae--Dsurefire.rerunFailingTestsCount=2	plugins/packaging/maven-source-plugin	86	failed	2.77	
2026-09-28 04:05:21	clean-install--fae--Dsurefire.rerunFailingTestsCount=2	plugins/reporting/maven-pmd-plugin	140	failed	2.26	
2026-09-28 04:06:38	clean-install--fae--Dsurefire.rerunFailingTestsCount=2	plugins/tools/archetype	75	failed	2.89	
2026-09-28 04:07:47	clean-install--fae--Dsurefire.rerunFailingTestsCount=2	plugins/tools/enforcer	67	failed	3.06	
2026-09-28 04:09:11	clean-install--fae--Dsurefire.rerunFailingTestsCount=2	plugins/tools/maven-invoker-plugin	82	failed	4.08	
2026-09-28 04:10:48	clean-install--fae--Dsurefire.rerunFailingTestsCount=2	shared-4/filtering	97	failed	3.60	
2026-09-28 04:12:04	clean-install--fae--Dsurefire.rerunFailingTestsCount=2	shared/filtering	75	failed	3.66	
2026-09-28 04:13:05	clean-install--fae--Dsurefire.rerunFailingTestsCount=2	shared/jarsigner	60	failed	3.55	
2026-09-28 04:14:17	clean-install--fae--Dsurefire.rerunFailingTestsCount=2	site	72	failed	2.95	
2026-09-28 04:39:25	scan	core/3.x/its-3	1453	ok	2.78	
2026-09-28 04:52:38	scan	core/3.x/maven-3	793	ok	4.33	
2026-09-28 04:58:30	scan	core/3.x/mvnd-1	351	ok	2.05	
2026-09-28 05:01:05	scan	core/build-cache	154	ok	3.43	
2026-09-28 05:18:08	scan	core/maven	1023	ok	2.67	
2026-09-28 05:32:41	scan	core/maven-4.0.x	873	ok	3.23	
2026-09-28 05:36:41	scan	core/mvnd	240	ok	4.18	
2026-09-28 05:44:43	scan	core/resolver	481	ok	2.39	
2026-09-28 05:47:25	scan	core/resolver-ant-tasks	162	ok	5.19	
2026-09-28 05:55:05	scan	core/wrapper	459	ok	6.82	
2026-09-28 06:12:10	scan	doxia/doxia	1021	ok	3.73	
2026-09-28 06:34:40	scan	doxia/sitetools	1349	ok	4.41	
2026-09-28 06:38:46	scan	doxia/tools/converter	245	ok	4.34	
2026-09-28 07:00:48	scan	misc/archetypes	1321	ok	3.42	
2026-09-28 07:12:01	scan	misc/dist-tool	672	ok	2.43	
2026-09-28 07:26:55	scan	misc/executor	894	ok	2.76	
2026-09-28 07:29:37	scan	misc/gh-actions-shared/v5	161	ok	2.79	
2026-09-28 07:48:38	scan	misc/indexer	1140	ok	2.19	
2026-09-28 07:51:46	scan	misc/pom/apache	187	ok	4.21	
2026-09-28 07:56:46	scan	misc/pom/apache-resources	300	ok	3.84	
2026-09-28 08:04:07	scan	misc/pom/maven	440	ok	4.17	
2026-09-28 08:07:05	scan	misc/skins/fluido	177	ok	5.44	
2026-09-28 08:23:46	scan	misc/wagon	1000	ok	3.93	
2026-09-28 08:26:11	scan	plexus/build-api	144	ok	5.48	
2026-09-28 08:28:57	scan	plexus/classworlds	165	ok	4.54	
2026-09-28 08:30:50	scan	plexus/codehaus-plexus.github.io	113	ok	4.95	
2026-09-28 08:34:20	scan	plexus/components/archiver	210	ok	4.13	
2026-09-28 08:55:34	scan	plexus/components/compiler	1273	ok	3.89	
2026-09-28 08:58:39	scan	plexus/components/i18n	184	ok	4.67	
2026-09-28 09:00:26	scan	plexus/components/interactivity	106	ok	5.64	
2026-09-28 09:02:02	scan	plexus/components/interpolation	96	ok	5.81	
2026-09-28 09:04:11	scan	plexus/components/io	129	ok	4.55	
2026-09-28 09:06:20	scan	plexus/components/languages	128	ok	4.85	
2026-09-28 09:08:09	scan	plexus/components/resources	108	ok	3.23	
2026-09-28 09:10:38	scan	plexus/components/sec-dispatcher	149	ok	5.11	
2026-09-28 09:13:33	scan	plexus/components/velocity	174	ok	4.34	
2026-09-28 09:24:50	scan	plexus/modello	677	ok	3.00	
2026-09-28 09:26:59	scan	plexus/pom/plexus	128	ok	5.91	
2026-09-28 09:29:08	scan	plexus/testing	129	ok	4.87	
2026-09-28 09:32:18	scan	plexus/utils	189	ok	4.15	
2026-09-28 09:34:23	scan	plexus/xml	125	ok	3.98	
2026-09-28 09:36:32	scan	plugins/core-4/maven-clean-plugin	129	ok	5.94	
2026-09-28 09:39:06	scan	plugins/core-4/maven-compiler-plugin	153	ok	3.00	
2026-09-28 09:42:10	scan	plugins/core-4/maven-deploy-plugin	183	ok	3.62	
2026-09-28 09:44:29	scan	plugins/core-4/maven-install-plugin	138	ok	4.25	
2026-09-28 09:50:44	scan	plugins/core-4/maven-resources-plugin	375	ok	3.24	
2026-09-28 09:55:06	scan	plugins/core/maven-clean-plugin	262	ok	2.92	
2026-09-28 09:57:40	scan	plugins/core/maven-compiler-plugin	153	ok	3.00	
2026-09-28 10:00:28	scan	plugins/core/maven-deploy-plugin	168	ok	4.42	
2026-09-28 10:02:42	scan	plugins/core/maven-install-plugin	134	ok	3.84	
2026-09-28 10:04:42	scan	plugins/core/maven-resources-plugin	119	ok	3.54	
2026-09-28 10:07:38	scan	plugins/core/maven-site-plugin	175	ok	3.78	
2026-09-28 10:16:32	scan	plugins/core/surefire	533	ok	2.00	
2026-09-28 10:19:16	scan	plugins/packaging-4/maven-jar-plugin	163	ok	5.07	
2026-09-28 10:21:39	scan	plugins/packaging-4/maven-source-plugin	143	ok	5.52	
2026-09-28 10:23:54	scan	plugins/packaging/maven-acr-plugin	134	ok	4.99	
2026-09-28 10:26:11	scan	plugins/packaging/maven-ear-plugin	137	ok	3.38	
2026-09-28 10:28:47	scan	plugins/packaging/maven-ejb-plugin	155	ok	3.63	
2026-09-28 10:31:07	scan	plugins/packaging/maven-jar-plugin	140	ok	2.86	
2026-09-28 10:33:49	scan	plugins/packaging/maven-jlink-plugin	161	ok	3.32	
2026-09-28 10:36:02	scan	plugins/packaging/maven-jmod-plugin	133	ok	2.35	
2026-09-28 10:38:12	scan	plugins/packaging/maven-rar-plugin	129	ok	5.06	
2026-09-28 10:41:09	scan	plugins/packaging/maven-shade-plugin	177	ok	3.97	
2026-09-28 10:43:46	scan	plugins/packaging/maven-source-plugin	157	ok	4.36	
2026-09-28 10:46:13	scan	plugins/packaging/maven-war-plugin	147	ok	6.63	
2026-09-28 10:49:41	scan	plugins/reporting/jxr	207	ok	3.63	
2026-09-28 10:52:17	scan	plugins/reporting/maven-changelog-plugin	155	ok	3.38	
2026-09-28 10:55:17	scan	plugins/reporting/maven-changes-plugin	180	ok	4.41	
2026-09-28 11:00:52	scan	plugins/reporting/maven-checkstyle-plugin	334	ok	2.43	
2026-09-28 11:03:15	scan	plugins/reporting/maven-doap-plugin	143	ok	3.83	
2026-09-28 11:05:40	scan	plugins/reporting/maven-javadoc-plugin	144	ok	6.56	
2026-09-28 11:07:16	scan	plugins/reporting/maven-jdeps-plugin	96	ok	5.35	
2026-09-28 11:13:09	scan	plugins/reporting/maven-pmd-plugin	352	ok	3.39	
2026-09-28 11:16:11	scan	plugins/reporting/maven-project-info-reports-plugin	182	ok	2.68	
2026-09-28 11:23:11	scan	plugins/tools/archetype	420	ok	3.13	
2026-09-28 11:25:55	scan	plugins/tools/enforcer	163	ok	3.32	
2026-09-28 11:27:26	scan	plugins/tools/maven-antrun-plugin	91	ok	2.99	
2026-09-28 11:29:26	scan	plugins/tools/maven-artifact-plugin	118	ok	2.88	
2026-09-28 11:31:49	scan	plugins/tools/maven-assembly-plugin	143	ok	4.44	
2026-09-28 11:33:51	scan	plugins/tools/maven-dependency-plugin	121	ok	5.25	
2026-09-28 11:35:59	scan	plugins/tools/maven-gpg-plugin	127	ok	3.60	
2026-09-28 11:38:08	scan	plugins/tools/maven-help-plugin	129	ok	4.33	
2026-09-28 11:40:17	scan	plugins/tools/maven-invoker-plugin	129	ok	4.20	
2026-09-28 11:42:01	scan	plugins/tools/maven-jarsigner-plugin	104	ok	4.97	
2026-09-28 11:43:35	scan	plugins/tools/maven-jdeprscan-plugin	94	ok	4.22	
2026-09-28 11:45:15	scan	plugins/tools/maven-remote-resources-plugin	100	ok	2.16	
2026-09-28 11:47:25	scan	plugins/tools/maven-scm-publish-plugin	130	ok	5.08	
2026-09-28 11:49:24	scan	plugins/tools/maven-scripting-plugin	119	ok	3.56	
2026-09-28 11:51:06	scan	plugins/tools/maven-toolchains-plugin	102	ok	4.71	
2026-09-28 11:54:22	scan	plugins/tools/plugin-tools	195	ok	4.49	
2026-09-28 11:58:12	scan	plugins/tools/release	229	ok	3.31	
2026-09-28 12:09:32	scan	plugins/tools/scm	679	ok	2.75	
2026-09-28 12:13:11	scan	shared-4/archiver	218	ok	3.03	
2026-09-28 12:15:48	scan	shared-4/filtering	157	ok	5.69	
2026-09-28 12:18:26	scan	shared/archiver	158	ok	5.78	
2026-09-28 12:20:45	scan	shared/common-artifact-filters	138	ok	3.89	
2026-09-28 12:22:37	scan	shared/dependency-analyzer	111	ok	3.06	
2026-09-28 12:24:10	scan	shared/dependency-tree	92	ok	3.26	
2026-09-28 12:26:54	scan	shared/file-management	163	ok	2.41	
2026-09-28 12:29:23	scan	shared/filtering	149	ok	3.63	
2026-09-28 12:31:41	scan	shared/invoker	137	ok	5.16	
2026-09-28 12:33:59	scan	shared/jarsigner	137	ok	4.34	
2026-09-28 12:35:31	scan	shared/mapping	92	ok	3.69	
2026-09-28 12:37:01	scan	shared/reporting-api	89	ok	4.49	
2026-09-28 12:38:45	scan	shared/reporting-exec	104	ok	3.07	
2026-09-28 12:41:00	scan	shared/reporting-impl	135	ok	2.85	
2026-09-28 12:42:35	scan	shared/script-interpreter	94	ok	2.97	
2026-09-28 12:44:10	scan	shared/shared-incremental	95	ok	3.19	
2026-09-28 12:46:17	scan	shared/shared-io	127	ok	4.42	
2026-09-28 12:48:38	scan	shared/shared-jar	141	ok	3.66	
2026-09-28 12:50:41	scan	shared/shared-resources	122	ok	3.40	
2026-09-28 12:52:47	scan	shared/shared-utils	126	ok	2.70	
2026-09-28 12:55:10	scan	shared/verifier	143	ok	3.48	
2026-09-28 13:03:31	scan	sisu/sisu-project	501	ok	3.34	
2026-09-28 13:05:54	scan	site	142	ok	3.65	
2026-09-28 13:08:11	scan	studies/maven-basedir-filesystem	137	ok	4.64	
2026-09-28 13:12:48	scan	studies/maven-ci-extension	277	ok	3.71	
2026-09-28 13:14:59	scan	studies/maven-default-plugins	131	ok	3.34	
2026-09-29 03:01:58	clean-install--fae--Dsurefire.rerunFailingTestsCount=2	core/3.x/maven-3	39	failed	5.00	
2026-09-29 03:03:26	clean-install--fae--Dsurefire.rerunFailingTestsCount=2	core/3.x/mvnd-1	87	failed	9.90	
2026-09-29 03:05:15	clean-install--fae--Dsurefire.rerunFailingTestsCount=2	core/build-cache	107	failed	6.05	
2026-09-29 03:36:35	clean-install--fae--Dsurefire.rerunFailingTestsCount=2	core/maven	1867	ok	2.72	
2026-09-29 03:38:26	clean-install--fae--Dsurefire.rerunFailingTestsCount=2	core/maven-4.0.x	104	failed	3.46	
2026-09-29 03:41:21	clean-install--fae--Dsurefire.rerunFailingTestsCount=2	core/mvnd	173	failed	2.91	
2026-09-29 03:46:34	clean-install--fae--Dsurefire.rerunFailingTestsCount=2	core/resolver	310	failed	4.30	
2026-09-29 03:48:03	clean-install--fae--Dsurefire.rerunFailingTestsCount=2	core/resolver-ant-tasks	88	failed	3.87	
2026-09-29 03:49:00	clean-install--fae--Dsurefire.rerunFailingTestsCount=2	core/wrapper	57	failed	3.33	
2026-09-29 03:49:56	clean-install--fae--Dsurefire.rerunFailingTestsCount=2	doxia/sitetools	56	failed	3.45	
2026-09-29 03:51:00	clean-install--fae--Dsurefire.rerunFailingTestsCount=2	misc/executor	62	failed	4.82	
2026-09-29 03:51:45	clean-install--fae--Dsurefire.rerunFailingTestsCount=2	misc/gh-actions-shared/v5	44	failed	4.28	
2026-09-29 04:02:25	clean-install--fae--Dsurefire.rerunFailingTestsCount=2	misc/indexer	634	ok	3.38	
2026-09-29 04:03:13	clean-install--fae--Dsurefire.rerunFailingTestsCount=2	misc/pom/maven	47	ok	3.82	
2026-09-29 04:08:00	clean-install--fae--Dsurefire.rerunFailingTestsCount=2	misc/wagon	286	failed	5.28	
2026-09-29 04:09:13	clean-install--fae--Dsurefire.rerunFailingTestsCount=2	plexus/components/sec-dispatcher	73	ok	4.92	
2026-09-29 04:09:53	clean-install--fae--Dsurefire.rerunFailingTestsCount=2	plexus/pom/plexus	39	ok	4.36	
2026-09-29 04:10:29	clean-install--fae--Dsurefire.rerunFailingTestsCount=2	plugins/core-4/maven-clean-plugin	34	failed	3.98	
2026-09-29 04:11:06	clean-install--fae--Dsurefire.rerunFailingTestsCount=2	plugins/core-4/maven-compiler-plugin	36	failed	5.08	
2026-09-29 04:11:40	clean-install--fae--Dsurefire.rerunFailingTestsCount=2	plugins/core-4/maven-deploy-plugin	33	failed	4.49	
2026-09-29 04:12:17	clean-install--fae--Dsurefire.rerunFailingTestsCount=2	plugins/core-4/maven-install-plugin	35	failed	4.12	
2026-09-29 04:13:31	clean-install--fae--Dsurefire.rerunFailingTestsCount=2	plugins/core-4/maven-resources-plugin	73	failed	3.57	
2026-09-29 04:14:03	clean-install--fae--Dsurefire.rerunFailingTestsCount=2	plugins/core/maven-clean-plugin	32	failed	3.93	
2026-09-29 04:15:41	clean-install--fae--Dsurefire.rerunFailingTestsCount=2	plugins/core/maven-compiler-plugin	96	failed	2.86	
2026-09-29 04:16:44	clean-install--fae--Dsurefire.rerunFailingTestsCount=2	plugins/core/maven-deploy-plugin	63	failed	3.27	
2026-09-29 04:17:47	clean-install--fae--Dsurefire.rerunFailingTestsCount=2	plugins/core/maven-install-plugin	63	failed	4.78	
2026-09-29 04:18:47	clean-install--fae--Dsurefire.rerunFailingTestsCount=2	plugins/core/maven-resources-plugin	59	failed	5.40	
2026-09-29 04:20:11	clean-install--fae--Dsurefire.rerunFailingTestsCount=2	plugins/core/maven-site-plugin	83	failed	5.01	
2026-09-29 04:29:51	clean-install--fae--Dsurefire.rerunFailingTestsCount=2	plugins/core/surefire	563	failed	4.29	
2026-09-29 04:31:01	clean-install--fae--Dsurefire.rerunFailingTestsCount=2	plugins/packaging-4/maven-source-plugin	69	failed	4.72	
2026-09-29 04:32:52	clean-install--fae--Dsurefire.rerunFailingTestsCount=2	plugins/packaging/maven-ear-plugin	109	failed	3.79	
2026-09-29 04:34:22	clean-install--fae--Dsurefire.rerunFailingTestsCount=2	plugins/packaging/maven-ejb-plugin	88	failed	4.40	
2026-09-29 04:35:57	clean-install--fae--Dsurefire.rerunFailingTestsCount=2	plugins/packaging/maven-jlink-plugin	94	failed	5.90	
2026-09-29 04:37:29	clean-install--fae--Dsurefire.rerunFailingTestsCount=2	plugins/packaging/maven-jmod-plugin	92	failed	4.25	
2026-09-29 04:38:34	clean-install--fae--Dsurefire.rerunFailingTestsCount=2	plugins/packaging/maven-source-plugin	63	failed	4.28	
2026-09-29 04:39:37	clean-install--fae--Dsurefire.rerunFailingTestsCount=2	plugins/packaging/maven-war-plugin	61	failed	6.86	
2026-09-29 04:40:50	clean-install--fae--Dsurefire.rerunFailingTestsCount=2	plugins/reporting/maven-doap-plugin	72	failed	4.53	
2026-09-29 04:43:13	clean-install--fae--Dsurefire.rerunFailingTestsCount=2	plugins/reporting/maven-javadoc-plugin	142	failed	4.74	
2026-09-29 04:45:22	clean-install--fae--Dsurefire.rerunFailingTestsCount=2	plugins/reporting/maven-pmd-plugin	127	failed	3.43	
2026-09-29 04:46:55	clean-install--fae--Dsurefire.rerunFailingTestsCount=2	plugins/reporting/maven-project-info-reports-plugin	92	failed	4.28	
2026-09-29 04:48:10	clean-install--fae--Dsurefire.rerunFailingTestsCount=2	plugins/tools/archetype	73	failed	4.24	
2026-09-29 04:49:19	clean-install--fae--Dsurefire.rerunFailingTestsCount=2	plugins/tools/enforcer	68	failed	3.87	
2026-09-29 04:50:28	clean-install--fae--Dsurefire.rerunFailingTestsCount=2	plugins/tools/maven-antrun-plugin	68	failed	4.48	
2026-09-29 04:51:52	clean-install--fae--Dsurefire.rerunFailingTestsCount=2	plugins/tools/maven-artifact-plugin	84	failed	3.61	
2026-09-29 04:53:28	clean-install--fae--Dsurefire.rerunFailingTestsCount=2	plugins/tools/maven-assembly-plugin	94	failed	4.55	
2026-09-29 04:55:20	clean-install--fae--Dsurefire.rerunFailingTestsCount=2	plugins/tools/maven-dependency-plugin	110	failed	2.70	
2026-09-29 04:56:49	clean-install--fae--Dsurefire.rerunFailingTestsCount=2	plugins/tools/maven-help-plugin	88	failed	4.44	
2026-09-29 04:58:40	clean-install--fae--Dsurefire.rerunFailingTestsCount=2	plugins/tools/maven-invoker-plugin	109	failed	4.54	
2026-09-29 04:59:58	clean-install--fae--Dsurefire.rerunFailingTestsCount=2	plugins/tools/maven-jarsigner-plugin	78	failed	6.98	
2026-09-29 05:01:20	clean-install--fae--Dsurefire.rerunFailingTestsCount=2	plugins/tools/maven-remote-resources-plugin	82	failed	4.36	
2026-09-29 05:02:25	clean-install--fae--Dsurefire.rerunFailingTestsCount=2	plugins/tools/maven-scm-publish-plugin	64	failed	3.08	
2026-09-29 05:03:52	clean-install--fae--Dsurefire.rerunFailingTestsCount=2	plugins/tools/plugin-tools	86	failed	4.73	
2026-09-29 05:05:06	clean-install--fae--Dsurefire.rerunFailingTestsCount=2	plugins/tools/release	70	failed	3.61	
2026-09-29 05:06:11	clean-install--fae--Dsurefire.rerunFailingTestsCount=2	shared-4/filtering	64	failed	4.48	
2026-09-29 05:07:09	clean-install--fae--Dsurefire.rerunFailingTestsCount=2	shared/filtering	57	failed	5.19	
2026-09-29 05:08:04	clean-install--fae--Dsurefire.rerunFailingTestsCount=2	shared/invoker	54	failed	4.97	
2026-09-29 05:08:59	clean-install--fae--Dsurefire.rerunFailingTestsCount=2	shared/jarsigner	54	failed	4.17	
2026-09-29 05:09:58	clean-install--fae--Dsurefire.rerunFailingTestsCount=2	shared/reporting-impl	59	failed	5.25	
2026-09-29 05:11:16	clean-install--fae--Dsurefire.rerunFailingTestsCount=2	shared/verifier	77	failed	5.80	
2026-09-29 05:12:35	clean-install--fae--Dsurefire.rerunFailingTestsCount=2	site	78	failed	4.53	
2026-09-29 05:37:13	scan	core/3.x/its-3	1417	ok	2.62	
2026-09-29 05:49:35	scan	core/3.x/maven-3	742	ok	3.61	
2026-09-29 05:55:27	scan	core/3.x/mvnd-1	352	ok	5.26	
2026-09-29 06:01:23	scan	core/build-cache	355	ok	5.69	
2026-09-29 06:42:11	scan	core/maven	2447	ok	2.50	
2026-09-29 07:04:23	scan	core/maven-4.0.x	1331	ok	3.48	
2026-09-29 07:12:18	scan	core/mvnd	475	ok	3.56	
2026-09-29 07:27:06	scan	core/resolver	888	ok	3.08	
2026-09-29 07:29:47	scan	core/resolver-ant-tasks	161	ok	4.46	
2026-09-29 07:37:08	scan	core/wrapper	441	ok	6.80	
2026-09-29 07:47:28	scan	doxia/doxia	619	ok	3.76	
2026-09-29 08:04:55	scan	doxia/sitetools	1046	ok	3.59	
2026-09-29 08:08:34	scan	doxia/tools/converter	217	ok	4.55	
2026-09-29 08:30:35	scan	misc/archetypes	1321	ok	3.96	
2026-09-29 08:44:35	scan	misc/dist-tool	839	ok	5.84	
2026-09-29 09:02:25	scan	misc/executor	1070	ok	3.18	
2026-09-29 09:05:28	scan	misc/gh-actions-shared/v5	182	ok	3.55	
2026-09-29 09:24:26	scan	misc/indexer	1137	ok	3.56	
2026-09-29 09:27:33	scan	misc/pom/apache	186	ok	3.60	
2026-09-29 09:32:06	scan	misc/pom/apache-resources	272	ok	3.17	
2026-09-29 09:37:10	scan	misc/pom/maven	303	ok	2.78	
2026-09-29 09:39:13	scan	misc/skins/fluido	122	ok	4.49	
2026-09-29 09:55:37	scan	misc/wagon	983	ok	2.90	
2026-09-29 09:59:13	scan	plexus/build-api	215	ok	4.82	
2026-09-29 10:01:49	scan	plexus/classworlds	156	ok	5.70	
2026-09-29 10:03:48	scan	plexus/codehaus-plexus.github.io	119	ok	4.21	
2026-09-29 10:07:34	scan	plexus/components/archiver	224	ok	5.22	
2026-09-29 10:28:12	scan	plexus/components/compiler	1238	ok	2.51	
2026-09-29 10:29:09	scan	plexus/components/i18n	57	ok	3.68	
2026-09-29 10:31:52	scan	plexus/components/interactivity	163	ok	3.38	
2026-09-29 10:33:16	scan	plexus/components/interpolation	84	ok	3.93	
2026-09-29 10:34:49	scan	plexus/components/io	93	ok	3.18	
2026-09-29 10:37:59	scan	plexus/components/languages	189	ok	4.99	
2026-09-29 10:40:09	scan	plexus/components/resources	130	ok	4.13	
2026-09-29 10:43:13	scan	plexus/components/sec-dispatcher	184	ok	4.21	
2026-09-29 10:45:36	scan	plexus/components/velocity	141	ok	4.55	
2026-09-29 10:55:05	scan	plexus/modello	569	ok	2.81	
2026-09-29 10:58:57	scan	plexus/pom/plexus	231	ok	2.64	
2026-09-29 11:01:23	scan	plexus/testing	145	ok	4.54	
2026-09-29 11:04:29	scan	plexus/utils	185	ok	4.18	
2026-09-29 11:06:41	scan	plexus/xml	131	ok	2.43	
2026-09-29 11:09:28	scan	plugins/core-4/maven-clean-plugin	166	ok	3.35	
2026-09-29 11:13:00	scan	plugins/core-4/maven-compiler-plugin	212	ok	4.70	
2026-09-29 11:15:40	scan	plugins/core-4/maven-deploy-plugin	160	ok	2.63	
2026-09-29 11:18:27	scan	plugins/core-4/maven-install-plugin	167	ok	7.70	
2026-09-29 11:24:25	scan	plugins/core-4/maven-resources-plugin	357	ok	3.64	
2026-09-29 11:27:35	scan	plugins/core/maven-clean-plugin	190	ok	2.88	
2026-09-29 11:30:22	scan	plugins/core/maven-compiler-plugin	166	ok	3.14	
2026-09-29 11:32:51	scan	plugins/core/maven-deploy-plugin	148	ok	2.02	
2026-09-29 11:34:45	scan	plugins/core/maven-install-plugin	114	ok	4.26	
2026-09-29 11:37:09	scan	plugins/core/maven-resources-plugin	143	ok	2.92	
2026-09-29 11:40:13	scan	plugins/core/maven-site-plugin	183	ok	3.60	
2026-09-29 11:47:55	scan	plugins/core/surefire	462	ok	2.26	
2026-09-29 11:50:04	scan	plugins/packaging-4/maven-jar-plugin	129	ok	4.48	
2026-09-29 11:52:03	scan	plugins/packaging-4/maven-source-plugin	118	ok	3.83	
2026-09-29 11:53:41	scan	plugins/packaging/maven-acr-plugin	97	ok	3.61	
2026-09-29 11:56:44	scan	plugins/packaging/maven-ear-plugin	183	ok	2.98	
2026-09-29 11:59:08	scan	plugins/packaging/maven-ejb-plugin	144	ok	7.41	
2026-09-29 12:01:26	scan	plugins/packaging/maven-jar-plugin	138	ok	3.13	
2026-09-29 12:03:48	scan	plugins/packaging/maven-jlink-plugin	141	ok	3.90	
2026-09-29 12:05:44	scan	plugins/packaging/maven-jmod-plugin	116	ok	3.35	
2026-09-29 12:08:06	scan	plugins/packaging/maven-rar-plugin	141	ok	4.01	
2026-09-29 12:11:00	scan	plugins/packaging/maven-shade-plugin	173	ok	3.32	
2026-09-29 12:13:45	scan	plugins/packaging/maven-source-plugin	165	ok	2.34	
2026-09-29 12:16:08	scan	plugins/packaging/maven-war-plugin	142	ok	7.50	
2026-09-29 12:19:57	scan	plugins/reporting/jxr	229	ok	7.80	
2026-09-29 12:23:07	scan	plugins/reporting/maven-changelog-plugin	189	ok	4.79	
2026-09-29 12:27:19	scan	plugins/reporting/maven-changes-plugin	252	ok	2.95	
2026-09-29 12:34:36	scan	plugins/reporting/maven-checkstyle-plugin	436	ok	2.48	
2026-09-29 12:37:30	scan	plugins/reporting/maven-doap-plugin	173	ok	4.80	
2026-09-29 12:40:51	scan	plugins/reporting/maven-javadoc-plugin	201	ok	3.67	
2026-09-29 12:42:51	scan	plugins/reporting/maven-jdeps-plugin	120	ok	4.71	
2026-09-29 12:49:45	scan	plugins/reporting/maven-pmd-plugin	413	ok	3.16	
2026-09-29 12:53:26	scan	plugins/reporting/maven-project-info-reports-plugin	220	ok	4.62	
2026-09-29 13:03:39	scan	plugins/tools/archetype	613	ok	2.61	
2026-09-29 13:07:25	scan	plugins/tools/enforcer	226	ok	3.29	
2026-09-29 13:09:40	scan	plugins/tools/maven-antrun-plugin	135	ok	3.63	
2026-09-29 13:12:18	scan	plugins/tools/maven-artifact-plugin	158	ok	3.85	
2026-09-29 13:15:41	scan	plugins/tools/maven-assembly-plugin	203	ok	4.05	
2026-09-29 13:18:27	scan	plugins/tools/maven-dependency-plugin	165	ok	3.89	
2026-09-29 13:22:01	scan	plugins/tools/maven-gpg-plugin	214	ok	3.55	
2026-09-29 13:25:13	scan	plugins/tools/maven-help-plugin	192	ok	2.57	
2026-09-29 13:27:47	scan	plugins/tools/maven-invoker-plugin	154	ok	5.41	
2026-09-29 13:30:25	scan	plugins/tools/maven-jarsigner-plugin	157	ok	2.50	
2026-09-29 13:32:49	scan	plugins/tools/maven-jdeprscan-plugin	143	ok	3.40	
2026-09-29 13:35:28	scan	plugins/tools/maven-remote-resources-plugin	158	ok	4.54	
2026-09-29 13:38:24	scan	plugins/tools/maven-scm-publish-plugin	175	ok	4.66	
2026-09-29 13:40:49	scan	plugins/tools/maven-scripting-plugin	144	ok	3.43	
2026-09-29 13:43:16	scan	plugins/tools/maven-toolchains-plugin	147	ok	4.02	
2026-09-29 13:48:25	scan	plugins/tools/plugin-tools	308	ok	3.79	
2026-09-29 13:53:08	scan	plugins/tools/release	283	ok	2.34	
2026-09-29 14:10:56	scan	plugins/tools/scm	1068	ok	4.00	
2026-09-29 14:14:42	scan	shared-4/archiver	225	ok	3.38	
2026-09-29 14:18:25	scan	shared-4/filtering	222	ok	4.02	
2026-09-29 14:21:01	scan	shared/archiver	156	ok	3.87	
2026-09-29 14:23:38	scan	shared/common-artifact-filters	156	ok	2.75	
2026-09-29 14:26:08	scan	shared/dependency-analyzer	149	ok	2.87	
2026-09-29 14:28:24	scan	shared/dependency-tree	135	ok	5.18	
2026-09-29 14:30:43	scan	shared/file-management	139	ok	2.89	
2026-09-29 14:33:20	scan	shared/filtering	156	ok	4.09	
2026-09-29 14:35:33	scan	shared/invoker	133	ok	4.81	
2026-09-29 14:37:56	scan	shared/jarsigner	142	ok	3.92	
2026-09-29 14:40:42	scan	shared/mapping	165	ok	4.02	
2026-09-29 14:43:12	scan	shared/reporting-api	149	ok	5.86	
2026-09-29 14:45:58	scan	shared/reporting-exec	166	ok	3.31	
2026-09-29 14:48:30	scan	shared/reporting-impl	152	ok	5.07	
2026-09-29 14:51:00	scan	shared/script-interpreter	150	ok	7.11	
2026-09-29 14:53:28	scan	shared/shared-incremental	147	ok	4.25	
2026-09-29 14:57:14	scan	shared/shared-io	225	ok	6.58	
2026-09-29 15:01:23	scan	shared/shared-jar	247	ok	4.75	
2026-09-29 15:03:38	scan	shared/shared-resources	135	ok	2.27	
2026-09-29 15:05:36	scan	shared/shared-utils	118	ok	3.48	
2026-09-29 15:08:34	scan	shared/verifier	177	ok	4.82	
2026-09-29 15:19:19	scan	sisu/sisu-project	645	ok	3.84	
2026-09-29 15:22:23	scan	site	183	ok	3.87	
2026-09-29 15:25:33	scan	studies/maven-basedir-filesystem	190	ok	2.62	
2026-09-29 15:30:40	scan	studies/maven-ci-extension	307	ok	3.14	
2026-09-29 15:33:46	scan	studies/maven-default-plugins	186	ok	2.40	
2026-09-30 03:11:25	clean-install--fae--Dsurefire.rerunFailingTestsCount=2	core/3.x/its-3	512	ok	2.83	
2026-09-30 03:13:56	clean-install--fae--Dsurefire.rerunFailingTestsCount=2	core/3.x/maven-3	147	failed	3.57	
2026-09-30 03:17:56	clean-install--fae--Dsurefire.rerunFailingTestsCount=2	core/3.x/mvnd-1	237	failed	8.92	
2026-09-30 03:19:30	clean-install--fae--Dsurefire.rerunFailingTestsCount=2	core/build-cache	92	failed	4.62	
2026-09-30 04:06:39	clean-install--fae--Dsurefire.rerunFailingTestsCount=2	core/maven	2808	ok	3.70	
2026-09-30 04:08:45	clean-install--fae--Dsurefire.rerunFailingTestsCount=2	core/maven-4.0.x	116	failed	4.50	
2026-09-30 04:13:42	clean-install--fae--Dsurefire.rerunFailingTestsCount=2	core/mvnd	293	failed	7.11	
2026-09-30 04:19:17	clean-install--fae--Dsurefire.rerunFailingTestsCount=2	core/resolver	333	failed	3.19	
2026-09-30 04:20:58	clean-install--fae--Dsurefire.rerunFailingTestsCount=2	core/resolver-ant-tasks	99	failed	2.57	
2026-09-30 04:22:01	clean-install--fae--Dsurefire.rerunFailingTestsCount=2	core/wrapper	61	failed	5.30	
2026-09-30 04:23:35	clean-install--fae--Dsurefire.rerunFailingTestsCount=2	doxia/sitetools	93	failed	4.32	
2026-09-30 04:25:09	clean-install--fae--Dsurefire.rerunFailingTestsCount=2	misc/executor	92	failed	4.65	
2026-09-30 04:26:03	clean-install--fae--Dsurefire.rerunFailingTestsCount=2	misc/gh-actions-shared/v5	53	failed	5.78	
2026-09-30 04:37:34	clean-install--fae--Dsurefire.rerunFailingTestsCount=2	misc/indexer	681	ok	3.85	
2026-09-30 04:38:48	clean-install--fae--Dsurefire.rerunFailingTestsCount=2	misc/pom/maven	73	ok	3.33	
2026-09-30 04:43:53	clean-install--fae--Dsurefire.rerunFailingTestsCount=2	misc/wagon	303	failed	3.71	
2026-09-30 04:48:40	clean-install--fae--Dsurefire.rerunFailingTestsCount=2	plexus/components/archiver	283	ok	4.05	
2026-09-30 04:57:38	clean-install--fae--Dsurefire.rerunFailingTestsCount=2	plexus/components/compiler	533	ok	3.38	
2026-09-30 04:58:51	clean-install--fae--Dsurefire.rerunFailingTestsCount=2	plexus/components/resources	73	ok	3.24	
2026-09-30 05:00:31	clean-install--fae--Dsurefire.rerunFailingTestsCount=2	plexus/components/sec-dispatcher	99	ok	3.37	
2026-09-30 05:01:17	clean-install--fae--Dsurefire.rerunFailingTestsCount=2	plexus/pom/plexus	46	ok	4.39	
2026-09-30 05:02:14	clean-install--fae--Dsurefire.rerunFailingTestsCount=2	plexus/testing	56	ok	3.61	
2026-09-30 05:02:48	clean-install--fae--Dsurefire.rerunFailingTestsCount=2	plugins/core-4/maven-clean-plugin	33	failed	3.74	
2026-09-30 05:03:25	clean-install--fae--Dsurefire.rerunFailingTestsCount=2	plugins/core-4/maven-compiler-plugin	34	failed	5.13	
2026-09-30 05:03:59	clean-install--fae--Dsurefire.rerunFailingTestsCount=2	plugins/core-4/maven-deploy-plugin	34	failed	4.29	
2026-09-30 05:04:32	clean-install--fae--Dsurefire.rerunFailingTestsCount=2	plugins/core-4/maven-install-plugin	32	failed	4.83	
2026-09-30 05:05:54	clean-install--fae--Dsurefire.rerunFailingTestsCount=2	plugins/core-4/maven-resources-plugin	81	failed	6.01	
2026-09-30 05:06:22	clean-install--fae--Dsurefire.rerunFailingTestsCount=2	plugins/core/maven-clean-plugin	27	failed	5.07	
2026-09-30 05:07:49	clean-install--fae--Dsurefire.rerunFailingTestsCount=2	plugins/core/maven-compiler-plugin	86	failed	3.90	
2026-09-30 05:09:10	clean-install--fae--Dsurefire.rerunFailingTestsCount=2	plugins/core/maven-deploy-plugin	80	failed	5.02	
2026-09-30 05:10:35	clean-install--fae--Dsurefire.rerunFailingTestsCount=2	plugins/core/maven-install-plugin	84	failed	4.83	
2026-09-30 05:12:06	clean-install--fae--Dsurefire.rerunFailingTestsCount=2	plugins/core/maven-resources-plugin	90	failed	5.14	
2026-09-30 05:14:24	clean-install--fae--Dsurefire.rerunFailingTestsCount=2	plugins/core/maven-site-plugin	136	failed	2.74	
2026-09-30 05:24:37	clean-install--fae--Dsurefire.rerunFailingTestsCount=2	plugins/core/surefire	604	failed	3.38	
2026-09-30 05:25:49	clean-install--fae--Dsurefire.rerunFailingTestsCount=2	plugins/packaging-4/maven-jar-plugin	71	failed	5.02	
2026-09-30 05:26:54	clean-install--fae--Dsurefire.rerunFailingTestsCount=2	plugins/packaging-4/maven-source-plugin	64	failed	4.31	
2026-09-30 05:28:24	clean-install--fae--Dsurefire.rerunFailingTestsCount=2	plugins/packaging/maven-ear-plugin	87	failed	5.76	
2026-09-30 05:29:35	clean-install--fae--Dsurefire.rerunFailingTestsCount=2	plugins/packaging/maven-ejb-plugin	71	failed	5.21	
2026-09-30 05:30:43	clean-install--fae--Dsurefire.rerunFailingTestsCount=2	plugins/packaging/maven-jar-plugin	67	failed	4.00	
2026-09-30 05:32:14	clean-install--fae--Dsurefire.rerunFailingTestsCount=2	plugins/packaging/maven-jlink-plugin	90	failed	4.55	
2026-09-30 05:33:44	clean-install--fae--Dsurefire.rerunFailingTestsCount=2	plugins/packaging/maven-jmod-plugin	89	failed	4.02	
2026-09-30 05:35:29	clean-install--fae--Dsurefire.rerunFailingTestsCount=2	plugins/packaging/maven-source-plugin	103	failed	5.27	
2026-09-30 05:37:17	clean-install--fae--Dsurefire.rerunFailingTestsCount=2	plugins/packaging/maven-war-plugin	105	failed	4.21	
2026-09-30 05:38:00	clean-install--fae--Dsurefire.rerunFailingTestsCount=2	plugins/reporting/jxr	42	failed	5.43	
2026-09-30 05:39:30	clean-install--fae--Dsurefire.rerunFailingTestsCount=2	plugins/reporting/maven-changelog-plugin	90	failed	4.94	
2026-09-30 05:41:18	clean-install--fae--Dsurefire.rerunFailingTestsCount=2	plugins/reporting/maven-changes-plugin	106	failed	4.51	
2026-09-30 05:42:30	clean-install--fae--Dsurefire.rerunFailingTestsCount=2	plugins/reporting/maven-doap-plugin	71	failed	3.98	
2026-09-30 05:44:41	clean-install--fae--Dsurefire.rerunFailingTestsCount=2	plugins/reporting/maven-javadoc-plugin	127	failed	4.79	
2026-09-30 05:45:53	clean-install--fae--Dsurefire.rerunFailingTestsCount=2	plugins/reporting/maven-jdeps-plugin	71	failed	3.43	
2026-09-30 05:47:50	clean-install--fae--Dsurefire.rerunFailingTestsCount=2	plugins/reporting/maven-pmd-plugin	115	failed	5.01	
2026-09-30 05:49:28	clean-install--fae--Dsurefire.rerunFailingTestsCount=2	plugins/reporting/maven-project-info-reports-plugin	97	failed	6.55	
2026-09-30 05:50:34	clean-install--fae--Dsurefire.rerunFailingTestsCount=2	plugins/tools/archetype	65	failed	4.85	
2026-09-30 05:51:56	clean-install--fae--Dsurefire.rerunFailingTestsCount=2	plugins/tools/enforcer	81	failed	5.94	
2026-09-30 05:54:10	clean-install--fae--Dsurefire.rerunFailingTestsCount=2	plugins/tools/maven-antrun-plugin	133	failed	7.77	
2026-09-30 05:57:20	clean-install--fae--Dsurefire.rerunFailingTestsCount=2	plugins/tools/maven-artifact-plugin	189	failed	8.97	
2026-09-30 06:00:45	clean-install--fae--Dsurefire.rerunFailingTestsCount=2	plugins/tools/maven-assembly-plugin	201	failed	7.54	
2026-09-30 06:04:14	clean-install--fae--Dsurefire.rerunFailingTestsCount=2	plugins/tools/maven-dependency-plugin	207	failed	5.68	
2026-09-30 06:06:13	clean-install--fae--Dsurefire.rerunFailingTestsCount=2	plugins/tools/maven-help-plugin	118	failed	7.16	
2026-09-30 06:09:02	clean-install--fae--Dsurefire.rerunFailingTestsCount=2	plugins/tools/maven-invoker-plugin	167	failed	10.32	
2026-09-30 06:11:03	clean-install--fae--Dsurefire.rerunFailingTestsCount=2	plugins/tools/maven-jarsigner-plugin	120	failed	6.07	
2026-09-30 06:13:30	clean-install--fae--Dsurefire.rerunFailingTestsCount=2	plugins/tools/maven-remote-resources-plugin	145	failed	9.27	
2026-09-30 06:15:45	clean-install--fae--Dsurefire.rerunFailingTestsCount=2	plugins/tools/maven-scm-publish-plugin	134	failed	5.97	
2026-09-30 06:17:44	clean-install--fae--Dsurefire.rerunFailingTestsCount=2	plugins/tools/plugin-tools	117	failed	5.93	
2026-09-30 06:19:34	clean-install--fae--Dsurefire.rerunFailingTestsCount=2	plugins/tools/release	108	failed	3.64	
2026-09-30 06:21:55	clean-install--fae--Dsurefire.rerunFailingTestsCount=2	plugins/tools/scm	137	failed	5.39	
2026-09-30 06:23:43	clean-install--fae--Dsurefire.rerunFailingTestsCount=2	shared-4/archiver	107	failed	4.20	
2026-09-30 06:26:05	clean-install--fae--Dsurefire.rerunFailingTestsCount=2	shared-4/filtering	140	failed	5.02	
2026-09-30 06:27:51	clean-install--fae--Dsurefire.rerunFailingTestsCount=2	shared/archiver	105	failed	7.30	
2026-09-30 06:29:44	clean-install--fae--Dsurefire.rerunFailingTestsCount=2	shared/common-artifact-filters	111	failed	6.73	
2026-09-30 06:31:40	clean-install--fae--Dsurefire.rerunFailingTestsCount=2	shared/filtering	115	failed	6.16	
2026-09-30 06:33:36	clean-install--fae--Dsurefire.rerunFailingTestsCount=2	shared/invoker	114	failed	5.70	
2026-09-30 06:35:16	clean-install--fae--Dsurefire.rerunFailingTestsCount=2	shared/jarsigner	99	failed	5.50	
2026-09-30 06:36:47	clean-install--fae--Dsurefire.rerunFailingTestsCount=2	shared/reporting-api	89	failed	6.44	
2026-09-30 06:38:37	clean-install--fae--Dsurefire.rerunFailingTestsCount=2	shared/reporting-impl	109	failed	4.96	
2026-09-30 06:40:46	clean-install--fae--Dsurefire.rerunFailingTestsCount=2	shared/script-interpreter	128	failed	4.76	
2026-09-30 06:42:47	clean-install--fae--Dsurefire.rerunFailingTestsCount=2	shared/shared-jar	119	failed	9.38	
2026-09-30 06:44:28	clean-install--fae--Dsurefire.rerunFailingTestsCount=2	shared/verifier	100	failed	4.25	
2026-09-30 06:46:12	clean-install--fae--Dsurefire.rerunFailingTestsCount=2	site	103	failed	4.08	
2026-09-30 07:20:10	scan	core/3.x/its-3	1947	ok	3.39	
2026-09-30 07:41:30	scan	core/3.x/maven-3	1280	ok	5.00	
2026-09-30 07:48:47	scan	core/3.x/mvnd-1	436	ok	3.45	
2026-09-30 07:52:30	scan	core/build-cache	223	ok	5.14	
2026-09-30 08:22:34	scan	core/maven	1803	ok	2.36	
2026-09-30 08:49:27	scan	core/maven-4.0.x	1612	ok	2.98	
2026-09-30 08:54:07	scan	core/mvnd	279	ok	2.45	
2026-09-30 09:06:18	scan	core/resolver	731	ok	3.46	
2026-09-30 09:09:56	scan	core/resolver-ant-tasks	218	ok	4.02	
2026-09-30 09:18:01	scan	core/wrapper	485	ok	4.62	
2026-09-30 09:26:26	scan	doxia/doxia	504	ok	3.56	
2026-09-30 10:08:12	scan	doxia/sitetools	2505	ok	19.68	
2026-09-30 10:13:15	scan	doxia/tools/converter	302	ok	17.70	
2026-09-30 11:26:52	scan	misc/archetypes	4417	ok	4.00	
2026-09-30 11:37:28	scan	misc/dist-tool	635	ok	4.56	
2026-09-30 11:51:01	scan	misc/executor	813	ok	3.26	
2026-09-30 11:53:12	scan	misc/gh-actions-shared/v5	130	ok	2.71	
2026-09-30 12:05:43	scan	misc/indexer	750	ok	2.28	
2026-09-30 12:07:54	scan	misc/pom/apache	131	ok	3.80	
2026-09-30 12:12:14	scan	misc/pom/apache-resources	260	ok	4.77	
2026-09-30 12:17:16	scan	misc/pom/maven	301	ok	2.17	
2026-09-30 12:19:19	scan	misc/skins/fluido	123	ok	2.46	
2026-09-30 12:35:15	scan	misc/wagon	955	ok	5.06	
2026-09-30 12:38:03	scan	plexus/build-api	167	ok	3.22	
2026-09-30 12:40:36	scan	plexus/classworlds	151	ok	5.08	
2026-09-30 12:42:51	scan	plexus/codehaus-plexus.github.io	135	ok	2.90	
2026-09-30 12:46:15	scan	plexus/components/archiver	204	ok	3.81	
2026-09-30 13:08:06	scan	plexus/components/compiler	1311	ok	1.55	
2026-09-30 13:11:05	scan	plexus/components/i18n	178	ok	3.71	
2026-09-30 13:14:01	scan	plexus/components/interactivity	175	ok	3.61	
2026-09-30 13:16:42	scan	plexus/components/interpolation	160	ok	4.11	
2026-09-30 13:19:49	scan	plexus/components/io	186	ok	5.37	
2026-09-30 13:23:47	scan	plexus/components/languages	237	ok	4.31	
2026-09-30 13:26:33	scan	plexus/components/resources	166	ok	3.36	
2026-09-30 13:29:38	scan	plexus/components/sec-dispatcher	185	ok	2.59	
2026-09-30 13:32:12	scan	plexus/components/velocity	153	ok	4.30	
2026-09-30 13:44:38	scan	plexus/modello	746	ok	2.03	
2026-09-30 13:47:29	scan	plexus/pom/plexus	170	ok	2.98	
2026-09-30 13:50:02	scan	plexus/testing	152	ok	3.85	
2026-09-30 13:53:30	scan	plexus/utils	208	ok	3.94	
2026-09-30 13:56:20	scan	plexus/xml	170	ok	3.96	
2026-09-30 13:59:36	scan	plugins/core-4/maven-clean-plugin	195	ok	3.14	
2026-09-30 14:03:08	scan	plugins/core-4/maven-compiler-plugin	211	ok	2.52	
2026-09-30 14:06:29	scan	plugins/core-4/maven-deploy-plugin	200	ok	3.87	
2026-09-30 14:09:37	scan	plugins/core-4/maven-install-plugin	187	ok	4.10	
2026-09-30 14:12:51	scan	plugins/core-4/maven-resources-plugin	193	ok	2.52	
2026-09-30 14:17:12	scan	plugins/core/maven-clean-plugin	261	ok	2.50	
2026-09-30 14:20:28	scan	plugins/core/maven-compiler-plugin	196	ok	3.89	
2026-09-30 14:23:12	scan	plugins/core/maven-deploy-plugin	163	ok	3.06	
2026-09-30 14:25:51	scan	plugins/core/maven-install-plugin	158	ok	3.49	
2026-09-30 14:28:42	scan	plugins/core/maven-resources-plugin	170	ok	4.01	
2026-09-30 14:32:59	scan	plugins/core/maven-site-plugin	255	ok	4.32	
2026-09-30 14:43:05	scan	plugins/core/surefire	606	ok	3.71	
2026-09-30 14:46:16	scan	plugins/packaging-4/maven-jar-plugin	191	ok	2.46	
2026-09-30 14:49:08	scan	plugins/packaging-4/maven-source-plugin	171	ok	3.02	
2026-09-30 14:51:38	scan	plugins/packaging/maven-acr-plugin	150	ok	4.01	
2026-09-30 14:55:41	scan	plugins/packaging/maven-ear-plugin	242	ok	7.40	
2026-09-30 14:59:24	scan	plugins/packaging/maven-ejb-plugin	221	ok	4.34	
2026-09-30 15:01:17	scan	plugins/packaging/maven-jar-plugin	112	ok	7.43	
2026-09-30 15:04:29	scan	plugins/packaging/maven-jlink-plugin	191	ok	4.42	
2026-09-30 15:07:27	scan	plugins/packaging/maven-jmod-plugin	177	ok	2.78	
2026-09-30 15:10:02	scan	plugins/packaging/maven-rar-plugin	154	ok	3.77	
2026-09-30 15:13:44	scan	plugins/packaging/maven-shade-plugin	221	ok	3.53	
2026-09-30 15:15:43	scan	plugins/packaging/maven-source-plugin	119	ok	4.36	
2026-09-30 15:19:04	scan	plugins/packaging/maven-war-plugin	200	ok	5.29	
2026-09-30 15:22:55	scan	plugins/reporting/jxr	229	ok	3.97	
2026-09-30 15:25:32	scan	plugins/reporting/maven-changelog-plugin	157	ok	2.11	
2026-09-30 15:29:01	scan	plugins/reporting/maven-changes-plugin	209	ok	2.99	
2026-09-30 15:35:59	scan	plugins/reporting/maven-checkstyle-plugin	417	ok	3.50	
2026-09-30 15:40:09	scan	plugins/reporting/maven-doap-plugin	250	ok	3.79	
2026-09-30 15:44:18	scan	plugins/reporting/maven-javadoc-plugin	248	ok	3.67	
2026-09-30 15:46:52	scan	plugins/reporting/maven-jdeps-plugin	153	ok	2.66	
2026-09-30 15:55:14	scan	plugins/reporting/maven-pmd-plugin	501	ok	2.67	
2026-09-30 15:59:42	scan	plugins/reporting/maven-project-info-reports-plugin	268	ok	2.70	
2026-09-30 16:11:49	scan	plugins/tools/archetype	726	ok	3.18	
2026-09-30 16:16:21	scan	plugins/tools/enforcer	271	ok	2.68	
2026-09-30 16:18:57	scan	plugins/tools/maven-antrun-plugin	156	ok	4.10	
2026-09-30 16:21:29	scan	plugins/tools/maven-artifact-plugin	152	ok	4.22	
2026-09-30 16:24:57	scan	plugins/tools/maven-assembly-plugin	208	ok	4.34	
2026-09-30 16:28:16	scan	plugins/tools/maven-dependency-plugin	198	ok	3.98	
2026-09-30 16:31:46	scan	plugins/tools/maven-gpg-plugin	209	ok	3.29	
2026-09-30 16:35:06	scan	plugins/tools/maven-help-plugin	199	ok	4.13	
2026-09-30 16:37:55	scan	plugins/tools/maven-invoker-plugin	168	ok	3.24	
2026-09-30 16:40:39	scan	plugins/tools/maven-jarsigner-plugin	163	ok	3.20	
2026-09-30 16:43:24	scan	plugins/tools/maven-jdeprscan-plugin	164	ok	3.23	
2026-09-30 16:45:59	scan	plugins/tools/maven-remote-resources-plugin	155	ok	4.82	
2026-09-30 16:49:12	scan	plugins/tools/maven-scm-publish-plugin	193	ok	5.30	
2026-09-30 16:51:29	scan	plugins/tools/maven-scripting-plugin	136	ok	4.72	
2026-09-30 16:54:12	scan	plugins/tools/maven-toolchains-plugin	162	ok	3.89	
2026-09-30 17:00:01	scan	plugins/tools/plugin-tools	348	ok	3.97	
2026-09-30 17:05:49	scan	plugins/tools/release	347	ok	4.03	
2026-09-30 17:18:27	scan	plugins/tools/scm	757	ok	2.36	
2026-09-30 17:22:32	scan	shared-4/archiver	244	ok	3.15	
2026-09-30 17:26:49	scan	shared-4/filtering	256	ok	3.96	
2026-09-30 17:29:51	scan	shared/archiver	181	ok	3.97	
2026-09-30 17:33:00	scan	shared/common-artifact-filters	188	ok	3.08	
2026-09-30 17:35:53	scan	shared/dependency-analyzer	172	ok	5.01	
2026-09-30 17:38:33	scan	shared/dependency-tree	160	ok	4.92	
2026-09-30 17:41:21	scan	shared/file-management	168	ok	5.35	
2026-09-30 17:44:36	scan	shared/filtering	195	ok	5.06	
2026-09-30 17:48:24	scan	shared/invoker	225	ok	2.47	
2026-09-30 17:51:07	scan	shared/jarsigner	163	ok	3.52	
2026-09-30 17:52:28	scan	shared/mapping	81	ok	3.79	
2026-09-30 17:53:38	scan	shared/reporting-api	70	ok	3.21	
2026-09-30 17:56:21	scan	shared/reporting-exec	163	ok	3.11	
2026-09-30 17:58:26	scan	shared/reporting-impl	125	ok	3.96	
2026-09-30 18:01:45	scan	shared/script-interpreter	198	ok	3.25	
2026-09-30 18:03:53	scan	shared/shared-incremental	127	ok	3.10	
2026-09-30 18:07:37	scan	shared/shared-io	224	ok	4.53	
2026-09-30 18:11:25	scan	shared/shared-jar	227	ok	4.06	
2026-09-30 18:14:24	scan	shared/shared-resources	178	ok	3.87	
2026-09-30 18:17:25	scan	shared/shared-utils	180	ok	4.72	
2026-09-30 18:20:22	scan	shared/verifier	176	ok	2.39	
2026-09-30 18:31:50	scan	sisu/sisu-project	688	ok	2.58	
2026-09-30 18:35:14	scan	site	203	ok	4.14	
2026-09-30 18:38:46	scan	studies/maven-basedir-filesystem	212	ok	4.49	
2026-09-30 18:44:22	scan	studies/maven-ci-extension	336	ok	4.00	
2026-09-30 18:48:03	scan	studies/maven-default-plugins	220	ok	3.12	
2026-10-01 03:06:28	clean-install--fae--Dsurefire.rerunFailingTestsCount=2	core/3.x/its-3	293	ok	4.98	
2026-10-01 03:08:40	clean-install--fae--Dsurefire.rerunFailingTestsCount=2	core/3.x/maven-3	129	failed	6.44	
2026-10-01 03:12:24	clean-install--fae--Dsurefire.rerunFailingTestsCount=2	core/3.x/mvnd-1	222	failed	3.75	
2026-10-01 03:14:25	clean-install--fae--Dsurefire.rerunFailingTestsCount=2	core/build-cache	118	failed	3.44	
2026-10-01 03:50:56	clean-install--fae--Dsurefire.rerunFailingTestsCount=2	core/maven	2170	ok	4.39	
2026-10-01 03:52:07	clean-install--fae--Dsurefire.rerunFailingTestsCount=2	core/maven-4.0.x	67	failed	6.18	
2026-10-01 03:54:48	clean-install--fae--Dsurefire.rerunFailingTestsCount=2	core/mvnd	159	failed	11.70	
2026-10-01 03:59:42	clean-install--fae--Dsurefire.rerunFailingTestsCount=2	core/resolver	292	failed	4.62	
2026-10-01 04:01:17	clean-install--fae--Dsurefire.rerunFailingTestsCount=2	core/resolver-ant-tasks	94	failed	4.43	
2026-10-01 04:02:21	clean-install--fae--Dsurefire.rerunFailingTestsCount=2	core/wrapper	63	failed	6.53	
2026-10-01 04:03:43	clean-install--fae--Dsurefire.rerunFailingTestsCount=2	doxia/sitetools	80	failed	3.92	
2026-10-01 04:05:02	clean-install--fae--Dsurefire.rerunFailingTestsCount=2	doxia/tools/converter	79	failed	5.57	
2026-10-01 04:17:04	clean-install--fae--Dsurefire.rerunFailingTestsCount=2	misc/archetypes	707	ok	5.92	
2026-10-01 04:18:52	clean-install--fae--Dsurefire.rerunFailingTestsCount=2	misc/dist-tool	107	failed	5.29	
2026-10-01 04:20:14	clean-install--fae--Dsurefire.rerunFailingTestsCount=2	misc/executor	81	failed	3.21	
2026-10-01 04:21:09	clean-install--fae--Dsurefire.rerunFailingTestsCount=2	misc/gh-actions-shared/v5	54	failed	4.20	
2026-10-01 04:32:41	clean-install--fae--Dsurefire.rerunFailingTestsCount=2	misc/indexer	686	ok	5.46	
2026-10-01 04:34:19	clean-install--fae--Dsurefire.rerunFailingTestsCount=2	misc/pom/apache-resources	94	failed	4.34	
2026-10-01 04:35:17	clean-install--fae--Dsurefire.rerunFailingTestsCount=2	misc/pom/maven	57	ok	5.74	
2026-10-01 04:39:34	clean-install--fae--Dsurefire.rerunFailingTestsCount=2	misc/wagon	256	failed	3.26	
2026-10-01 04:44:08	clean-install--fae--Dsurefire.rerunFailingTestsCount=2	plexus/components/archiver	271	ok	5.60	
2026-10-01 04:49:29	clean-install--fae--Dsurefire.rerunFailingTestsCount=2	plexus/components/compiler	319	ok	3.85	
2026-10-01 04:50:14	clean-install--fae--Dsurefire.rerunFailingTestsCount=2	plexus/components/resources	44	ok	7.38	
2026-10-01 04:51:23	clean-install--fae--Dsurefire.rerunFailingTestsCount=2	plexus/components/sec-dispatcher	68	ok	5.42	
2026-10-01 04:52:05	clean-install--fae--Dsurefire.rerunFailingTestsCount=2	plexus/components/velocity	40	ok	4.80	
2026-10-01 04:52:34	clean-install--fae--Dsurefire.rerunFailingTestsCount=2	plexus/pom/plexus	29	ok	5.38	
2026-10-01 04:53:31	clean-install--fae--Dsurefire.rerunFailingTestsCount=2	plexus/testing	56	ok	5.68	
2026-10-01 04:54:04	clean-install--fae--Dsurefire.rerunFailingTestsCount=2	plugins/core-4/maven-clean-plugin	33	failed	6.56	
2026-10-01 04:54:38	clean-install--fae--Dsurefire.rerunFailingTestsCount=2	plugins/core-4/maven-compiler-plugin	33	failed	6.30	
2026-10-01 04:55:11	clean-install--fae--Dsurefire.rerunFailingTestsCount=2	plugins/core-4/maven-deploy-plugin	32	failed	6.06	
2026-10-01 04:55:42	clean-install--fae--Dsurefire.rerunFailingTestsCount=2	plugins/core-4/maven-install-plugin	30	failed	4.95	
2026-10-01 04:57:07	clean-install--fae--Dsurefire.rerunFailingTestsCount=2	plugins/core-4/maven-resources-plugin	84	failed	4.13	
2026-10-01 04:57:49	clean-install--fae--Dsurefire.rerunFailingTestsCount=2	plugins/core/maven-clean-plugin	41	failed	4.15	
2026-10-01 04:59:27	clean-install--fae--Dsurefire.rerunFailingTestsCount=2	plugins/core/maven-compiler-plugin	96	failed	3.26	
2026-10-01 05:00:39	clean-install--fae--Dsurefire.rerunFailingTestsCount=2	plugins/core/maven-deploy-plugin	71	failed	5.10	
2026-10-01 05:01:52	clean-install--fae--Dsurefire.rerunFailingTestsCount=2	plugins/core/maven-install-plugin	72	failed	4.56	
2026-10-01 05:02:57	clean-install--fae--Dsurefire.rerunFailingTestsCount=2	plugins/core/maven-resources-plugin	64	failed	3.39	
2026-10-01 05:04:46	clean-install--fae--Dsurefire.rerunFailingTestsCount=2	plugins/core/maven-site-plugin	107	failed	4.70	
2026-10-01 05:16:06	clean-install--fae--Dsurefire.rerunFailingTestsCount=2	plugins/core/surefire	673	failed	2.95	
2026-10-01 05:17:25	clean-install--fae--Dsurefire.rerunFailingTestsCount=2	plugins/packaging-4/maven-jar-plugin	78	failed	3.23	
2026-10-01 05:18:38	clean-install--fae--Dsurefire.rerunFailingTestsCount=2	plugins/packaging-4/maven-source-plugin	72	failed	3.87	
2026-10-01 05:19:46	clean-install--fae--Dsurefire.rerunFailingTestsCount=2	plugins/packaging/maven-acr-plugin	67	failed	3.72	
2026-10-01 05:21:06	clean-install--fae--Dsurefire.rerunFailingTestsCount=2	plugins/packaging/maven-ear-plugin	78	failed	3.42	
2026-10-01 05:21:58	clean-install--fae--Dsurefire.rerunFailingTestsCount=2	plugins/packaging/maven-ejb-plugin	51	failed	2.79	
2026-10-01 05:22:49	clean-install--fae--Dsurefire.rerunFailingTestsCount=2	plugins/packaging/maven-jar-plugin	50	failed	5.90	
2026-10-01 05:23:41	clean-install--fae--Dsurefire.rerunFailingTestsCount=2	plugins/packaging/maven-jlink-plugin	52	failed	5.29	
2026-10-01 05:25:11	clean-install--fae--Dsurefire.rerunFailingTestsCount=2	plugins/packaging/maven-jmod-plugin	90	failed	5.50	
2026-10-01 05:27:18	clean-install--fae--Dsurefire.rerunFailingTestsCount=2	plugins/packaging/maven-shade-plugin	124	failed	5.26	
2026-10-01 05:28:54	clean-install--fae--Dsurefire.rerunFailingTestsCount=2	plugins/packaging/maven-source-plugin	95	failed	6.21	
2026-10-01 05:30:03	clean-install--fae--Dsurefire.rerunFailingTestsCount=2	plugins/packaging/maven-war-plugin	67	failed	6.95	
2026-10-01 05:31:00	clean-install--fae--Dsurefire.rerunFailingTestsCount=2	plugins/reporting/jxr	56	failed	5.90	
2026-10-01 05:32:30	clean-install--fae--Dsurefire.rerunFailingTestsCount=2	plugins/reporting/maven-changelog-plugin	90	failed	5.56	
2026-10-01 05:34:23	clean-install--fae--Dsurefire.rerunFailingTestsCount=2	plugins/reporting/maven-changes-plugin	112	failed	5.48	
2026-10-01 05:36:36	clean-install--fae--Dsurefire.rerunFailingTestsCount=2	plugins/reporting/maven-checkstyle-plugin	131	failed	3.83	
2026-10-01 05:37:25	clean-install--fae--Dsurefire.rerunFailingTestsCount=2	plugins/reporting/maven-doap-plugin	48	failed	5.65	
2026-10-01 05:38:31	clean-install--fae--Dsurefire.rerunFailingTestsCount=2	plugins/reporting/maven-javadoc-plugin	64	failed	7.62	
2026-10-01 05:39:15	clean-install--fae--Dsurefire.rerunFailingTestsCount=2	plugins/reporting/maven-jdeps-plugin	44	failed	5.49	
2026-10-01 05:40:38	clean-install--fae--Dsurefire.rerunFailingTestsCount=2	plugins/reporting/maven-pmd-plugin	82	failed	5.79	
2026-10-01 05:41:51	clean-install--fae--Dsurefire.rerunFailingTestsCount=2	plugins/reporting/maven-project-info-reports-plugin	72	failed	2.86	
2026-10-01 05:42:41	clean-install--fae--Dsurefire.rerunFailingTestsCount=2	plugins/tools/archetype	49	failed	3.67	
2026-10-01 05:43:32	clean-install--fae--Dsurefire.rerunFailingTestsCount=2	plugins/tools/enforcer	50	failed	2.88	
2026-10-01 05:44:43	clean-install--fae--Dsurefire.rerunFailingTestsCount=2	plugins/tools/maven-antrun-plugin	70	failed	2.74	
2026-10-01 05:46:01	clean-install--fae--Dsurefire.rerunFailingTestsCount=2	plugins/tools/maven-artifact-plugin	77	failed	6.06	
2026-10-01 05:47:44	clean-install--fae--Dsurefire.rerunFailingTestsCount=2	plugins/tools/maven-assembly-plugin	101	failed	3.38	
2026-10-01 05:49:34	clean-install--fae--Dsurefire.rerunFailingTestsCount=2	plugins/tools/maven-dependency-plugin	109	failed	2.52	
2026-10-01 05:50:52	clean-install--fae--Dsurefire.rerunFailingTestsCount=2	plugins/tools/maven-gpg-plugin	77	failed	4.82	
2026-10-01 05:52:19	clean-install--fae--Dsurefire.rerunFailingTestsCount=2	plugins/tools/maven-help-plugin	86	failed	8.63	
2026-10-01 05:55:08	clean-install--fae--Dsurefire.rerunFailingTestsCount=2	plugins/tools/maven-invoker-plugin	167	failed	10.20	
2026-10-01 05:57:17	clean-install--fae--Dsurefire.rerunFailingTestsCount=2	plugins/tools/maven-jarsigner-plugin	127	failed	8.64	
2026-10-01 05:59:10	clean-install--fae--Dsurefire.rerunFailingTestsCount=2	plugins/tools/maven-jdeprscan-plugin	112	failed	6.94	
2026-10-01 06:01:38	clean-install--fae--Dsurefire.rerunFailingTestsCount=2	plugins/tools/maven-remote-resources-plugin	147	failed	7.24	
2026-10-01 06:03:40	clean-install--fae--Dsurefire.rerunFailingTestsCount=2	plugins/tools/maven-scm-publish-plugin	121	failed	8.38	
2026-10-01 06:05:36	clean-install--fae--Dsurefire.rerunFailingTestsCount=2	plugins/tools/maven-scripting-plugin	115	failed	6.16	
2026-10-01 06:07:43	clean-install--fae--Dsurefire.rerunFailingTestsCount=2	plugins/tools/maven-toolchains-plugin	125	failed	6.78	
2026-10-01 06:10:11	clean-install--fae--Dsurefire.rerunFailingTestsCount=2	plugins/tools/plugin-tools	145	failed	4.54	
2026-10-01 06:12:13	clean-install--fae--Dsurefire.rerunFailingTestsCount=2	plugins/tools/release	119	failed	7.74	
2026-10-01 06:14:46	clean-install--fae--Dsurefire.rerunFailingTestsCount=2	plugins/tools/scm	149	failed	4.60	
2026-10-01 06:17:03	clean-install--fae--Dsurefire.rerunFailingTestsCount=2	shared-4/archiver	135	failed	5.41	
2026-10-01 06:19:12	clean-install--fae--Dsurefire.rerunFailingTestsCount=2	shared-4/filtering	128	failed	8.49	
2026-10-01 06:21:01	clean-install--fae--Dsurefire.rerunFailingTestsCount=2	shared/archiver	108	failed	7.87	
2026-10-01 06:22:49	clean-install--fae--Dsurefire.rerunFailingTestsCount=2	shared/common-artifact-filters	107	failed	3.88	
2026-10-01 06:24:48	clean-install--fae--Dsurefire.rerunFailingTestsCount=2	shared/dependency-analyzer	116	failed	7.52	
2026-10-01 06:26:43	clean-install--fae--Dsurefire.rerunFailingTestsCount=2	shared/dependency-tree	114	failed	6.92	
2026-10-01 06:28:27	clean-install--fae--Dsurefire.rerunFailingTestsCount=2	shared/file-management	103	failed	9.53	
2026-10-01 06:30:29	clean-install--fae--Dsurefire.rerunFailingTestsCount=2	shared/filtering	120	failed	3.17	
2026-10-01 06:32:25	clean-install--fae--Dsurefire.rerunFailingTestsCount=2	shared/invoker	114	failed	6.62	
2026-10-01 06:34:05	clean-install--fae--Dsurefire.rerunFailingTestsCount=2	shared/jarsigner	98	failed	5.53	
2026-10-01 06:35:43	clean-install--fae--Dsurefire.rerunFailingTestsCount=2	shared/mapping	97	failed	4.04	
2026-10-01 06:37:21	clean-install--fae--Dsurefire.rerunFailingTestsCount=2	shared/reporting-api	97	failed	5.09	
2026-10-01 06:39:05	clean-install--fae--Dsurefire.rerunFailingTestsCount=2	shared/reporting-exec	103	failed	5.61	
2026-10-01 06:41:02	clean-install--fae--Dsurefire.rerunFailingTestsCount=2	shared/reporting-impl	116	failed	5.25	
2026-10-01 06:43:04	clean-install--fae--Dsurefire.rerunFailingTestsCount=2	shared/script-interpreter	121	failed	3.91	
2026-10-01 06:44:58	clean-install--fae--Dsurefire.rerunFailingTestsCount=2	shared/shared-jar	112	failed	6.23	
2026-10-01 06:46:12	clean-install--fae--Dsurefire.rerunFailingTestsCount=2	shared/shared-resources	73	failed	7.28	
2026-10-01 06:48:19	clean-install--fae--Dsurefire.rerunFailingTestsCount=2	shared/shared-utils	126	failed	4.38	
2026-10-01 06:50:02	clean-install--fae--Dsurefire.rerunFailingTestsCount=2	shared/verifier	102	failed	3.97	
2026-10-01 06:51:46	clean-install--fae--Dsurefire.rerunFailingTestsCount=2	site	103	failed	4.12	
2026-10-01 07:30:47	scan	core/3.x/its-3	2262	ok	3.74	
2026-10-01 07:48:22	scan	core/3.x/maven-3	1055	ok	5.93	
2026-10-01 07:56:20	scan	core/3.x/mvnd-1	477	ok	2.27	
2026-10-01 07:59:41	scan	core/build-cache	201	ok	6.43	
2026-10-01 08:25:10	scan	core/maven	1529	ok	4.46	
2026-10-01 08:44:23	scan	core/maven-4.0.x	1152	ok	3.23	
2026-10-01 08:48:08	scan	core/mvnd	225	ok	3.51	
2026-10-01 08:59:00	scan	core/resolver	652	ok	2.51	
2026-10-01 09:01:55	scan	core/resolver-ant-tasks	175	ok	4.50	
2026-10-01 09:08:27	scan	core/wrapper	392	ok	3.94	
2026-10-01 09:17:08	scan	doxia/doxia	521	ok	3.79	
2026-10-01 09:28:18	scan	doxia/sitetools	669	ok	4.04	
2026-10-01 09:31:50	scan	doxia/tools/converter	212	ok	4.19	
2026-10-01 09:53:32	scan	misc/archetypes	1301	ok	3.12	
2026-10-01 10:03:45	scan	misc/dist-tool	612	ok	4.47	
2026-10-01 10:18:07	scan	misc/executor	862	ok	2.61	
2026-10-01 10:19:50	scan	misc/gh-actions-shared/v5	102	ok	2.84	
2026-10-01 10:30:12	scan	misc/indexer	621	ok	2.88	
2026-10-01 10:31:12	scan	misc/pom/apache	60	ok	3.85	
2026-10-01 10:33:31	scan	misc/pom/apache-resources	139	ok	6.12	
2026-10-01 10:36:10	scan	misc/pom/maven	159	ok	3.64	
2026-10-01 10:37:31	scan	misc/skins/fluido	81	ok	5.29	
2026-10-01 10:50:37	scan	misc/wagon	785	ok	2.65	
2026-10-01 10:53:24	scan	plexus/build-api	167	ok	4.09	
2026-10-01 10:56:18	scan	plexus/classworlds	174	ok	3.04	
2026-10-01 10:58:37	scan	plexus/codehaus-plexus.github.io	139	ok	4.18	
2026-10-01 11:01:56	scan	plexus/components/archiver	199	ok	4.04	
2026-10-01 11:18:57	scan	plexus/components/compiler	1020	ok	3.30	
2026-10-01 11:20:18	scan	plexus/components/i18n	81	ok	4.90	
2026-10-01 11:23:00	scan	plexus/components/interactivity	161	ok	4.87	
2026-10-01 11:24:47	scan	plexus/components/interpolation	107	ok	3.64	
2026-10-01 11:27:01	scan	plexus/components/io	134	ok	2.84	
2026-10-01 11:30:54	scan	plexus/components/languages	232	ok	5.53	
2026-10-01 11:33:42	scan	plexus/components/resources	168	ok	4.50	
2026-10-01 11:36:13	scan	plexus/components/sec-dispatcher	150	ok	3.64	
2026-10-01 11:38:30	scan	plexus/components/velocity	137	ok	2.34	
2026-10-01 11:50:29	scan	plexus/modello	719	ok	2.27	
2026-10-01 11:53:12	scan	plexus/pom/plexus	163	ok	4.01	
2026-10-01 11:55:06	scan	plexus/testing	113	ok	3.22	
2026-10-01 11:58:10	scan	plexus/utils	183	ok	3.37	
2026-10-01 12:00:39	scan	plexus/xml	148	ok	4.41	
2026-10-01 12:03:42	scan	plugins/core-4/maven-clean-plugin	182	ok	2.62	
2026-10-01 12:06:25	scan	plugins/core-4/maven-compiler-plugin	162	ok	4.72	
2026-10-01 12:09:23	scan	plugins/core-4/maven-deploy-plugin	177	ok	5.10	
2026-10-01 12:12:14	scan	plugins/core-4/maven-install-plugin	170	ok	2.60	
2026-10-01 12:14:52	scan	plugins/core-4/maven-resources-plugin	157	ok	3.43	
2026-10-01 12:18:00	scan	plugins/core/maven-clean-plugin	186	ok	4.44	
2026-10-01 12:21:18	scan	plugins/core/maven-compiler-plugin	198	ok	4.88	
2026-10-01 12:23:49	scan	plugins/core/maven-deploy-plugin	150	ok	4.16	
2026-10-01 12:24:35	scan	plugins/core/maven-install-plugin	46	ok	5.09	
2026-10-01 12:26:32	scan	plugins/core/maven-resources-plugin	117	ok	2.44	
2026-10-01 12:29:01	scan	plugins/core/maven-site-plugin	149	ok	3.57	
2026-10-01 12:35:48	scan	plugins/core/surefire	407	ok	3.43	
2026-10-01 12:38:06	scan	plugins/packaging-4/maven-jar-plugin	138	ok	3.59	
2026-10-01 12:40:27	scan	plugins/packaging-4/maven-source-plugin	141	ok	3.44	
2026-10-01 12:42:42	scan	plugins/packaging/maven-acr-plugin	135	ok	1.85	
2026-10-01 12:45:14	scan	plugins/packaging/maven-ear-plugin	152	ok	5.17	
2026-10-01 12:47:39	scan	plugins/packaging/maven-ejb-plugin	143	ok	5.72	
2026-10-01 12:49:57	scan	plugins/packaging/maven-jar-plugin	138	ok	4.84	
2026-10-01 12:51:58	scan	plugins/packaging/maven-jlink-plugin	121	ok	5.57	
2026-10-01 12:54:06	scan	plugins/packaging/maven-jmod-plugin	127	ok	4.02	
2026-10-01 12:56:18	scan	plugins/packaging/maven-rar-plugin	131	ok	4.43	
2026-10-01 12:59:46	scan	plugins/packaging/maven-shade-plugin	207	ok	3.37	
2026-10-01 13:02:12	scan	plugins/packaging/maven-source-plugin	145	ok	4.55	
2026-10-01 13:04:42	scan	plugins/packaging/maven-war-plugin	149	ok	4.85	
2026-10-01 13:07:57	scan	plugins/reporting/jxr	195	ok	3.96	
2026-10-01 13:10:17	scan	plugins/reporting/maven-changelog-plugin	140	ok	4.39	
2026-10-01 13:13:36	scan	plugins/reporting/maven-changes-plugin	198	ok	3.36	
2026-10-01 13:19:02	scan	plugins/reporting/maven-checkstyle-plugin	325	ok	2.96	
2026-10-01 13:22:58	scan	plugins/reporting/maven-doap-plugin	236	ok	3.84	
2026-10-01 13:26:14	scan	plugins/reporting/maven-javadoc-plugin	196	ok	4.05	
2026-10-01 13:27:44	scan	plugins/reporting/maven-jdeps-plugin	90	ok	2.74	
2026-10-01 13:32:18	scan	plugins/reporting/maven-pmd-plugin	274	ok	3.21	
2026-10-01 13:35:17	scan	plugins/reporting/maven-project-info-reports-plugin	178	ok	3.27	
2026-10-01 13:47:11	scan	plugins/tools/archetype	714	ok	3.05	
2026-10-01 13:49:00	scan	plugins/tools/enforcer	109	ok	4.22	
2026-10-01 13:50:08	scan	plugins/tools/maven-antrun-plugin	68	ok	6.73	
2026-10-01 13:51:34	scan	plugins/tools/maven-artifact-plugin	86	ok	4.60	
2026-10-01 13:53:36	scan	plugins/tools/maven-assembly-plugin	120	ok	3.94	
2026-10-01 13:56:19	scan	plugins/tools/maven-dependency-plugin	163	ok	4.36	
2026-10-01 13:59:21	scan	plugins/tools/maven-gpg-plugin	181	ok	4.23	
2026-10-01 14:01:45	scan	plugins/tools/maven-help-plugin	144	ok	3.99	
2026-10-01 14:03:51	scan	plugins/tools/maven-invoker-plugin	125	ok	3.03	
2026-10-01 14:05:46	scan	plugins/tools/maven-jarsigner-plugin	115	ok	3.57	
2026-10-01 14:07:44	scan	plugins/tools/maven-jdeprscan-plugin	118	ok	3.02	
2026-10-01 14:10:00	scan	plugins/tools/maven-remote-resources-plugin	135	ok	4.87	
2026-10-01 14:12:59	scan	plugins/tools/maven-scm-publish-plugin	179	ok	3.63	
2026-10-01 14:15:04	scan	plugins/tools/maven-scripting-plugin	125	ok	3.68	
2026-10-01 14:16:59	scan	plugins/tools/maven-toolchains-plugin	114	ok	3.46	
2026-10-01 14:21:13	scan	plugins/tools/plugin-tools	253	ok	4.20	
2026-10-01 14:26:01	scan	plugins/tools/release	287	ok	3.78	
2026-10-01 14:32:15	scan	plugins/tools/scm	374	ok	3.81	
2026-10-01 14:34:39	scan	shared-4/archiver	143	ok	3.59	
2026-10-01 14:37:18	scan	shared-4/filtering	158	ok	4.86	
2026-10-01 14:40:09	scan	shared/archiver	169	ok	4.81	
2026-10-01 14:42:36	scan	shared/common-artifact-filters	147	ok	3.83	
2026-10-01 14:45:33	scan	shared/dependency-analyzer	177	ok	4.18	
2026-10-01 14:47:57	scan	shared/dependency-tree	143	ok	5.52	
2026-10-01 14:50:41	scan	shared/file-management	164	ok	4.26	
2026-10-01 14:53:24	scan	shared/filtering	162	ok	3.30	
2026-10-01 14:56:20	scan	shared/invoker	175	ok	8.63	
2026-10-01 14:59:28	scan	shared/jarsigner	187	ok	5.01	
2026-10-01 15:01:39	scan	shared/mapping	131	ok	4.82	
2026-10-01 15:03:00	scan	shared/reporting-api	81	ok	5.92	
2026-10-01 15:04:57	scan	shared/reporting-exec	117	ok	7.14	
2026-10-01 15:06:43	scan	shared/reporting-impl	106	ok	6.03	
2026-10-01 15:08:56	scan	shared/script-interpreter	133	ok	6.65	
2026-10-01 15:11:17	scan	shared/shared-incremental	140	ok	4.14	
2026-10-01 15:14:47	scan	shared/shared-io	208	ok	4.81	
2026-10-01 15:17:23	scan	shared/shared-jar	156	ok	5.71	
2026-10-01 15:19:46	scan	shared/shared-resources	143	ok	4.25	
2026-10-01 15:21:54	scan	shared/shared-utils	127	ok	4.95	
2026-10-01 15:23:56	scan	shared/verifier	122	ok	4.19	
2026-10-01 15:32:10	scan	sisu/sisu-project	494	ok	3.53	
2026-10-01 15:34:41	scan	site	151	ok	6.29	
2026-10-01 15:36:55	scan	studies/maven-basedir-filesystem	133	ok	4.12	
2026-10-01 15:41:41	scan	studies/maven-ci-extension	286	ok	3.38	
2026-10-01 15:44:27	scan	studies/maven-default-plugins	166	ok	2.82	
2026-10-02 03:08:39	clean-install--fae--Dsurefire.rerunFailingTestsCount=2	core/3.x/its-3	282	ok	5.71	
2026-10-02 03:10:03	clean-install--fae--Dsurefire.rerunFailingTestsCount=2	core/3.x/maven-3	83	failed	7.67	
2026-10-02 03:12:57	clean-install--fae--Dsurefire.rerunFailingTestsCount=2	core/3.x/mvnd-1	171	failed	13.80	
2026-10-02 03:13:52	clean-install--fae--Dsurefire.rerunFailingTestsCount=2	core/build-cache	54	failed	10.53	
2026-10-02 03:54:29	clean-install--fae--Dsurefire.rerunFailingTestsCount=2	core/maven	2425	ok	10.69	
2026-10-02 03:57:04	clean-install--fae--Dsurefire.rerunFailingTestsCount=2	core/maven-4.0.x	143	failed	5.19	
2026-10-02 04:02:33	clean-install--fae--Dsurefire.rerunFailingTestsCount=2	core/mvnd	326	failed	16.19	
2026-10-02 04:09:08	clean-install--fae--Dsurefire.rerunFailingTestsCount=2	core/resolver	393	failed	3.23	
2026-10-02 04:12:41	clean-install--fae--Dsurefire.rerunFailingTestsCount=2	core/resolver-ant-tasks	210	failed	5.12	
2026-10-02 04:14:40	clean-install--fae--Dsurefire.rerunFailingTestsCount=2	core/wrapper	114	failed	3.29	
2026-10-02 04:16:30	clean-install--fae--Dsurefire.rerunFailingTestsCount=2	doxia/doxia	106	failed	3.42	
2026-10-02 04:17:51	clean-install--fae--Dsurefire.rerunFailingTestsCount=2	doxia/sitetools	80	failed	4.12	
2026-10-02 04:19:03	clean-install--fae--Dsurefire.rerunFailingTestsCount=2	doxia/tools/converter	71	failed	5.98	
2026-10-02 04:30:01	clean-install--fae--Dsurefire.rerunFailingTestsCount=2	misc/archetypes	648	ok	3.98	
2026-10-02 04:31:55	clean-install--fae--Dsurefire.rerunFailingTestsCount=2	misc/dist-tool	112	failed	4.50	
2026-10-02 04:33:42	clean-install--fae--Dsurefire.rerunFailingTestsCount=2	misc/executor	106	failed	5.70	
2026-10-02 04:34:49	clean-install--fae--Dsurefire.rerunFailingTestsCount=2	misc/gh-actions-shared/v5	66	failed	4.92	
2026-10-02 04:42:43	clean-install--fae--Dsurefire.rerunFailingTestsCount=2	misc/indexer	469	ok	2.87	
2026-10-02 04:43:47	clean-install--fae--Dsurefire.rerunFailingTestsCount=2	misc/pom/apache-resources	63	failed	3.89	
2026-10-02 04:44:46	clean-install--fae--Dsurefire.rerunFailingTestsCount=2	misc/pom/maven	58	ok	4.20	
2026-10-02 04:49:04	clean-install--fae--Dsurefire.rerunFailingTestsCount=2	misc/wagon	257	failed	4.66	
2026-10-02 04:53:25	clean-install--fae--Dsurefire.rerunFailingTestsCount=2	plexus/components/archiver	259	ok	3.61	
2026-10-02 05:01:50	clean-install--fae--Dsurefire.rerunFailingTestsCount=2	plexus/components/compiler	500	ok	3.52	
2026-10-02 05:02:49	clean-install--fae--Dsurefire.rerunFailingTestsCount=2	plexus/components/resources	58	ok	3.98	
2026-10-02 05:04:30	clean-install--fae--Dsurefire.rerunFailingTestsCount=2	plexus/components/sec-dispatcher	100	ok	4.05	
2026-10-02 05:05:22	clean-install--fae--Dsurefire.rerunFailingTestsCount=2	plexus/components/velocity	52	ok	3.57	
2026-10-02 05:12:45	clean-install--fae--Dsurefire.rerunFailingTestsCount=2	plexus/modello	437	ok	3.61	
2026-10-02 05:13:35	clean-install--fae--Dsurefire.rerunFailingTestsCount=2	plexus/pom/plexus	49	ok	2.69	
2026-10-02 05:14:40	clean-install--fae--Dsurefire.rerunFailingTestsCount=2	plexus/testing	64	ok	3.89	
2026-10-02 05:15:13	clean-install--fae--Dsurefire.rerunFailingTestsCount=2	plugins/core-4/maven-clean-plugin	32	failed	4.48	
2026-10-02 05:15:48	clean-install--fae--Dsurefire.rerunFailingTestsCount=2	plugins/core-4/maven-compiler-plugin	33	failed	4.21	
2026-10-02 05:16:20	clean-install--fae--Dsurefire.rerunFailingTestsCount=2	plugins/core-4/maven-deploy-plugin	31	failed	3.77	
2026-10-02 05:16:52	clean-install--fae--Dsurefire.rerunFailingTestsCount=2	plugins/core-4/maven-install-plugin	32	failed	4.62	
2026-10-02 05:18:11	clean-install--fae--Dsurefire.rerunFailingTestsCount=2	plugins/core-4/maven-resources-plugin	78	failed	4.97	
2026-10-02 05:18:43	clean-install--fae--Dsurefire.rerunFailingTestsCount=2	plugins/core/maven-clean-plugin	31	failed	4.42	
2026-10-02 05:20:16	clean-install--fae--Dsurefire.rerunFailingTestsCount=2	plugins/core/maven-compiler-plugin	91	failed	3.74	
2026-10-02 05:21:31	clean-install--fae--Dsurefire.rerunFailingTestsCount=2	plugins/core/maven-deploy-plugin	74	failed	5.31	
2026-10-02 05:22:41	clean-install--fae--Dsurefire.rerunFailingTestsCount=2	plugins/core/maven-install-plugin	69	failed	5.29	
2026-10-02 05:23:55	clean-install--fae--Dsurefire.rerunFailingTestsCount=2	plugins/core/maven-resources-plugin	73	failed	4.86	
2026-10-02 05:25:35	clean-install--fae--Dsurefire.rerunFailingTestsCount=2	plugins/core/maven-site-plugin	99	failed	6.28	
2026-10-02 05:36:48	clean-install--fae--Dsurefire.rerunFailingTestsCount=2	plugins/core/surefire	666	failed	5.54	
2026-10-02 05:38:53	clean-install--fae--Dsurefire.rerunFailingTestsCount=2	plugins/packaging-4/maven-jar-plugin	124	failed	5.49	
2026-10-02 05:39:52	clean-install--fae--Dsurefire.rerunFailingTestsCount=2	plugins/packaging-4/maven-source-plugin	56	failed	6.28	
2026-10-02 05:40:42	clean-install--fae--Dsurefire.rerunFailingTestsCount=2	plugins/packaging/maven-acr-plugin	49	failed	4.28	
2026-10-02 05:41:49	clean-install--fae--Dsurefire.rerunFailingTestsCount=2	plugins/packaging/maven-ear-plugin	65	failed	4.61	
2026-10-02 05:43:31	clean-install--fae--Dsurefire.rerunFailingTestsCount=2	plugins/packaging/maven-ejb-plugin	101	failed	3.84	
2026-10-02 05:45:12	clean-install--fae--Dsurefire.rerunFailingTestsCount=2	plugins/packaging/maven-jar-plugin	100	failed	4.18	
2026-10-02 05:46:53	clean-install--fae--Dsurefire.rerunFailingTestsCount=2	plugins/packaging/maven-jlink-plugin	100	failed	5.01	
2026-10-02 05:47:39	clean-install--fae--Dsurefire.rerunFailingTestsCount=2	plugins/packaging/maven-jmod-plugin	45	failed	5.69	
2026-10-02 05:48:11	clean-install--fae--Dsurefire.rerunFailingTestsCount=2	plugins/packaging/maven-rar-plugin	32	failed	6.70	
2026-10-02 05:48:50	clean-install--fae--Dsurefire.rerunFailingTestsCount=2	plugins/packaging/maven-shade-plugin	38	failed	7.59	
2026-10-02 05:49:28	clean-install--fae--Dsurefire.rerunFailingTestsCount=2	plugins/packaging/maven-source-plugin	38	failed	7.04	
2026-10-02 05:50:35	clean-install--fae--Dsurefire.rerunFailingTestsCount=2	plugins/packaging/maven-war-plugin	65	failed	6.88	
2026-10-02 05:51:47	clean-install--fae--Dsurefire.rerunFailingTestsCount=2	plugins/reporting/jxr	71	failed	8.19	
2026-10-02 05:54:01	clean-install--fae--Dsurefire.rerunFailingTestsCount=2	plugins/reporting/maven-changelog-plugin	132	failed	8.57	
2026-10-02 05:57:08	clean-install--fae--Dsurefire.rerunFailingTestsCount=2	plugins/reporting/maven-changes-plugin	185	failed	8.90	
2026-10-02 05:59:49	clean-install--fae--Dsurefire.rerunFailingTestsCount=2	plugins/reporting/maven-checkstyle-plugin	160	failed	6.38	
2026-10-02 06:02:16	clean-install--fae--Dsurefire.rerunFailingTestsCount=2	plugins/reporting/maven-doap-plugin	146	failed	5.90	
2026-10-02 06:05:46	clean-install--fae--Dsurefire.rerunFailingTestsCount=2	plugins/reporting/maven-javadoc-plugin	207	failed	6.66	
2026-10-02 06:07:45	clean-install--fae--Dsurefire.rerunFailingTestsCount=2	plugins/reporting/maven-jdeps-plugin	118	failed	6.95	
2026-10-02 06:11:20	clean-install--fae--Dsurefire.rerunFailingTestsCount=2	plugins/reporting/maven-pmd-plugin	213	failed	7.81	
2026-10-02 06:14:19	clean-install--fae--Dsurefire.rerunFailingTestsCount=2	plugins/reporting/maven-project-info-reports-plugin	177	failed	10.97	
2026-10-02 06:16:18	clean-install--fae--Dsurefire.rerunFailingTestsCount=2	plugins/tools/archetype	116	failed	5.46	
2026-10-02 06:18:14	clean-install--fae--Dsurefire.rerunFailingTestsCount=2	plugins/tools/enforcer	113	failed	7.18	
2026-10-02 06:20:22	clean-install--fae--Dsurefire.rerunFailingTestsCount=2	plugins/tools/maven-antrun-plugin	127	failed	7.69	
2026-10-02 06:22:42	clean-install--fae--Dsurefire.rerunFailingTestsCount=2	plugins/tools/maven-artifact-plugin	138	failed	5.70	
2026-10-02 06:26:03	clean-install--fae--Dsurefire.rerunFailingTestsCount=2	plugins/tools/maven-assembly-plugin	197	failed	10.27	
2026-10-02 06:29:05	clean-install--fae--Dsurefire.rerunFailingTestsCount=2	plugins/tools/maven-dependency-plugin	179	failed	8.93	
2026-10-02 06:31:20	clean-install--fae--Dsurefire.rerunFailingTestsCount=2	plugins/tools/maven-gpg-plugin	134	failed	5.00	
2026-10-02 06:33:23	clean-install--fae--Dsurefire.rerunFailingTestsCount=2	plugins/tools/maven-help-plugin	122	failed	7.42	
2026-10-02 06:36:08	clean-install--fae--Dsurefire.rerunFailingTestsCount=2	plugins/tools/maven-invoker-plugin	163	failed	6.16	
2026-10-02 06:38:07	clean-install--fae--Dsurefire.rerunFailingTestsCount=2	plugins/tools/maven-jarsigner-plugin	118	failed	3.54	
2026-10-02 06:39:58	clean-install--fae--Dsurefire.rerunFailingTestsCount=2	plugins/tools/maven-jdeprscan-plugin	110	failed	5.07	
2026-10-02 06:42:08	clean-install--fae--Dsurefire.rerunFailingTestsCount=2	plugins/tools/maven-remote-resources-plugin	129	failed	12.51	
2026-10-02 06:44:05	clean-install--fae--Dsurefire.rerunFailingTestsCount=2	plugins/tools/maven-scm-publish-plugin	116	failed	10.27	
2026-10-02 06:45:58	clean-install--fae--Dsurefire.rerunFailingTestsCount=2	plugins/tools/maven-scripting-plugin	112	failed	7.69	
2026-10-02 06:48:14	clean-install--fae--Dsurefire.rerunFailingTestsCount=2	plugins/tools/maven-toolchains-plugin	135	failed	6.22	
2026-10-02 06:50:12	clean-install--fae--Dsurefire.rerunFailingTestsCount=2	plugins/tools/plugin-tools	116	failed	6.34	
2026-10-02 06:51:19	clean-install--fae--Dsurefire.rerunFailingTestsCount=2	plugins/tools/release	65	failed	3.78	
2026-10-02 06:52:16	clean-install--fae--Dsurefire.rerunFailingTestsCount=2	plugins/tools/scm	56	failed	7.42	
2026-10-02 06:52:56	clean-install--fae--Dsurefire.rerunFailingTestsCount=2	shared-4/archiver	40	failed	8.32	
2026-10-02 06:54:12	clean-install--fae--Dsurefire.rerunFailingTestsCount=2	shared-4/filtering	75	failed	5.58	
2026-10-02 06:55:43	clean-install--fae--Dsurefire.rerunFailingTestsCount=2	shared/archiver	90	failed	4.28	
2026-10-02 06:57:03	clean-install--fae--Dsurefire.rerunFailingTestsCount=2	shared/common-artifact-filters	79	failed	6.38	
2026-10-02 06:57:52	clean-install--fae--Dsurefire.rerunFailingTestsCount=2	shared/dependency-analyzer	48	failed	5.03	
2026-10-02 06:58:24	clean-install--fae--Dsurefire.rerunFailingTestsCount=2	shared/dependency-tree	31	failed	5.03	
2026-10-02 06:59:24	clean-install--fae--Dsurefire.rerunFailingTestsCount=2	shared/file-management	59	failed	6.00	
2026-10-02 07:01:01	clean-install--fae--Dsurefire.rerunFailingTestsCount=2	shared/filtering	96	failed	5.39	
2026-10-02 07:02:16	clean-install--fae--Dsurefire.rerunFailingTestsCount=2	shared/invoker	74	failed	5.10	
2026-10-02 07:03:14	clean-install--fae--Dsurefire.rerunFailingTestsCount=2	shared/jarsigner	57	failed	5.59	
2026-10-02 07:04:03	clean-install--fae--Dsurefire.rerunFailingTestsCount=2	shared/mapping	48	failed	4.90	
2026-10-02 07:05:21	clean-install--fae--Dsurefire.rerunFailingTestsCount=2	shared/reporting-api	77	failed	5.31	
2026-10-02 07:06:49	clean-install--fae--Dsurefire.rerunFailingTestsCount=2	shared/reporting-exec	87	failed	5.24	
2026-10-02 07:07:58	clean-install--fae--Dsurefire.rerunFailingTestsCount=2	shared/reporting-impl	68	failed	4.28	
2026-10-02 07:08:49	clean-install--fae--Dsurefire.rerunFailingTestsCount=2	shared/script-interpreter	51	failed	4.94	
2026-10-02 07:10:11	clean-install--fae--Dsurefire.rerunFailingTestsCount=2	shared/shared-jar	81	failed	5.49	
2026-10-02 07:11:14	clean-install--fae--Dsurefire.rerunFailingTestsCount=2	shared/shared-resources	63	failed	6.29	
2026-10-02 07:12:56	clean-install--fae--Dsurefire.rerunFailingTestsCount=2	shared/shared-utils	101	failed	5.17	
2026-10-02 07:14:13	clean-install--fae--Dsurefire.rerunFailingTestsCount=2	shared/verifier	76	failed	6.30	
2026-10-02 07:15:45	clean-install--fae--Dsurefire.rerunFailingTestsCount=2	site	91	failed	4.72	
2026-10-02 07:59:23	scan	core/3.x/its-3	2547	ok	3.52	
2026-10-02 08:20:49	scan	core/3.x/maven-3	1285	ok	4.26	
2026-10-02 08:26:52	scan	core/3.x/mvnd-1	363	ok	2.95	
2026-10-02 08:30:04	scan	core/build-cache	191	ok	4.45	
2026-10-02 08:55:29	scan	core/maven	1525	ok	2.43	
2026-10-02 09:11:12	scan	core/maven-4.0.x	942	ok	4.25	
2026-10-02 09:17:55	scan	core/mvnd	403	ok	3.11	
2026-10-02 09:33:20	scan	core/resolver	925	ok	3.50	
2026-10-02 09:36:36	scan	core/resolver-ant-tasks	195	ok	4.07	
2026-10-02 09:42:44	scan	core/wrapper	367	ok	5.93	
2026-10-02 09:48:37	scan	doxia/doxia	352	ok	4.77	
2026-10-02 10:02:25	scan	doxia/sitetools	828	ok	3.06	
2026-10-02 10:06:17	scan	doxia/tools/converter	231	ok	3.56	
2026-10-02 10:27:09	scan	misc/archetypes	1251	ok	2.61	
2026-10-02 10:38:03	scan	misc/dist-tool	653	ok	2.28	
2026-10-02 10:51:40	scan	misc/executor	817	ok	2.80	
2026-10-02 10:53:49	scan	misc/gh-actions-shared/v5	129	ok	3.92	
2026-10-02 11:08:04	scan	misc/indexer	854	ok	4.90	
2026-10-02 11:10:30	scan	misc/pom/apache	144	ok	6.44	
2026-10-02 11:15:35	scan	misc/pom/apache-resources	305	ok	4.14	
2026-10-02 11:21:02	scan	misc/pom/maven	327	ok	2.95	
2026-10-02 11:23:11	scan	misc/skins/fluido	129	ok	5.94	
2026-10-02 11:37:33	scan	misc/wagon	861	ok	2.69	
2026-10-02 11:41:12	scan	plexus/build-api	219	ok	2.58	
2026-10-02 11:43:59	scan	plexus/classworlds	166	ok	2.14	
2026-10-02 11:46:13	scan	plexus/codehaus-plexus.github.io	133	ok	4.43	
2026-10-02 11:50:31	scan	plexus/components/archiver	258	ok	3.37	
2026-10-02 12:04:40	scan	plexus/components/compiler	849	ok	3.97	
2026-10-02 12:06:23	scan	plexus/components/i18n	103	ok	5.71	
2026-10-02 12:09:20	scan	plexus/components/interactivity	176	ok	5.48	
2026-10-02 12:12:17	scan	plexus/components/interpolation	176	ok	4.48	
2026-10-02 12:15:12	scan	plexus/components/io	174	ok	5.76	
2026-10-02 12:19:36	scan	plexus/components/languages	263	ok	5.77	
2026-10-02 12:22:11	scan	plexus/components/resources	154	ok	4.44	
2026-10-02 12:24:50	scan	plexus/components/sec-dispatcher	159	ok	3.29	
2026-10-02 12:27:24	scan	plexus/components/velocity	154	ok	3.63	
2026-10-02 12:42:01	scan	plexus/modello	877	ok	2.55	
2026-10-02 12:44:26	scan	plexus/pom/plexus	144	ok	2.75	
2026-10-02 12:46:35	scan	plexus/testing	129	ok	3.53	
2026-10-02 12:50:09	scan	plexus/utils	214	ok	3.92	
2026-10-02 12:53:10	scan	plexus/xml	180	ok	4.09	
2026-10-02 12:56:00	scan	plugins/core-4/maven-clean-plugin	169	ok	3.35	
2026-10-02 12:58:59	scan	plugins/core-4/maven-compiler-plugin	179	ok	3.50	
2026-10-02 13:02:20	scan	plugins/core-4/maven-deploy-plugin	200	ok	2.17	
2026-10-02 13:04:47	scan	plugins/core-4/maven-install-plugin	146	ok	4.19	
2026-10-02 13:07:26	scan	plugins/core-4/maven-resources-plugin	159	ok	5.55	
2026-10-02 13:11:50	scan	plugins/core/maven-clean-plugin	263	ok	3.87	
2026-10-02 13:14:53	scan	plugins/core/maven-compiler-plugin	182	ok	3.36	
2026-10-02 13:17:42	scan	plugins/core/maven-deploy-plugin	168	ok	3.47	
2026-10-02 13:19:19	scan	plugins/core/maven-install-plugin	96	ok	4.16	
2026-10-02 13:21:27	scan	plugins/core/maven-resources-plugin	127	ok	4.82	
2026-10-02 13:25:47	scan	plugins/core/maven-site-plugin	259	ok	4.49	
2026-10-02 13:32:03	scan	plugins/core/surefire	376	ok	3.10	
2026-10-02 13:34:32	scan	plugins/packaging-4/maven-jar-plugin	147	ok	2.90	
2026-10-02 13:37:25	scan	plugins/packaging-4/maven-source-plugin	173	ok	3.44	
2026-10-02 13:39:40	scan	plugins/packaging/maven-acr-plugin	135	ok	5.59	
2026-10-02 13:43:01	scan	plugins/packaging/maven-ear-plugin	200	ok	3.56	
2026-10-02 13:45:42	scan	plugins/packaging/maven-ejb-plugin	160	ok	4.27	
2026-10-02 13:48:13	scan	plugins/packaging/maven-jar-plugin	150	ok	4.40	
2026-10-02 13:50:51	scan	plugins/packaging/maven-jlink-plugin	157	ok	3.11	
2026-10-02 13:53:09	scan	plugins/packaging/maven-jmod-plugin	138	ok	3.58	
2026-10-02 13:55:42	scan	plugins/packaging/maven-rar-plugin	152	ok	4.33	
2026-10-02 13:59:39	scan	plugins/packaging/maven-shade-plugin	236	ok	5.85	
2026-10-02 14:02:21	scan	plugins/packaging/maven-source-plugin	161	ok	5.06	
2026-10-02 14:05:11	scan	plugins/packaging/maven-war-plugin	169	ok	3.32	
2026-10-02 14:09:05	scan	plugins/reporting/jxr	234	ok	4.02	
2026-10-02 14:11:39	scan	plugins/reporting/maven-changelog-plugin	153	ok	3.28	
2026-10-02 14:15:01	scan	plugins/reporting/maven-changes-plugin	201	ok	5.65	
2026-10-02 14:21:12	scan	plugins/reporting/maven-checkstyle-plugin	371	ok	2.62	
2026-10-02 14:24:29	scan	plugins/reporting/maven-doap-plugin	196	ok	3.56	
2026-10-02 14:28:09	scan	plugins/reporting/maven-javadoc-plugin	220	ok	5.32	
2026-10-02 14:30:45	scan	plugins/reporting/maven-jdeps-plugin	155	ok	3.10	
2026-10-02 14:39:16	scan	plugins/reporting/maven-pmd-plugin	511	ok	3.36	
2026-10-02 14:43:36	scan	plugins/reporting/maven-project-info-reports-plugin	260	ok	5.10	
2026-10-02 14:54:46	scan	plugins/tools/archetype	670	ok	2.27	
2026-10-02 15:00:37	scan	plugins/tools/enforcer	350	ok	4.20	
2026-10-02 15:03:34	scan	plugins/tools/maven-antrun-plugin	176	ok	5.29	
2026-10-02 15:05:07	scan	plugins/tools/maven-artifact-plugin	93	ok	5.65	
2026-10-02 15:08:20	scan	plugins/tools/maven-assembly-plugin	193	ok	3.78	
2026-10-02 15:11:19	scan	plugins/tools/maven-dependency-plugin	178	ok	3.64	
2026-10-02 15:14:54	scan	plugins/tools/maven-gpg-plugin	215	ok	4.67	
2026-10-02 15:18:18	scan	plugins/tools/maven-help-plugin	204	ok	5.35	
2026-10-02 15:21:06	scan	plugins/tools/maven-invoker-plugin	167	ok	3.79	
2026-10-02 15:23:15	scan	plugins/tools/maven-jarsigner-plugin	129	ok	5.34	
2026-10-02 15:25:48	scan	plugins/tools/maven-jdeprscan-plugin	152	ok	3.22	
2026-10-02 15:28:26	scan	plugins/tools/maven-remote-resources-plugin	158	ok	4.44	
2026-10-02 15:31:27	scan	plugins/tools/maven-scm-publish-plugin	181	ok	4.26	
2026-10-02 15:33:46	scan	plugins/tools/maven-scripting-plugin	137	ok	2.77	
2026-10-02 15:36:06	scan	plugins/tools/maven-toolchains-plugin	140	ok	3.91	
2026-10-02 15:42:09	scan	plugins/tools/plugin-tools	362	ok	2.99	
2026-10-02 15:47:17	scan	plugins/tools/release	307	ok	3.10	
2026-10-02 16:00:35	scan	plugins/tools/scm	797	ok	3.51	
2026-10-02 16:04:10	scan	shared-4/archiver	214	ok	3.26	
2026-10-02 16:08:17	scan	shared-4/filtering	247	ok	4.14	
2026-10-02 16:11:18	scan	shared/archiver	180	ok	2.67	
2026-10-02 16:14:25	scan	shared/common-artifact-filters	187	ok	3.44	
2026-10-02 16:17:09	scan	shared/dependency-analyzer	163	ok	3.29	
2026-10-02 16:19:43	scan	shared/dependency-tree	153	ok	2.63	
2026-10-02 16:22:16	scan	shared/file-management	152	ok	2.97	
2026-10-02 16:24:53	scan	shared/filtering	157	ok	3.74	
2026-10-02 16:27:29	scan	shared/invoker	155	ok	3.05	
2026-10-02 16:30:10	scan	shared/jarsigner	160	ok	3.80	
2026-10-02 16:32:35	scan	shared/mapping	145	ok	3.73	
2026-10-02 16:35:10	scan	shared/reporting-api	154	ok	2.99	
2026-10-02 16:37:18	scan	shared/reporting-exec	128	ok	3.71	
2026-10-02 16:40:06	scan	shared/reporting-impl	167	ok	5.86	
2026-10-02 16:42:21	scan	shared/script-interpreter	135	ok	3.22	
2026-10-02 16:44:41	scan	shared/shared-incremental	140	ok	4.25	
2026-10-02 16:47:58	scan	shared/shared-io	196	ok	5.31	
2026-10-02 16:51:29	scan	shared/shared-jar	211	ok	4.17	
2026-10-02 16:53:37	scan	shared/shared-resources	128	ok	2.35	
2026-10-02 16:56:24	scan	shared/shared-utils	166	ok	4.59	
2026-10-02 16:58:51	scan	shared/verifier	147	ok	3.92	
2026-10-02 17:09:21	scan	sisu/sisu-project	629	ok	3.18	
2026-10-02 17:13:06	scan	site	225	ok	4.02	
2026-10-02 17:16:39	scan	studies/maven-basedir-filesystem	212	ok	3.94	
2026-10-02 17:22:31	scan	studies/maven-ci-extension	351	ok	3.93	
2026-10-02 17:25:58	scan	studies/maven-default-plugins	206	ok	2.94	
2026-10-03 03:04:05	clean-install--fae--Dsurefire.rerunFailingTestsCount=2	core/3.x/its-3	142	ok	5.11	
2026-10-03 03:04:45	clean-install--fae--Dsurefire.rerunFailingTestsCount=2	core/3.x/maven-3	39	failed	7.84	
2026-10-03 03:07:36	clean-install--fae--Dsurefire.rerunFailingTestsCount=2	core/3.x/mvnd-1	171	failed	3.65	
2026-10-03 03:08:27	clean-install--fae--Dsurefire.rerunFailingTestsCount=2	core/build-cache	50	failed	5.69	
2026-10-03 03:35:46	clean-install--fae--Dsurefire.rerunFailingTestsCount=2	core/maven	1629	ok	5.46	
2026-10-03 03:38:49	clean-install--fae--Dsurefire.rerunFailingTestsCount=2	core/maven-4.0.x	174	failed	3.12	
2026-10-03 03:43:49	clean-install--fae--Dsurefire.rerunFailingTestsCount=2	core/mvnd	295	failed	6.77	
2026-10-03 03:52:34	clean-install--fae--Dsurefire.rerunFailingTestsCount=2	core/resolver	515	failed	5.84	
2026-10-03 03:54:13	clean-install--fae--Dsurefire.rerunFailingTestsCount=2	core/resolver-ant-tasks	98	failed	6.21	
2026-10-03 03:55:04	clean-install--fae--Dsurefire.rerunFailingTestsCount=2	core/wrapper	50	failed	4.99	
2026-10-03 03:56:09	clean-install--fae--Dsurefire.rerunFailingTestsCount=2	doxia/doxia	65	failed	4.26	
2026-10-03 03:57:20	clean-install--fae--Dsurefire.rerunFailingTestsCount=2	doxia/sitetools	70	failed	3.51	
2026-10-03 03:58:14	clean-install--fae--Dsurefire.rerunFailingTestsCount=2	doxia/tools/converter	53	failed	3.00	
2026-10-03 04:09:01	clean-install--fae--Dsurefire.rerunFailingTestsCount=2	misc/archetypes	637	ok	4.96	
2026-10-03 04:10:05	clean-install--fae--Dsurefire.rerunFailingTestsCount=2	misc/dist-tool	63	failed	6.10	
2026-10-03 04:11:23	clean-install--fae--Dsurefire.rerunFailingTestsCount=2	misc/executor	76	failed	4.28	
2026-10-03 04:11:57	clean-install--fae--Dsurefire.rerunFailingTestsCount=2	misc/gh-actions-shared/v5	34	failed	4.90	
2026-10-03 04:18:40	clean-install--fae--Dsurefire.rerunFailingTestsCount=2	misc/indexer	397	ok	4.57	
2026-10-03 04:18:59	clean-install--fae--Dsurefire.rerunFailingTestsCount=2	misc/pom/apache	19	ok	4.94	
2026-10-03 04:19:45	clean-install--fae--Dsurefire.rerunFailingTestsCount=2	misc/pom/apache-resources	44	failed	5.11	
2026-10-03 04:20:37	clean-install--fae--Dsurefire.rerunFailingTestsCount=2	misc/pom/maven	51	ok	4.00	
2026-10-03 04:22:09	clean-install--fae--Dsurefire.rerunFailingTestsCount=2	misc/skins/fluido	91	failed	7.34	
2026-10-03 04:26:05	clean-install--fae--Dsurefire.rerunFailingTestsCount=2	misc/wagon	235	failed	3.36	
2026-10-03 04:26:58	clean-install--fae--Dsurefire.rerunFailingTestsCount=2	plexus/build-api	52	ok	3.59	
2026-10-03 04:31:21	clean-install--fae--Dsurefire.rerunFailingTestsCount=2	plexus/components/archiver	262	ok	3.98	
2026-10-03 04:40:31	clean-install--fae--Dsurefire.rerunFailingTestsCount=2	plexus/components/compiler	543	ok	3.13	
2026-10-03 04:41:38	clean-install--fae--Dsurefire.rerunFailingTestsCount=2	plexus/components/resources	66	ok	5.34	
2026-10-03 04:43:22	clean-install--fae--Dsurefire.rerunFailingTestsCount=2	plexus/components/sec-dispatcher	103	ok	4.08	
2026-10-03 04:44:12	clean-install--fae--Dsurefire.rerunFailingTestsCount=2	plexus/components/velocity	49	ok	3.46	
2026-10-03 04:50:37	clean-install--fae--Dsurefire.rerunFailingTestsCount=2	plexus/modello	375	ok	3.43	
2026-10-03 04:51:26	clean-install--fae--Dsurefire.rerunFailingTestsCount=2	plexus/pom/plexus	49	ok	4.59	
2026-10-03 04:52:33	clean-install--fae--Dsurefire.rerunFailingTestsCount=2	plexus/testing	66	ok	5.42	
2026-10-03 04:53:06	clean-install--fae--Dsurefire.rerunFailingTestsCount=2	plugins/core-4/maven-clean-plugin	31	failed	4.29	
2026-10-03 04:53:45	clean-install--fae--Dsurefire.rerunFailingTestsCount=2	plugins/core-4/maven-compiler-plugin	38	failed	4.61	
2026-10-03 04:54:20	clean-install--fae--Dsurefire.rerunFailingTestsCount=2	plugins/core-4/maven-deploy-plugin	35	failed	4.61	
2026-10-03 04:54:52	clean-install--fae--Dsurefire.rerunFailingTestsCount=2	plugins/core-4/maven-install-plugin	31	failed	3.31	
2026-10-03 04:55:59	clean-install--fae--Dsurefire.rerunFailingTestsCount=2	plugins/core-4/maven-resources-plugin	66	failed	2.19	
2026-10-03 04:56:30	clean-install--fae--Dsurefire.rerunFailingTestsCount=2	plugins/core/maven-clean-plugin	30	failed	2.40	
2026-10-03 04:58:11	clean-install--fae--Dsurefire.rerunFailingTestsCount=2	plugins/core/maven-compiler-plugin	99	failed	3.15	
2026-10-03 04:59:17	clean-install--fae--Dsurefire.rerunFailingTestsCount=2	plugins/core/maven-deploy-plugin	64	failed	5.79	
2026-10-03 05:00:27	clean-install--fae--Dsurefire.rerunFailingTestsCount=2	plugins/core/maven-install-plugin	70	failed	5.09	
2026-10-03 05:01:40	clean-install--fae--Dsurefire.rerunFailingTestsCount=2	plugins/core/maven-resources-plugin	72	failed	3.70	
2026-10-03 05:03:26	clean-install--fae--Dsurefire.rerunFailingTestsCount=2	plugins/core/maven-site-plugin	104	failed	3.14	
2026-10-03 05:13:27	clean-install--fae--Dsurefire.rerunFailingTestsCount=2	plugins/core/surefire	595	failed	6.09	
2026-10-03 05:14:54	clean-install--fae--Dsurefire.rerunFailingTestsCount=2	plugins/packaging-4/maven-jar-plugin	86	failed	5.20	
2026-10-03 05:16:04	clean-install--fae--Dsurefire.rerunFailingTestsCount=2	plugins/packaging-4/maven-source-plugin	69	failed	4.61	
2026-10-03 05:17:05	clean-install--fae--Dsurefire.rerunFailingTestsCount=2	plugins/packaging/maven-acr-plugin	60	failed	4.11	
2026-10-03 05:18:41	clean-install--fae--Dsurefire.rerunFailingTestsCount=2	plugins/packaging/maven-ear-plugin	94	failed	3.67	
2026-10-03 05:19:38	clean-install--fae--Dsurefire.rerunFailingTestsCount=2	plugins/packaging/maven-ejb-plugin	57	failed	3.19	
2026-10-03 05:20:31	clean-install--fae--Dsurefire.rerunFailingTestsCount=2	plugins/packaging/maven-jar-plugin	52	failed	5.06	
2026-10-03 05:21:25	clean-install--fae--Dsurefire.rerunFailingTestsCount=2	plugins/packaging/maven-jlink-plugin	52	failed	2.66	
2026-10-03 05:22:10	clean-install--fae--Dsurefire.rerunFailingTestsCount=2	plugins/packaging/maven-jmod-plugin	45	failed	3.15	
2026-10-03 05:22:59	clean-install--fae--Dsurefire.rerunFailingTestsCount=2	plugins/packaging/maven-rar-plugin	48	failed	3.18	
2026-10-03 05:24:47	clean-install--fae--Dsurefire.rerunFailingTestsCount=2	plugins/packaging/maven-shade-plugin	107	failed	4.34	
2026-10-03 05:26:26	clean-install--fae--Dsurefire.rerunFailingTestsCount=2	plugins/packaging/maven-source-plugin	98	failed	5.42	
2026-10-03 05:28:26	clean-install--fae--Dsurefire.rerunFailingTestsCount=2	plugins/packaging/maven-war-plugin	117	failed	4.09	
2026-10-03 05:28:56	clean-install--fae--Dsurefire.rerunFailingTestsCount=2	plugins/reporting/jxr	29	failed	4.82	
2026-10-03 05:29:54	clean-install--fae--Dsurefire.rerunFailingTestsCount=2	plugins/reporting/maven-changelog-plugin	58	failed	4.67	
2026-10-03 05:31:47	clean-install--fae--Dsurefire.rerunFailingTestsCount=2	plugins/reporting/maven-changes-plugin	111	failed	5.38	
2026-10-03 05:33:48	clean-install--fae--Dsurefire.rerunFailingTestsCount=2	plugins/reporting/maven-checkstyle-plugin	120	failed	3.53	
2026-10-03 05:35:24	clean-install--fae--Dsurefire.rerunFailingTestsCount=2	plugins/reporting/maven-doap-plugin	94	failed	6.55	
2026-10-03 05:36:29	clean-install--fae--Dsurefire.rerunFailingTestsCount=2	plugins/reporting/maven-javadoc-plugin	63	failed	6.35	
2026-10-03 05:37:01	clean-install--fae--Dsurefire.rerunFailingTestsCount=2	plugins/reporting/maven-jdeps-plugin	32	failed	5.85	
2026-10-03 05:38:13	clean-install--fae--Dsurefire.rerunFailingTestsCount=2	plugins/reporting/maven-pmd-plugin	71	failed	5.08	
2026-10-03 05:39:25	clean-install--fae--Dsurefire.rerunFailingTestsCount=2	plugins/reporting/maven-project-info-reports-plugin	71	failed	4.96	
2026-10-03 05:40:11	clean-install--fae--Dsurefire.rerunFailingTestsCount=2	plugins/tools/archetype	45	failed	5.20	
2026-10-03 05:40:54	clean-install--fae--Dsurefire.rerunFailingTestsCount=2	plugins/tools/enforcer	43	failed	4.05	
2026-10-03 05:41:50	clean-install--fae--Dsurefire.rerunFailingTestsCount=2	plugins/tools/maven-antrun-plugin	56	failed	6.78	
2026-10-03 05:43:07	clean-install--fae--Dsurefire.rerunFailingTestsCount=2	plugins/tools/maven-artifact-plugin	76	failed	5.08	
2026-10-03 05:44:36	clean-install--fae--Dsurefire.rerunFailingTestsCount=2	plugins/tools/maven-assembly-plugin	86	failed	4.68	
2026-10-03 05:46:03	clean-install--fae--Dsurefire.rerunFailingTestsCount=2	plugins/tools/maven-dependency-plugin	86	failed	5.17	
2026-10-03 05:47:14	clean-install--fae--Dsurefire.rerunFailingTestsCount=2	plugins/tools/maven-gpg-plugin	71	failed	4.22	
2026-10-03 05:48:24	clean-install--fae--Dsurefire.rerunFailingTestsCount=2	plugins/tools/maven-help-plugin	69	failed	4.10	
2026-10-03 05:49:52	clean-install--fae--Dsurefire.rerunFailingTestsCount=2	plugins/tools/maven-invoker-plugin	87	failed	5.52	
2026-10-03 05:50:52	clean-install--fae--Dsurefire.rerunFailingTestsCount=2	plugins/tools/maven-jarsigner-plugin	60	failed	4.00	
2026-10-03 05:51:56	clean-install--fae--Dsurefire.rerunFailingTestsCount=2	plugins/tools/maven-jdeprscan-plugin	63	failed	4.89	
2026-10-03 05:53:55	clean-install--fae--Dsurefire.rerunFailingTestsCount=2	plugins/tools/maven-remote-resources-plugin	118	failed	8.33	
2026-10-03 05:56:10	clean-install--fae--Dsurefire.rerunFailingTestsCount=2	plugins/tools/maven-scm-publish-plugin	134	failed	8.10	
2026-10-03 05:58:03	clean-install--fae--Dsurefire.rerunFailingTestsCount=2	plugins/tools/maven-scripting-plugin	112	failed	4.52	
2026-10-03 06:00:12	clean-install--fae--Dsurefire.rerunFailingTestsCount=2	plugins/tools/maven-toolchains-plugin	128	failed	4.62	
2026-10-03 06:02:30	clean-install--fae--Dsurefire.rerunFailingTestsCount=2	plugins/tools/plugin-tools	135	failed	7.05	
2026-10-03 06:04:29	clean-install--fae--Dsurefire.rerunFailingTestsCount=2	plugins/tools/release	115	failed	6.82	
2026-10-03 06:06:58	clean-install--fae--Dsurefire.rerunFailingTestsCount=2	plugins/tools/scm	146	failed	6.71	
2026-10-03 06:08:47	clean-install--fae--Dsurefire.rerunFailingTestsCount=2	shared-4/archiver	107	failed	10.90	
2026-10-03 06:10:54	clean-install--fae--Dsurefire.rerunFailingTestsCount=2	shared-4/filtering	126	failed	6.54	
2026-10-03 06:12:51	clean-install--fae--Dsurefire.rerunFailingTestsCount=2	shared/archiver	115	failed	7.28	
2026-10-03 06:14:54	clean-install--fae--Dsurefire.rerunFailingTestsCount=2	shared/common-artifact-filters	122	failed	8.49	
2026-10-03 06:17:01	clean-install--fae--Dsurefire.rerunFailingTestsCount=2	shared/dependency-analyzer	125	failed	5.68	
2026-10-03 06:18:48	clean-install--fae--Dsurefire.rerunFailingTestsCount=2	shared/dependency-tree	106	failed	6.29	
2026-10-03 06:20:25	clean-install--fae--Dsurefire.rerunFailingTestsCount=2	shared/file-management	95	failed	6.87	
2026-10-03 06:22:12	clean-install--fae--Dsurefire.rerunFailingTestsCount=2	shared/filtering	105	failed	6.60	
2026-10-03 06:23:59	clean-install--fae--Dsurefire.rerunFailingTestsCount=2	shared/invoker	106	failed	6.72	
2026-10-03 06:25:37	clean-install--fae--Dsurefire.rerunFailingTestsCount=2	shared/jarsigner	97	failed	5.94	
2026-10-03 06:27:01	clean-install--fae--Dsurefire.rerunFailingTestsCount=2	shared/mapping	83	failed	3.53	
2026-10-03 06:28:23	clean-install--fae--Dsurefire.rerunFailingTestsCount=2	shared/reporting-api	81	failed	6.06	
2026-10-03 06:30:05	clean-install--fae--Dsurefire.rerunFailingTestsCount=2	shared/reporting-exec	100	failed	5.80	
2026-10-03 06:31:50	clean-install--fae--Dsurefire.rerunFailingTestsCount=2	shared/reporting-impl	104	failed	4.77	
2026-10-03 06:33:35	clean-install--fae--Dsurefire.rerunFailingTestsCount=2	shared/script-interpreter	104	failed	7.00	
2026-10-03 06:35:11	clean-install--fae--Dsurefire.rerunFailingTestsCount=2	shared/shared-incremental	95	failed	5.77	
2026-10-03 06:37:56	clean-install--fae--Dsurefire.rerunFailingTestsCount=2	shared/shared-io	163	ok	5.34	
2026-10-03 06:39:54	clean-install--fae--Dsurefire.rerunFailingTestsCount=2	shared/shared-jar	117	failed	4.79	
2026-10-03 06:41:03	clean-install--fae--Dsurefire.rerunFailingTestsCount=2	shared/shared-resources	68	failed	5.73	
2026-10-03 06:43:11	clean-install--fae--Dsurefire.rerunFailingTestsCount=2	shared/shared-utils	126	failed	9.64	
2026-10-03 06:45:02	clean-install--fae--Dsurefire.rerunFailingTestsCount=2	shared/verifier	110	failed	7.23	
2026-10-03 06:46:45	clean-install--fae--Dsurefire.rerunFailingTestsCount=2	site	102	failed	5.50	
2026-10-03 07:25:50	scan	core/3.x/its-3	2248	ok	3.47	
2026-10-03 07:48:17	scan	core/3.x/maven-3	1346	ok	4.58	
2026-10-03 07:54:57	scan	core/3.x/mvnd-1	400	ok	2.65	
2026-10-03 07:58:22	scan	core/build-cache	204	ok	3.60	
2026-10-03 08:21:03	scan	core/maven	1361	ok	2.25	
2026-10-03 08:38:39	scan	core/maven-4.0.x	1055	ok	3.61	
2026-10-03 08:42:21	scan	core/mvnd	222	ok	2.34	
2026-10-03 08:53:09	scan	core/resolver	647	ok	3.15	
2026-10-03 08:56:57	scan	core/resolver-ant-tasks	227	ok	2.86	
2026-10-03 09:04:32	scan	core/wrapper	455	ok	2.80	
2026-10-03 09:15:57	scan	doxia/doxia	684	ok	2.58	
2026-10-03 09:28:45	scan	doxia/sitetools	768	ok	2.85	
2026-10-03 09:32:04	scan	doxia/tools/converter	199	ok	6.95	
2026-10-03 09:48:12	scan	misc/archetypes	967	ok	4.86	
2026-10-03 09:53:13	scan	misc/dist-tool	301	ok	3.93	
2026-10-03 10:06:02	scan	misc/executor	768	ok	3.15	
2026-10-03 10:08:05	scan	misc/gh-actions-shared/v5	123	ok	3.04	
2026-10-03 10:22:11	scan	misc/indexer	844	ok	2.57	
2026-10-03 10:24:10	scan	misc/pom/apache	118	ok	3.03	
2026-10-03 10:27:50	scan	misc/pom/apache-resources	220	ok	4.64	
2026-10-03 10:33:21	scan	misc/pom/maven	331	ok	3.28	
2026-10-03 10:36:33	scan	misc/skins/fluido	191	ok	3.64	
2026-10-03 10:55:03	scan	misc/wagon	1109	ok	3.81	
2026-10-03 10:58:01	scan	plexus/build-api	177	ok	3.51	
2026-10-03 10:58:56	scan	plexus/classworlds	55	ok	5.49	
2026-10-03 10:59:38	scan	plexus/codehaus-plexus.github.io	41	ok	5.13	
2026-10-03 11:02:59	scan	plexus/components/archiver	201	ok	2.81	
2026-10-03 11:16:47	scan	plexus/components/compiler	828	ok	2.74	
2026-10-03 11:19:12	scan	plexus/components/i18n	145	ok	2.47	
2026-10-03 11:21:48	scan	plexus/components/interactivity	156	ok	3.56	
2026-10-03 11:24:31	scan	plexus/components/interpolation	163	ok	3.12	
2026-10-03 11:26:58	scan	plexus/components/io	147	ok	4.34	
2026-10-03 11:30:56	scan	plexus/components/languages	238	ok	3.09	
2026-10-03 11:33:43	scan	plexus/components/resources	166	ok	2.87	
2026-10-03 11:36:53	scan	plexus/components/sec-dispatcher	189	ok	2.41	
2026-10-03 11:39:37	scan	plexus/components/velocity	164	ok	2.46	
2026-10-03 11:50:36	scan	plexus/modello	659	ok	2.79	
2026-10-03 11:53:30	scan	plexus/pom/plexus	173	ok	4.21	
2026-10-03 11:55:46	scan	plexus/testing	135	ok	3.48	
2026-10-03 11:59:26	scan	plexus/utils	220	ok	2.93	
2026-10-03 12:03:51	scan	plexus/xml	265	ok	4.49	
2026-10-03 12:05:43	scan	plugins/core-4/maven-clean-plugin	112	ok	4.30	
2026-10-03 12:09:26	scan	plugins/core-4/maven-compiler-plugin	222	ok	5.37	
2026-10-03 12:12:00	scan	plugins/core-4/maven-deploy-plugin	153	ok	7.06	
2026-10-03 12:13:14	scan	plugins/core-4/maven-install-plugin	74	ok	6.94	
2026-10-03 12:14:49	scan	plugins/core-4/maven-resources-plugin	95	ok	4.38	
2026-10-03 12:16:45	scan	plugins/core/maven-clean-plugin	115	ok	5.24	
2026-10-03 12:19:02	scan	plugins/core/maven-compiler-plugin	136	ok	4.19	
2026-10-03 12:20:22	scan	plugins/core/maven-deploy-plugin	79	ok	5.01	
2026-10-03 12:22:00	scan	plugins/core/maven-install-plugin	97	ok	3.09	
2026-10-03 12:24:22	scan	plugins/core/maven-resources-plugin	141	ok	2.66	
2026-10-03 12:27:27	scan	plugins/core/maven-site-plugin	184	ok	3.25	
2026-10-03 12:35:07	scan	plugins/core/surefire	460	ok	3.30	
2026-10-03 12:37:06	scan	plugins/packaging-4/maven-jar-plugin	119	ok	2.87	
2026-10-03 12:39:33	scan	plugins/packaging-4/maven-source-plugin	146	ok	4.06	
2026-10-03 12:41:43	scan	plugins/packaging/maven-acr-plugin	130	ok	4.53	
2026-10-03 12:44:21	scan	plugins/packaging/maven-ear-plugin	158	ok	4.41	
2026-10-03 12:46:39	scan	plugins/packaging/maven-ejb-plugin	137	ok	2.28	
2026-10-03 12:48:46	scan	plugins/packaging/maven-jar-plugin	126	ok	4.90	
2026-10-03 12:50:35	scan	plugins/packaging/maven-jlink-plugin	109	ok	4.13	
2026-10-03 12:52:27	scan	plugins/packaging/maven-jmod-plugin	111	ok	4.35	
2026-10-03 12:54:18	scan	plugins/packaging/maven-rar-plugin	111	ok	3.86	
2026-10-03 12:57:39	scan	plugins/packaging/maven-shade-plugin	201	ok	4.50	
2026-10-03 13:00:01	scan	plugins/packaging/maven-source-plugin	142	ok	3.98	
2026-10-03 13:02:40	scan	plugins/packaging/maven-war-plugin	158	ok	2.72	
2026-10-03 13:05:45	scan	plugins/reporting/jxr	184	ok	4.51	
2026-10-03 13:08:15	scan	plugins/reporting/maven-changelog-plugin	149	ok	2.50	
2026-10-03 13:11:04	scan	plugins/reporting/maven-changes-plugin	169	ok	3.49	
2026-10-03 13:17:31	scan	plugins/reporting/maven-checkstyle-plugin	387	ok	3.21	
2026-10-03 13:20:02	scan	plugins/reporting/maven-doap-plugin	151	ok	3.15	
2026-10-03 13:24:04	scan	plugins/reporting/maven-javadoc-plugin	242	ok	2.18	
2026-10-03 13:25:41	scan	plugins/reporting/maven-jdeps-plugin	97	ok	3.60	
2026-10-03 13:28:19	scan	plugins/reporting/maven-pmd-plugin	158	ok	4.01	
2026-10-03 13:30:05	scan	plugins/reporting/maven-project-info-reports-plugin	105	ok	3.79	
2026-10-03 13:36:25	scan	plugins/tools/archetype	380	ok	2.62	
2026-10-03 13:38:57	scan	plugins/tools/enforcer	151	ok	4.92	
2026-10-03 13:40:40	scan	plugins/tools/maven-antrun-plugin	103	ok	4.25	
2026-10-03 13:42:59	scan	plugins/tools/maven-artifact-plugin	139	ok	3.74	
2026-10-03 13:45:36	scan	plugins/tools/maven-assembly-plugin	156	ok	2.99	
2026-10-03 13:47:59	scan	plugins/tools/maven-dependency-plugin	143	ok	3.49	
2026-10-03 13:50:55	scan	plugins/tools/maven-gpg-plugin	176	ok	2.58	
2026-10-03 13:53:22	scan	plugins/tools/maven-help-plugin	146	ok	4.28	
2026-10-03 13:55:57	scan	plugins/tools/maven-invoker-plugin	155	ok	3.06	
2026-10-03 13:58:19	scan	plugins/tools/maven-jarsigner-plugin	140	ok	3.96	
2026-10-03 14:00:15	scan	plugins/tools/maven-jdeprscan-plugin	116	ok	2.52	
2026-10-03 14:02:37	scan	plugins/tools/maven-remote-resources-plugin	142	ok	4.15	
2026-10-03 14:04:42	scan	plugins/tools/maven-scm-publish-plugin	124	ok	3.47	
2026-10-03 14:07:02	scan	plugins/tools/maven-scripting-plugin	140	ok	3.47	
2026-10-03 14:09:07	scan	plugins/tools/maven-toolchains-plugin	124	ok	3.49	
2026-10-03 14:14:22	scan	plugins/tools/plugin-tools	315	ok	2.07	
2026-10-03 14:19:08	scan	plugins/tools/release	285	ok	2.36	
2026-10-03 14:30:27	scan	plugins/tools/scm	678	ok	2.73	
2026-10-03 14:34:10	scan	shared-4/archiver	223	ok	4.08	
2026-10-03 14:35:31	scan	shared-4/filtering	81	ok	5.45	
2026-10-03 14:36:48	scan	shared/archiver	77	ok	4.16	
2026-10-03 14:37:57	scan	shared/common-artifact-filters	69	ok	5.97	
2026-10-03 14:39:03	scan	shared/dependency-analyzer	66	ok	5.15	
2026-10-03 14:40:13	scan	shared/dependency-tree	70	ok	7.01	
2026-10-03 14:42:31	scan	shared/file-management	137	ok	3.60	
2026-10-03 14:44:08	scan	shared/filtering	97	ok	4.56	
2026-10-03 14:46:06	scan	shared/invoker	118	ok	4.29	
2026-10-03 14:48:00	scan	shared/jarsigner	113	ok	3.52	
2026-10-03 14:49:30	scan	shared/mapping	89	ok	4.45	
2026-10-03 14:51:49	scan	shared/reporting-api	139	ok	3.22	
2026-10-03 14:54:03	scan	shared/reporting-exec	134	ok	4.30	
2026-10-03 14:56:35	scan	shared/reporting-impl	150	ok	7.46	
2026-10-03 14:59:59	scan	shared/script-interpreter	203	ok	3.02	
2026-10-03 15:02:48	scan	shared/shared-incremental	168	ok	2.99	
2026-10-03 15:06:27	scan	shared/shared-io	218	ok	3.73	
2026-10-03 15:09:08	scan	shared/shared-jar	160	ok	3.10	
2026-10-03 15:10:54	scan	shared/shared-resources	105	ok	5.86	
2026-10-03 15:13:40	scan	shared/shared-utils	165	ok	4.72	
2026-10-03 15:15:42	scan	shared/verifier	122	ok	3.43	
2026-10-03 15:24:45	scan	sisu/sisu-project	542	ok	2.39	
2026-10-03 15:27:17	scan	site	151	ok	3.26	
2026-10-03 15:30:07	scan	studies/maven-basedir-filesystem	170	ok	4.26	
2026-10-03 15:35:43	scan	studies/maven-ci-extension	335	ok	3.12	
2026-10-03 15:39:29	scan	studies/maven-default-plugins	225	ok	3.22	
2026-10-04 03:01:47	clean-install--fae--Dsurefire.rerunFailingTestsCount=2	core/3.x/maven-3	39	failed	4.31	
2026-10-04 03:34:32	clean-install--fae--Dsurefire.rerunFailingTestsCount=2	core/maven	1958	ok	3.06	
2026-10-04 03:36:06	clean-install--fae--Dsurefire.rerunFailingTestsCount=2	core/maven-4.0.x	90	failed	3.76	
2026-10-04 03:44:58	clean-install--fae--Dsurefire.rerunFailingTestsCount=2	core/resolver	530	failed	5.47	
2026-10-04 03:46:34	clean-install--fae--Dsurefire.rerunFailingTestsCount=2	core/resolver-ant-tasks	95	failed	4.99	
2026-10-04 03:48:17	clean-install--fae--Dsurefire.rerunFailingTestsCount=2	misc/dist-tool	103	failed	3.22	
2026-10-04 03:57:09	clean-install--fae--Dsurefire.rerunFailingTestsCount=2	misc/executor	530	failed	17.58	
2026-10-04 03:58:13	clean-install--fae--Dsurefire.rerunFailingTestsCount=2	misc/gh-actions-shared/v5	62	failed	11.74	
2026-10-04 04:09:47	clean-install--fae--Dsurefire.rerunFailingTestsCount=2	misc/indexer	686	ok	4.20	
2026-10-04 04:17:02	clean-install--fae--Dsurefire.rerunFailingTestsCount=2	plexus/modello	429	ok	3.56	
2026-10-04 04:18:01	clean-install--fae--Dsurefire.rerunFailingTestsCount=2	plexus/testing	58	ok	4.89	
2026-10-04 04:18:28	clean-install--fae--Dsurefire.rerunFailingTestsCount=2	plugins/core-4/maven-compiler-plugin	26	failed	5.06	
2026-10-04 04:18:54	clean-install--fae--Dsurefire.rerunFailingTestsCount=2	plugins/core-4/maven-deploy-plugin	25	failed	4.95	
2026-10-04 04:20:01	clean-install--fae--Dsurefire.rerunFailingTestsCount=2	plugins/core-4/maven-resources-plugin	66	failed	4.98	
2026-10-04 04:21:45	clean-install--fae--Dsurefire.rerunFailingTestsCount=2	plugins/core/maven-compiler-plugin	102	failed	3.39	
2026-10-04 04:22:59	clean-install--fae--Dsurefire.rerunFailingTestsCount=2	plugins/core/maven-deploy-plugin	73	failed	4.29	
2026-10-04 04:24:04	clean-install--fae--Dsurefire.rerunFailingTestsCount=2	plugins/core/maven-resources-plugin	64	failed	5.19	
2026-10-04 04:34:29	clean-install--fae--Dsurefire.rerunFailingTestsCount=2	plugins/core/surefire	618	failed	4.48	
2026-10-04 04:35:40	clean-install--fae--Dsurefire.rerunFailingTestsCount=2	plugins/packaging/maven-acr-plugin	71	failed	4.29	
2026-10-04 04:37:07	clean-install--fae--Dsurefire.rerunFailingTestsCount=2	plugins/packaging/maven-ear-plugin	85	failed	3.70	
2026-10-04 04:38:25	clean-install--fae--Dsurefire.rerunFailingTestsCount=2	plugins/packaging/maven-rar-plugin	77	failed	4.48	
2026-10-04 04:40:03	clean-install--fae--Dsurefire.rerunFailingTestsCount=2	plugins/tools/maven-invoker-plugin	97	failed	4.85	
2026-10-04 05:02:17	scan	core/3.x/its-3	1275	ok	1.64	
2026-10-04 05:15:55	scan	core/3.x/maven-3	817	ok	3.54	
2026-10-04 05:19:51	scan	core/3.x/mvnd-1	235	ok	2.79	
2026-10-04 05:22:09	scan	core/build-cache	138	ok	6.35	
2026-10-04 05:38:46	scan	core/maven	996	ok	2.66	
2026-10-04 06:17:38	scan	core/maven-4.0.x	2332	ok	5.56	
2026-10-04 06:26:38	scan	core/mvnd	539	ok	6.25	
2026-10-04 06:42:18	scan	core/resolver	939	ok	2.31	
2026-10-04 06:45:54	scan	core/resolver-ant-tasks	216	ok	4.20	
2026-10-04 06:53:37	scan	core/wrapper	463	ok	3.55	
2026-10-04 07:02:42	scan	doxia/doxia	544	ok	3.06	
2026-10-04 07:16:14	scan	doxia/sitetools	811	ok	2.39	
2026-10-04 07:19:55	scan	doxia/tools/converter	220	ok	3.59	
2026-10-04 07:39:41	scan	misc/archetypes	1185	ok	2.58	
2026-10-04 07:51:14	scan	misc/dist-tool	692	ok	3.64	
2026-10-04 08:07:35	scan	misc/executor	981	ok	2.30	
2026-10-04 08:09:41	scan	misc/gh-actions-shared/v5	126	ok	3.40	
2026-10-04 08:23:49	scan	misc/indexer	848	ok	2.47	
2026-10-04 08:25:52	scan	misc/pom/apache	122	ok	3.12	
2026-10-04 08:28:49	scan	misc/pom/apache-resources	176	ok	2.71	
2026-10-04 08:33:03	scan	misc/pom/maven	254	ok	2.21	
2026-10-04 08:34:40	scan	misc/skins/fluido	97	ok	4.28	
2026-10-04 08:42:37	scan	misc/wagon	477	ok	2.19	
2026-10-04 08:44:43	scan	plexus/build-api	126	ok	4.57	
2026-10-04 08:46:21	scan	plexus/classworlds	97	ok	5.14	
2026-10-04 08:47:45	scan	plexus/codehaus-plexus.github.io	83	ok	4.28	
2026-10-04 08:50:08	scan	plexus/components/archiver	142	ok	3.08	
2026-10-04 09:08:07	scan	plexus/components/compiler	1078	ok	4.16	
2026-10-04 09:10:08	scan	plexus/components/i18n	120	ok	5.83	
2026-10-04 09:12:58	scan	plexus/components/interactivity	170	ok	3.33	
2026-10-04 09:15:34	scan	plexus/components/interpolation	155	ok	5.64	
2026-10-04 09:17:30	scan	plexus/components/io	116	ok	5.63	
2026-10-04 09:21:50	scan	plexus/components/languages	259	ok	3.15	
2026-10-04 09:24:17	scan	plexus/components/resources	146	ok	4.19	
2026-10-04 09:26:41	scan	plexus/components/sec-dispatcher	144	ok	7.34	
2026-10-04 09:29:08	scan	plexus/components/velocity	146	ok	5.46	
2026-10-04 09:44:31	scan	plexus/modello	922	ok	3.68	
2026-10-04 09:47:53	scan	plexus/pom/plexus	201	ok	3.76	
2026-10-04 09:49:53	scan	plexus/testing	119	ok	3.93	
2026-10-04 09:53:35	scan	plexus/utils	221	ok	4.62	
2026-10-04 09:56:21	scan	plexus/xml	166	ok	4.09	
2026-10-04 09:59:07	scan	plugins/core-4/maven-clean-plugin	166	ok	3.59	
2026-10-04 10:02:26	scan	plugins/core-4/maven-compiler-plugin	199	ok	3.79	
2026-10-04 10:06:05	scan	plugins/core-4/maven-deploy-plugin	218	ok	3.85	
2026-10-04 10:09:20	scan	plugins/core-4/maven-install-plugin	194	ok	3.61	
2026-10-04 10:12:27	scan	plugins/core-4/maven-resources-plugin	186	ok	3.48	
2026-10-04 10:17:38	scan	plugins/core/maven-clean-plugin	309	ok	3.73	
2026-10-04 10:20:36	scan	plugins/core/maven-compiler-plugin	177	ok	3.93	
2026-10-04 10:23:25	scan	plugins/core/maven-deploy-plugin	168	ok	3.56	
2026-10-04 10:25:24	scan	plugins/core/maven-install-plugin	119	ok	3.63	
2026-10-04 10:27:54	scan	plugins/core/maven-resources-plugin	150	ok	2.63	
2026-10-04 10:32:03	scan	plugins/core/maven-site-plugin	248	ok	4.21	
2026-10-04 10:36:21	scan	plugins/core/surefire	258	ok	2.63	
2026-10-04 10:37:33	scan	plugins/packaging-4/maven-jar-plugin	72	ok	4.54	
2026-10-04 10:39:17	scan	plugins/packaging-4/maven-source-plugin	104	ok	6.21	
2026-10-04 10:40:57	scan	plugins/packaging/maven-acr-plugin	100	ok	3.74	
2026-10-04 10:43:27	scan	plugins/packaging/maven-ear-plugin	148	ok	3.27	
2026-10-04 10:45:36	scan	plugins/packaging/maven-ejb-plugin	129	ok	3.06	
2026-10-04 10:47:37	scan	plugins/packaging/maven-jar-plugin	121	ok	3.79	
2026-10-04 10:49:18	scan	plugins/packaging/maven-jlink-plugin	101	ok	3.61	
2026-10-04 10:51:41	scan	plugins/packaging/maven-jmod-plugin	142	ok	4.35	
2026-10-04 10:53:53	scan	plugins/packaging/maven-rar-plugin	131	ok	3.97	
2026-10-04 10:57:25	scan	plugins/packaging/maven-shade-plugin	211	ok	5.17	
2026-10-04 11:00:19	scan	plugins/packaging/maven-source-plugin	173	ok	3.87	
2026-10-04 11:03:28	scan	plugins/packaging/maven-war-plugin	188	ok	3.70	
2026-10-04 11:07:21	scan	plugins/reporting/jxr	233	ok	4.29	
2026-10-04 11:09:45	scan	plugins/reporting/maven-changelog-plugin	143	ok	8.37	
2026-10-04 11:13:22	scan	plugins/reporting/maven-changes-plugin	217	ok	4.53	
2026-10-04 11:20:29	scan	plugins/reporting/maven-checkstyle-plugin	426	ok	2.70	
2026-10-04 11:25:03	scan	plugins/reporting/maven-doap-plugin	273	ok	2.71	
2026-10-04 11:28:58	scan	plugins/reporting/maven-javadoc-plugin	234	ok	3.21	
2026-10-04 11:31:05	scan	plugins/reporting/maven-jdeps-plugin	127	ok	3.59	
2026-10-04 11:38:45	scan	plugins/reporting/maven-pmd-plugin	459	ok	2.74	
2026-10-04 11:42:55	scan	plugins/reporting/maven-project-info-reports-plugin	249	ok	2.91	
2026-10-04 11:55:23	scan	plugins/tools/archetype	747	ok	2.15	
2026-10-04 12:00:15	scan	plugins/tools/enforcer	291	ok	3.02	
2026-10-04 12:02:50	scan	plugins/tools/maven-antrun-plugin	155	ok	3.52	
2026-10-04 12:05:30	scan	plugins/tools/maven-artifact-plugin	160	ok	3.96	
2026-10-04 12:08:51	scan	plugins/tools/maven-assembly-plugin	200	ok	3.68	
2026-10-04 12:11:52	scan	plugins/tools/maven-dependency-plugin	180	ok	3.29	
2026-10-04 12:15:11	scan	plugins/tools/maven-gpg-plugin	199	ok	2.81	
2026-10-04 12:18:16	scan	plugins/tools/maven-help-plugin	184	ok	1.82	
2026-10-04 12:21:10	scan	plugins/tools/maven-invoker-plugin	173	ok	3.04	
2026-10-04 12:23:31	scan	plugins/tools/maven-jarsigner-plugin	140	ok	3.99	
2026-10-04 12:25:50	scan	plugins/tools/maven-jdeprscan-plugin	138	ok	2.96	
2026-10-04 12:28:07	scan	plugins/tools/maven-remote-resources-plugin	136	ok	2.67	
2026-10-04 12:31:17	scan	plugins/tools/maven-scm-publish-plugin	190	ok	3.53	
2026-10-04 12:33:36	scan	plugins/tools/maven-scripting-plugin	139	ok	3.18	
2026-10-04 12:36:11	scan	plugins/tools/maven-toolchains-plugin	155	ok	2.05	
2026-10-04 12:41:19	scan	plugins/tools/plugin-tools	308	ok	3.07	
2026-10-04 12:46:34	scan	plugins/tools/release	314	ok	2.37	
2026-10-04 13:04:28	scan	plugins/tools/scm	1073	ok	3.00	
2026-10-04 13:09:01	scan	shared-4/archiver	272	ok	2.58	
2026-10-04 13:13:05	scan	shared-4/filtering	243	ok	4.14	
2026-10-04 13:15:58	scan	shared/archiver	172	ok	4.53	
2026-10-04 13:18:35	scan	shared/common-artifact-filters	156	ok	3.47	
2026-10-04 13:21:10	scan	shared/dependency-analyzer	154	ok	4.12	
2026-10-04 13:23:25	scan	shared/dependency-tree	134	ok	2.81	
2026-10-04 13:26:06	scan	shared/file-management	160	ok	2.55	
2026-10-04 13:29:01	scan	shared/filtering	175	ok	3.89	
2026-10-04 13:31:51	scan	shared/invoker	170	ok	2.89	
2026-10-04 13:34:05	scan	shared/jarsigner	133	ok	3.12	
2026-10-04 13:36:09	scan	shared/mapping	123	ok	3.23	
2026-10-04 13:38:34	scan	shared/reporting-api	145	ok	3.73	
2026-10-04 13:40:46	scan	shared/reporting-exec	131	ok	1.95	
2026-10-04 13:43:17	scan	shared/reporting-impl	150	ok	3.48	
2026-10-04 13:45:55	scan	shared/script-interpreter	157	ok	4.49	
2026-10-04 13:48:27	scan	shared/shared-incremental	150	ok	2.81	
2026-10-04 13:51:51	scan	shared/shared-io	204	ok	3.10	
2026-10-04 13:55:03	scan	shared/shared-jar	191	ok	3.11	
2026-10-04 13:57:28	scan	shared/shared-resources	144	ok	3.55	
2026-10-04 14:00:42	scan	shared/shared-utils	193	ok	5.12	
2026-10-04 14:03:20	scan	shared/verifier	157	ok	3.73	
2026-10-04 14:13:35	scan	sisu/sisu-project	615	ok	4.30	
2026-10-04 14:16:50	scan	site	194	ok	2.75	
2026-10-04 14:20:00	scan	studies/maven-basedir-filesystem	189	ok	3.10	
2026-10-04 14:24:59	scan	studies/maven-ci-extension	299	ok	3.07	
2026-10-04 14:28:32	scan	studies/maven-default-plugins	212	ok	3.55	
2026-10-05 03:01:43	clean-install--fae--Dsurefire.rerunFailingTestsCount=2	core/3.x/maven-3	39	failed	6.43	
2026-10-05 03:38:30	clean-install--fae--Dsurefire.rerunFailingTestsCount=2	core/maven	2199	ok	3.34	
2026-10-05 03:41:19	clean-install--fae--Dsurefire.rerunFailingTestsCount=2	core/maven-4.0.x	161	failed	4.09	
2026-10-05 03:43:21	clean-install--fae--Dsurefire.rerunFailingTestsCount=2	core/wrapper	120	failed	4.99	
2026-10-05 03:45:26	clean-install--fae--Dsurefire.rerunFailingTestsCount=2	misc/dist-tool	121	failed	3.15	
2026-10-05 03:46:23	clean-install--fae--Dsurefire.rerunFailingTestsCount=2	misc/gh-actions-shared/v5	56	failed	3.60	
2026-10-05 03:46:56	clean-install--fae--Dsurefire.rerunFailingTestsCount=2	plugins/core-4/maven-clean-plugin	32	failed	4.15	
2026-10-05 03:47:29	clean-install--fae--Dsurefire.rerunFailingTestsCount=2	plugins/core-4/maven-compiler-plugin	32	failed	4.36	
2026-10-05 03:48:00	clean-install--fae--Dsurefire.rerunFailingTestsCount=2	plugins/core-4/maven-install-plugin	30	failed	4.32	
2026-10-05 03:48:32	clean-install--fae--Dsurefire.rerunFailingTestsCount=2	plugins/core/maven-clean-plugin	32	failed	4.39	
2026-10-05 03:50:22	clean-install--fae--Dsurefire.rerunFailingTestsCount=2	plugins/core/maven-compiler-plugin	108	failed	4.16	
2026-10-05 03:51:37	clean-install--fae--Dsurefire.rerunFailingTestsCount=2	plugins/core/maven-install-plugin	74	failed	3.61	
2026-10-05 04:03:06	clean-install--fae--Dsurefire.rerunFailingTestsCount=2	plugins/core/surefire	682	failed	3.96	
2026-10-05 04:04:10	clean-install--fae--Dsurefire.rerunFailingTestsCount=2	plugins/packaging-4/maven-source-plugin	63	failed	4.24	
2026-10-05 04:05:48	clean-install--fae--Dsurefire.rerunFailingTestsCount=2	plugins/packaging/maven-ear-plugin	96	failed	4.43	
2026-10-05 04:07:12	clean-install--fae--Dsurefire.rerunFailingTestsCount=2	plugins/packaging/maven-jlink-plugin	83	failed	5.18	
2026-10-05 04:08:53	clean-install--fae--Dsurefire.rerunFailingTestsCount=2	plugins/packaging/maven-jmod-plugin	100	failed	2.76	
2026-10-05 04:10:46	clean-install--fae--Dsurefire.rerunFailingTestsCount=2	plugins/packaging/maven-shade-plugin	112	failed	3.40	
2026-10-05 04:12:25	clean-install--fae--Dsurefire.rerunFailingTestsCount=2	plugins/packaging/maven-source-plugin	98	failed	4.47	
2026-10-05 04:13:40	clean-install--fae--Dsurefire.rerunFailingTestsCount=2	plugins/reporting/maven-jdeps-plugin	74	failed	3.92	
2026-10-05 04:14:49	clean-install--fae--Dsurefire.rerunFailingTestsCount=2	plugins/tools/enforcer	67	failed	4.78	
2026-10-05 04:16:04	clean-install--fae--Dsurefire.rerunFailingTestsCount=2	plugins/tools/maven-antrun-plugin	74	failed	4.50	
2026-10-05 04:18:09	clean-install--fae--Dsurefire.rerunFailingTestsCount=2	plugins/tools/maven-assembly-plugin	122	failed	4.00	
2026-10-05 04:19:56	clean-install--fae--Dsurefire.rerunFailingTestsCount=2	plugins/tools/maven-invoker-plugin	107	failed	2.82	
2026-10-05 04:21:16	clean-install--fae--Dsurefire.rerunFailingTestsCount=2	plugins/tools/maven-toolchains-plugin	79	failed	3.03	
2026-10-05 04:22:47	clean-install--fae--Dsurefire.rerunFailingTestsCount=2	plugins/tools/plugin-tools	89	failed	2.97	
2026-10-05 04:24:13	clean-install--fae--Dsurefire.rerunFailingTestsCount=2	shared/dependency-analyzer	85	failed	3.75	
2026-10-05 04:25:31	clean-install--fae--Dsurefire.rerunFailingTestsCount=2	shared/reporting-impl	77	failed	3.48	
2026-10-05 04:26:38	clean-install--fae--Dsurefire.rerunFailingTestsCount=2	site	66	failed	3.12	
2026-10-05 04:58:40	scan	core/3.x/its-3	1868	ok	2.34	
2026-10-05 05:11:25	scan	core/3.x/maven-3	765	ok	4.34	
2026-10-05 05:16:02	scan	core/3.x/mvnd-1	277	ok	2.73	
2026-10-05 05:18:00	scan	core/build-cache	117	ok	3.64	
2026-10-05 05:33:46	scan	core/maven	946	ok	2.99	
2026-10-05 05:46:48	scan	core/maven-4.0.x	782	ok	2.62	
2026-10-05 05:51:54	scan	core/mvnd	306	ok	3.81	
2026-10-05 06:08:27	scan	core/resolver	993	ok	5.22	
2026-10-05 06:13:16	scan	core/resolver-ant-tasks	287	ok	7.04	
2026-10-05 06:20:22	scan	core/wrapper	426	ok	5.54	
2026-10-05 06:38:47	scan	doxia/doxia	1104	ok	3.04	
2026-10-05 06:55:16	scan	doxia/sitetools	988	ok	1.80	
2026-10-05 06:58:58	scan	doxia/tools/converter	221	ok	3.15	
2026-10-05 07:13:12	scan	misc/archetypes	854	ok	2.94	
2026-10-05 07:20:01	scan	misc/dist-tool	409	ok	4.49	
2026-10-05 07:35:50	scan	misc/executor	949	ok	4.83	
2026-10-05 07:37:19	scan	misc/gh-actions-shared/v5	88	ok	6.04	
2026-10-05 07:52:06	scan	misc/indexer	886	ok	3.14	
2026-10-05 07:55:10	scan	misc/pom/apache	183	ok	3.72	
2026-10-05 08:00:21	scan	misc/pom/apache-resources	310	ok	2.69	
2026-10-05 08:05:30	scan	misc/pom/maven	308	ok	4.34	
2026-10-05 08:07:29	scan	misc/skins/fluido	118	ok	2.80	
2026-10-05 08:17:10	scan	misc/wagon	581	ok	3.92	
2026-10-05 08:19:47	scan	plexus/build-api	157	ok	3.37	
2026-10-05 08:21:46	scan	plexus/classworlds	119	ok	4.10	
2026-10-05 08:23:14	scan	plexus/codehaus-plexus.github.io	88	ok	3.16	
2026-10-05 08:25:39	scan	plexus/components/archiver	144	ok	5.20	
2026-10-05 08:45:19	scan	plexus/components/compiler	1180	ok	3.05	
2026-10-05 08:47:25	scan	plexus/components/i18n	126	ok	3.27	
2026-10-05 08:49:21	scan	plexus/components/interactivity	116	ok	3.65	
2026-10-05 08:51:28	scan	plexus/components/interpolation	127	ok	3.43	
2026-10-05 08:54:06	scan	plexus/components/io	157	ok	4.46	
2026-10-05 08:58:14	scan	plexus/components/languages	247	ok	4.45	
2026-10-05 09:00:20	scan	plexus/components/resources	125	ok	3.77	
2026-10-05 09:03:31	scan	plexus/components/sec-dispatcher	191	ok	4.39	
2026-10-05 09:06:17	scan	plexus/components/velocity	166	ok	2.69	
2026-10-05 09:19:48	scan	plexus/modello	811	ok	2.77	
2026-10-05 09:21:34	scan	plexus/pom/plexus	105	ok	4.94	
2026-10-05 09:23:54	scan	plexus/testing	139	ok	4.15	
2026-10-05 09:25:47	scan	plexus/utils	113	ok	4.18	
2026-10-05 09:30:08	scan	plexus/xml	261	ok	4.26	
2026-10-05 09:33:14	scan	plugins/core-4/maven-clean-plugin	186	ok	3.79	
2026-10-05 09:36:07	scan	plugins/core-4/maven-compiler-plugin	172	ok	3.73	
2026-10-05 09:39:02	scan	plugins/core-4/maven-deploy-plugin	175	ok	4.37	
2026-10-05 09:41:36	scan	plugins/core-4/maven-install-plugin	153	ok	4.07	
2026-10-05 09:44:11	scan	plugins/core-4/maven-resources-plugin	155	ok	3.84	
2026-10-05 09:48:00	scan	plugins/core/maven-clean-plugin	228	ok	4.22	
2026-10-05 09:50:36	scan	plugins/core/maven-compiler-plugin	155	ok	4.09	
2026-10-05 09:53:27	scan	plugins/core/maven-deploy-plugin	170	ok	4.16	
2026-10-05 09:55:56	scan	plugins/core/maven-install-plugin	149	ok	3.09	
2026-10-05 09:58:29	scan	plugins/core/maven-resources-plugin	152	ok	4.17	
2026-10-05 10:01:47	scan	plugins/core/maven-site-plugin	197	ok	3.49	
2026-10-05 10:11:29	scan	plugins/core/surefire	581	ok	2.58	
2026-10-05 10:14:30	scan	plugins/packaging-4/maven-jar-plugin	180	ok	3.95	
2026-10-05 10:17:01	scan	plugins/packaging-4/maven-source-plugin	150	ok	3.38	
2026-10-05 10:19:10	scan	plugins/packaging/maven-acr-plugin	127	ok	2.55	
2026-10-05 10:22:15	scan	plugins/packaging/maven-ear-plugin	185	ok	3.37	
2026-10-05 10:24:33	scan	plugins/packaging/maven-ejb-plugin	138	ok	2.60	
2026-10-05 10:27:05	scan	plugins/packaging/maven-jar-plugin	151	ok	3.03	
2026-10-05 10:29:26	scan	plugins/packaging/maven-jlink-plugin	140	ok	4.07	
2026-10-05 10:31:42	scan	plugins/packaging/maven-jmod-plugin	136	ok	3.03	
2026-10-05 10:34:02	scan	plugins/packaging/maven-rar-plugin	139	ok	2.62	
2026-10-05 10:36:16	scan	plugins/packaging/maven-shade-plugin	133	ok	3.50	
2026-10-05 10:39:17	scan	plugins/packaging/maven-source-plugin	180	ok	2.99	
2026-10-05 10:41:33	scan	plugins/packaging/maven-war-plugin	135	ok	3.91	
2026-10-05 10:43:02	scan	plugins/reporting/jxr	89	ok	5.30	
2026-10-05 10:44:19	scan	plugins/reporting/maven-changelog-plugin	77	ok	4.69	
2026-10-05 10:46:40	scan	plugins/reporting/maven-changes-plugin	140	ok	2.67	
2026-10-05 10:51:40	scan	plugins/reporting/maven-checkstyle-plugin	300	ok	2.76	
2026-10-05 10:55:20	scan	plugins/reporting/maven-doap-plugin	219	ok	4.25	
2026-10-05 10:58:59	scan	plugins/reporting/maven-javadoc-plugin	219	ok	7.75	
2026-10-05 11:01:40	scan	plugins/reporting/maven-jdeps-plugin	160	ok	3.92	
2026-10-05 11:09:39	scan	plugins/reporting/maven-pmd-plugin	479	ok	2.95	
2026-10-05 11:14:34	scan	plugins/reporting/maven-project-info-reports-plugin	294	ok	3.80	
2026-10-05 11:25:38	scan	plugins/tools/archetype	663	ok	3.53	
2026-10-05 11:29:54	scan	plugins/tools/enforcer	254	ok	3.11	
2026-10-05 11:32:22	scan	plugins/tools/maven-antrun-plugin	148	ok	3.05	
2026-10-05 11:35:03	scan	plugins/tools/maven-artifact-plugin	160	ok	2.92	
2026-10-05 11:38:19	scan	plugins/tools/maven-assembly-plugin	195	ok	4.70	
2026-10-05 11:41:48	scan	plugins/tools/maven-dependency-plugin	209	ok	4.07	
2026-10-05 11:45:23	scan	plugins/tools/maven-gpg-plugin	215	ok	2.98	
2026-10-05 11:48:59	scan	plugins/tools/maven-help-plugin	215	ok	3.83	
2026-10-05 11:51:36	scan	plugins/tools/maven-invoker-plugin	156	ok	5.39	
2026-10-05 11:54:28	scan	plugins/tools/maven-jarsigner-plugin	171	ok	3.95	
2026-10-05 11:56:40	scan	plugins/tools/maven-jdeprscan-plugin	132	ok	4.71	
2026-10-05 11:59:18	scan	plugins/tools/maven-remote-resources-plugin	158	ok	3.31	
2026-10-05 12:02:24	scan	plugins/tools/maven-scm-publish-plugin	185	ok	2.27	
2026-10-05 12:04:15	scan	plugins/tools/maven-scripting-plugin	111	ok	4.02	
2026-10-05 12:05:47	scan	plugins/tools/maven-toolchains-plugin	91	ok	4.05	
2026-10-05 12:10:58	scan	plugins/tools/plugin-tools	310	ok	2.66	
2026-10-05 12:14:26	scan	plugins/tools/release	208	ok	3.44	
2026-10-05 12:20:37	scan	plugins/tools/scm	371	ok	2.90	
2026-10-05 12:22:18	scan	shared-4/archiver	100	ok	3.39	
2026-10-05 12:26:00	scan	shared-4/filtering	222	ok	4.26	
2026-10-05 12:28:03	scan	shared/archiver	123	ok	3.34	
2026-10-05 12:30:40	scan	shared/common-artifact-filters	156	ok	3.88	
2026-10-05 12:33:09	scan	shared/dependency-analyzer	149	ok	3.61	
2026-10-05 12:35:32	scan	shared/dependency-tree	143	ok	3.82	
2026-10-05 12:37:32	scan	shared/file-management	120	ok	3.51	
2026-10-05 12:40:13	scan	shared/filtering	160	ok	2.42	
2026-10-05 12:42:26	scan	shared/invoker	133	ok	3.19	
2026-10-05 12:44:57	scan	shared/jarsigner	150	ok	3.12	
2026-10-05 12:47:08	scan	shared/mapping	131	ok	4.17	
2026-10-05 12:49:13	scan	shared/reporting-api	125	ok	2.57	
2026-10-05 12:51:34	scan	shared/reporting-exec	141	ok	2.86	
2026-10-05 12:53:59	scan	shared/reporting-impl	145	ok	3.19	
2026-10-05 12:56:14	scan	shared/script-interpreter	135	ok	2.73	
2026-10-05 12:58:36	scan	shared/shared-incremental	141	ok	3.29	
2026-10-05 13:01:30	scan	shared/shared-io	174	ok	3.06	
2026-10-05 13:04:37	scan	shared/shared-jar	186	ok	3.69	
2026-10-05 13:07:02	scan	shared/shared-resources	144	ok	2.65	
2026-10-05 13:09:40	scan	shared/shared-utils	158	ok	4.08	
2026-10-05 13:12:34	scan	shared/verifier	173	ok	3.20	
2026-10-05 13:24:26	scan	sisu/sisu-project	712	ok	2.44	
2026-10-05 13:27:50	scan	site	203	ok	3.33	
2026-10-05 13:30:48	scan	studies/maven-basedir-filesystem	177	ok	3.06	
2026-10-05 13:35:54	scan	studies/maven-ci-extension	305	ok	3.97	
2026-10-05 13:37:24	scan	studies/maven-default-plugins	90	ok	4.59	
2026-10-06 03:01:47	clean-install--fae--Dsurefire.rerunFailingTestsCount=2	core/3.x/maven-3	37	failed	4.07	
2026-10-06 03:03:37	clean-install--fae--Dsurefire.rerunFailingTestsCount=2	core/3.x/mvnd-1	110	failed	7.30	
2026-10-06 03:37:18	clean-install--fae--Dsurefire.rerunFailingTestsCount=2	core/maven	2007	ok	2.42	
2026-10-06 03:39:46	clean-install--fae--Dsurefire.rerunFailingTestsCount=2	core/maven-4.0.x	139	failed	2.60	
2026-10-06 03:44:26	clean-install--fae--Dsurefire.rerunFailingTestsCount=2	core/mvnd	277	failed	10.45	
2026-10-06 03:50:49	clean-install--fae--Dsurefire.rerunFailingTestsCount=2	core/resolver	381	failed	4.41	
2026-10-06 03:52:24	clean-install--fae--Dsurefire.rerunFailingTestsCount=2	core/resolver-ant-tasks	93	failed	8.24	
2026-10-06 03:53:40	clean-install--fae--Dsurefire.rerunFailingTestsCount=2	doxia/tools/converter	75	failed	5.33	
2026-10-06 04:05:08	clean-install--fae--Dsurefire.rerunFailingTestsCount=2	misc/archetypes	677	ok	2.58	
2026-10-06 04:06:54	clean-install--fae--Dsurefire.rerunFailingTestsCount=2	misc/executor	104	failed	5.15	
2026-10-06 04:07:58	clean-install--fae--Dsurefire.rerunFailingTestsCount=2	misc/gh-actions-shared/v5	63	failed	4.82	
2026-10-06 04:18:46	clean-install--fae--Dsurefire.rerunFailingTestsCount=2	misc/indexer	643	ok	4.47	
2026-10-06 04:19:42	clean-install--fae--Dsurefire.rerunFailingTestsCount=2	misc/pom/maven	55	ok	4.33	
2026-10-06 04:24:22	clean-install--fae--Dsurefire.rerunFailingTestsCount=2	misc/wagon	279	failed	4.11	
2026-10-06 04:25:17	clean-install--fae--Dsurefire.rerunFailingTestsCount=2	plexus/build-api	54	ok	3.74	
2026-10-06 04:29:41	clean-install--fae--Dsurefire.rerunFailingTestsCount=2	plexus/components/archiver	262	ok	4.93	
2026-10-06 04:39:28	clean-install--fae--Dsurefire.rerunFailingTestsCount=2	plexus/components/compiler	582	ok	5.02	
2026-10-06 04:40:15	clean-install--fae--Dsurefire.rerunFailingTestsCount=2	plexus/components/i18n	46	ok	4.03	
2026-10-06 04:41:27	clean-install--fae--Dsurefire.rerunFailingTestsCount=2	plexus/components/interactivity	70	ok	4.59	
2026-10-06 04:43:11	clean-install--fae--Dsurefire.rerunFailingTestsCount=2	plexus/components/languages	103	ok	3.60	
2026-10-06 04:44:21	clean-install--fae--Dsurefire.rerunFailingTestsCount=2	plexus/components/resources	69	ok	2.63	
2026-10-06 04:45:55	clean-install--fae--Dsurefire.rerunFailingTestsCount=2	plexus/components/sec-dispatcher	93	ok	2.70	
2026-10-06 04:46:40	clean-install--fae--Dsurefire.rerunFailingTestsCount=2	plexus/components/velocity	45	ok	2.69	
2026-10-06 04:47:40	clean-install--fae--Dsurefire.rerunFailingTestsCount=2	plexus/testing	59	ok	3.11	
2026-10-06 04:49:24	clean-install--fae--Dsurefire.rerunFailingTestsCount=2	plexus/utils	103	ok	2.48	
2026-10-06 04:50:49	clean-install--fae--Dsurefire.rerunFailingTestsCount=2	plexus/xml	84	ok	5.10	
2026-10-06 04:51:20	clean-install--fae--Dsurefire.rerunFailingTestsCount=2	plugins/core-4/maven-compiler-plugin	30	failed	4.30	
2026-10-06 04:51:52	clean-install--fae--Dsurefire.rerunFailingTestsCount=2	plugins/core-4/maven-deploy-plugin	31	failed	3.21	
2026-10-06 04:52:23	clean-install--fae--Dsurefire.rerunFailingTestsCount=2	plugins/core-4/maven-install-plugin	30	failed	3.38	
2026-10-06 04:54:02	clean-install--fae--Dsurefire.rerunFailingTestsCount=2	plugins/core/maven-compiler-plugin	97	failed	4.73	
2026-10-06 04:55:05	clean-install--fae--Dsurefire.rerunFailingTestsCount=2	plugins/core/maven-deploy-plugin	63	failed	2.96	
2026-10-06 04:56:37	clean-install--fae--Dsurefire.rerunFailingTestsCount=2	plugins/core/maven-install-plugin	91	failed	3.84	
2026-10-06 04:58:27	clean-install--fae--Dsurefire.rerunFailingTestsCount=2	plugins/packaging-4/maven-jar-plugin	109	failed	3.73	
2026-10-06 04:59:48	clean-install--fae--Dsurefire.rerunFailingTestsCount=2	plugins/packaging-4/maven-source-plugin	80	failed	3.18	
2026-10-06 05:01:04	clean-install--fae--Dsurefire.rerunFailingTestsCount=2	plugins/packaging/maven-acr-plugin	75	failed	4.50	
2026-10-06 05:02:04	clean-install--fae--Dsurefire.rerunFailingTestsCount=2	plugins/packaging/maven-jar-plugin	59	failed	5.53	
2026-10-06 05:03:32	clean-install--fae--Dsurefire.rerunFailingTestsCount=2	plugins/packaging/maven-source-plugin	87	failed	5.98	
2026-10-06 05:05:00	clean-install--fae--Dsurefire.rerunFailingTestsCount=2	plugins/reporting/maven-changelog-plugin	87	failed	4.75	
2026-10-06 05:06:23	clean-install--fae--Dsurefire.rerunFailingTestsCount=2	plugins/reporting/maven-doap-plugin	82	failed	5.47	
2026-10-06 05:08:49	clean-install--fae--Dsurefire.rerunFailingTestsCount=2	plugins/reporting/maven-javadoc-plugin	143	failed	5.78	
2026-10-06 05:10:56	clean-install--fae--Dsurefire.rerunFailingTestsCount=2	plugins/reporting/maven-pmd-plugin	125	failed	4.02	
2026-10-06 05:13:13	clean-install--fae--Dsurefire.rerunFailingTestsCount=2	plugins/reporting/maven-project-info-reports-plugin	136	failed	5.60	
2026-10-06 05:15:45	clean-install--fae--Dsurefire.rerunFailingTestsCount=2	plugins/tools/maven-dependency-plugin	150	failed	4.88	
2026-10-06 05:17:42	clean-install--fae--Dsurefire.rerunFailingTestsCount=2	plugins/tools/maven-gpg-plugin	117	failed	3.31	
2026-10-06 05:19:56	clean-install--fae--Dsurefire.rerunFailingTestsCount=2	plugins/tools/maven-invoker-plugin	132	failed	4.66	
2026-10-06 05:21:16	clean-install--fae--Dsurefire.rerunFailingTestsCount=2	plugins/tools/release	79	failed	3.55	
2026-10-06 05:22:23	clean-install--fae--Dsurefire.rerunFailingTestsCount=2	plugins/tools/scm	66	failed	4.07	
2026-10-06 05:23:28	clean-install--fae--Dsurefire.rerunFailingTestsCount=2	site	64	failed	2.75	
2026-10-06 05:49:40	scan	core/3.x/its-3	1517	ok	2.31	
2026-10-06 06:14:01	scan	core/3.x/maven-3	1461	ok	7.95	
2026-10-06 06:21:50	scan	core/3.x/mvnd-1	469	ok	4.84	
2026-10-06 06:26:10	scan	core/build-cache	260	ok	6.97	
2026-10-06 06:56:02	scan	core/maven	1791	ok	3.36	
2026-10-06 07:13:32	scan	core/maven-4.0.x	1049	ok	3.95	
2026-10-06 07:18:50	scan	core/mvnd	318	ok	2.90	
2026-10-06 07:29:11	scan	core/resolver	620	ok	4.03	
2026-10-06 07:32:50	scan	core/resolver-ant-tasks	218	ok	5.39	
2026-10-06 07:40:16	scan	core/wrapper	445	ok	4.28	
2026-10-06 07:49:43	scan	doxia/doxia	567	ok	3.10	
2026-10-06 08:06:32	scan	doxia/sitetools	1009	ok	3.18	
2026-10-06 08:09:37	scan	doxia/tools/converter	184	ok	3.17	
2026-10-06 08:24:18	scan	misc/archetypes	881	ok	3.48	
2026-10-06 08:32:48	scan	misc/dist-tool	509	ok	3.38	
2026-10-06 08:45:51	scan	misc/executor	781	ok	4.04	
2026-10-06 08:47:57	scan	misc/gh-actions-shared/v5	126	ok	4.14	
2026-10-06 09:01:51	scan	misc/indexer	834	ok	2.01	
2026-10-06 09:04:05	scan	misc/pom/apache	133	ok	4.62	
2026-10-06 09:08:25	scan	misc/pom/apache-resources	258	ok	2.44	
2026-10-06 09:13:37	scan	misc/pom/maven	312	ok	2.88	
2026-10-06 09:15:24	scan	misc/skins/fluido	106	ok	4.23	
2026-10-06 09:28:54	scan	misc/wagon	809	ok	2.71	
2026-10-06 09:32:00	scan	plexus/build-api	185	ok	3.49	
2026-10-06 09:34:51	scan	plexus/classworlds	171	ok	4.12	
2026-10-06 09:36:49	scan	plexus/codehaus-plexus.github.io	118	ok	4.89	
2026-10-06 09:40:42	scan	plexus/components/archiver	232	ok	4.50	
2026-10-06 10:02:00	scan	plexus/components/compiler	1277	ok	3.39	
2026-10-06 10:04:54	scan	plexus/components/i18n	174	ok	4.06	
2026-10-06 10:07:35	scan	plexus/components/interactivity	160	ok	5.44	
2026-10-06 10:10:01	scan	plexus/components/interpolation	146	ok	4.24	
2026-10-06 10:12:47	scan	plexus/components/io	166	ok	4.57	
2026-10-06 10:15:48	scan	plexus/components/languages	180	ok	2.91	
2026-10-06 10:17:54	scan	plexus/components/resources	126	ok	3.37	
2026-10-06 10:20:25	scan	plexus/components/sec-dispatcher	149	ok	3.46	
2026-10-06 10:22:25	scan	plexus/components/velocity	120	ok	3.61	
2026-10-06 10:34:31	scan	plexus/modello	725	ok	3.29	
2026-10-06 10:36:33	scan	plexus/pom/plexus	121	ok	4.33	
2026-10-06 10:38:53	scan	plexus/testing	140	ok	3.02	
2026-10-06 10:41:39	scan	plexus/utils	166	ok	3.38	
2026-10-06 10:45:30	scan	plexus/xml	230	ok	3.57	
2026-10-06 10:48:17	scan	plugins/core-4/maven-clean-plugin	166	ok	3.80	
2026-10-06 10:51:44	scan	plugins/core-4/maven-compiler-plugin	206	ok	4.25	
2026-10-06 10:55:36	scan	plugins/core-4/maven-deploy-plugin	231	ok	3.61	
2026-10-06 10:58:34	scan	plugins/core-4/maven-install-plugin	178	ok	3.36	
2026-10-06 11:01:36	scan	plugins/core-4/maven-resources-plugin	181	ok	4.36	
2026-10-06 11:06:27	scan	plugins/core/maven-clean-plugin	290	ok	3.03	
2026-10-06 11:09:10	scan	plugins/core/maven-compiler-plugin	162	ok	2.57	
2026-10-06 11:11:58	scan	plugins/core/maven-deploy-plugin	168	ok	3.23	
2026-10-06 11:14:40	scan	plugins/core/maven-install-plugin	162	ok	4.36	
2026-10-06 11:16:57	scan	plugins/core/maven-resources-plugin	137	ok	3.36	
2026-10-06 11:20:58	scan	plugins/core/maven-site-plugin	240	ok	2.94	
2026-10-06 11:30:11	scan	plugins/core/surefire	553	ok	3.06	
2026-10-06 11:32:52	scan	plugins/packaging-4/maven-jar-plugin	161	ok	4.15	
2026-10-06 11:35:39	scan	plugins/packaging-4/maven-source-plugin	166	ok	3.87	
2026-10-06 11:37:44	scan	plugins/packaging/maven-acr-plugin	125	ok	4.23	
2026-10-06 11:40:58	scan	plugins/packaging/maven-ear-plugin	194	ok	3.99	
2026-10-06 11:43:04	scan	plugins/packaging/maven-ejb-plugin	126	ok	3.28	
2026-10-06 11:45:45	scan	plugins/packaging/maven-jar-plugin	160	ok	4.40	
2026-10-06 11:47:58	scan	plugins/packaging/maven-jlink-plugin	133	ok	2.96	
2026-10-06 11:50:29	scan	plugins/packaging/maven-jmod-plugin	151	ok	3.30	
2026-10-06 11:52:37	scan	plugins/packaging/maven-rar-plugin	128	ok	3.41	
2026-10-06 11:56:16	scan	plugins/packaging/maven-shade-plugin	219	ok	2.91	
2026-10-06 11:59:11	scan	plugins/packaging/maven-source-plugin	174	ok	3.20	
2026-10-06 12:02:12	scan	plugins/packaging/maven-war-plugin	181	ok	3.88	
2026-10-06 12:05:59	scan	plugins/reporting/jxr	226	ok	2.42	
2026-10-06 12:08:10	scan	plugins/reporting/maven-changelog-plugin	131	ok	2.53	
2026-10-06 12:11:51	scan	plugins/reporting/maven-changes-plugin	220	ok	2.44	
2026-10-06 12:18:24	scan	plugins/reporting/maven-checkstyle-plugin	392	ok	1.92	
2026-10-06 12:21:42	scan	plugins/reporting/maven-doap-plugin	198	ok	3.15	
2026-10-06 12:24:59	scan	plugins/reporting/maven-javadoc-plugin	196	ok	3.31	
2026-10-06 12:27:27	scan	plugins/reporting/maven-jdeps-plugin	148	ok	2.64	
2026-10-06 12:34:10	scan	plugins/reporting/maven-pmd-plugin	401	ok	2.65	
2026-10-06 12:37:53	scan	plugins/reporting/maven-project-info-reports-plugin	223	ok	3.23	
2026-10-06 12:48:17	scan	plugins/tools/archetype	623	ok	2.22	
2026-10-06 12:52:14	scan	plugins/tools/enforcer	237	ok	2.44	
2026-10-06 12:55:05	scan	plugins/tools/maven-antrun-plugin	170	ok	3.49	
2026-10-06 12:58:04	scan	plugins/tools/maven-artifact-plugin	179	ok	3.18	
2026-10-06 13:01:36	scan	plugins/tools/maven-assembly-plugin	211	ok	3.27	
2026-10-06 13:04:57	scan	plugins/tools/maven-dependency-plugin	200	ok	3.34	
2026-10-06 13:07:51	scan	plugins/tools/maven-gpg-plugin	173	ok	3.75	
2026-10-06 13:10:51	scan	plugins/tools/maven-help-plugin	179	ok	3.51	
2026-10-06 13:14:07	scan	plugins/tools/maven-invoker-plugin	195	ok	4.67	
2026-10-06 13:16:34	scan	plugins/tools/maven-jarsigner-plugin	147	ok	2.87	
2026-10-06 13:19:09	scan	plugins/tools/maven-jdeprscan-plugin	154	ok	4.25	
2026-10-06 13:21:44	scan	plugins/tools/maven-remote-resources-plugin	154	ok	1.97	
2026-10-06 13:25:00	scan	plugins/tools/maven-scm-publish-plugin	195	ok	2.79	
2026-10-06 13:27:22	scan	plugins/tools/maven-scripting-plugin	142	ok	3.70	
2026-10-06 13:29:39	scan	plugins/tools/maven-toolchains-plugin	137	ok	4.18	
2026-10-06 13:35:22	scan	plugins/tools/plugin-tools	343	ok	4.02	
2026-10-06 13:41:04	scan	plugins/tools/release	342	ok	2.16	
2026-10-06 13:53:04	scan	plugins/tools/scm	719	ok	1.60	
2026-10-06 13:56:12	scan	shared-4/archiver	187	ok	3.83	
2026-10-06 14:00:06	scan	shared-4/filtering	234	ok	3.17	
2026-10-06 14:03:05	scan	shared/archiver	179	ok	2.85	
2026-10-06 14:05:39	scan	shared/common-artifact-filters	154	ok	3.21	
2026-10-06 14:08:10	scan	shared/dependency-analyzer	151	ok	3.92	
2026-10-06 14:10:40	scan	shared/dependency-tree	150	ok	3.30	
2026-10-06 14:13:18	scan	shared/file-management	157	ok	3.21	
2026-10-06 14:16:00	scan	shared/filtering	161	ok	3.15	
2026-10-06 14:17:53	scan	shared/invoker	113	ok	3.85	
2026-10-06 14:20:12	scan	shared/jarsigner	138	ok	3.65	
2026-10-06 14:22:24	scan	shared/mapping	131	ok	2.25	
2026-10-06 14:24:50	scan	shared/reporting-api	146	ok	2.09	
2026-10-06 14:27:19	scan	shared/reporting-exec	148	ok	3.54	
2026-10-06 14:29:39	scan	shared/reporting-impl	139	ok	3.58	
2026-10-06 14:32:18	scan	shared/script-interpreter	158	ok	4.82	
2026-10-06 14:34:49	scan	shared/shared-incremental	151	ok	3.15	
2026-10-06 14:37:46	scan	shared/shared-io	176	ok	2.73	
2026-10-06 14:40:36	scan	shared/shared-jar	169	ok	3.28	
2026-10-06 14:43:20	scan	shared/shared-resources	163	ok	2.73	
2026-10-06 14:45:59	scan	shared/shared-utils	159	ok	5.32	
2026-10-06 14:48:55	scan	shared/verifier	176	ok	7.00	
2026-10-06 15:02:29	scan	sisu/sisu-project	814	ok	3.58	
2026-10-06 15:05:37	scan	site	187	ok	3.31	
2026-10-06 15:09:41	scan	studies/maven-basedir-filesystem	244	ok	3.39	
2026-10-06 15:15:44	scan	studies/maven-ci-extension	363	ok	3.81	
2026-10-06 15:19:02	scan	studies/maven-default-plugins	198	ok	3.50	
2026-10-07 03:08:45	clean-install--fae--Dsurefire.rerunFailingTestsCount=2	core/3.x/its-3	397	ok	6.83	
2026-10-07 03:11:13	clean-install--fae--Dsurefire.rerunFailingTestsCount=2	core/3.x/maven-3	144	failed	7.21	
2026-10-07 03:13:40	clean-install--fae--Dsurefire.rerunFailingTestsCount=2	core/build-cache	144	failed	4.36	
2026-10-07 04:03:17	clean-install--fae--Dsurefire.rerunFailingTestsCount=2	core/maven	2952	ok	3.57	
2026-10-07 04:04:49	clean-install--fae--Dsurefire.rerunFailingTestsCount=2	core/maven-4.0.x	86	failed	3.70	
2026-10-07 04:10:23	clean-install--fae--Dsurefire.rerunFailingTestsCount=2	core/resolver	331	failed	5.48	
2026-10-07 04:11:53	clean-install--fae--Dsurefire.rerunFailingTestsCount=2	doxia/sitetools	89	failed	3.77	
2026-10-07 04:12:43	clean-install--fae--Dsurefire.rerunFailingTestsCount=2	misc/executor	49	failed	5.19	
2026-10-07 04:13:07	clean-install--fae--Dsurefire.rerunFailingTestsCount=2	misc/gh-actions-shared/v5	24	failed	5.21	
2026-10-07 04:13:37	clean-install--fae--Dsurefire.rerunFailingTestsCount=2	plexus/build-api	30	ok	4.92	
2026-10-07 04:14:31	clean-install--fae--Dsurefire.rerunFailingTestsCount=2	plexus/classworlds	53	ok	5.09	
2026-10-07 04:21:55	clean-install--fae--Dsurefire.rerunFailingTestsCount=2	plexus/components/compiler	442	ok	3.65	
2026-10-07 04:22:47	clean-install--fae--Dsurefire.rerunFailingTestsCount=2	plexus/components/i18n	52	ok	3.35	
2026-10-07 04:23:45	clean-install--fae--Dsurefire.rerunFailingTestsCount=2	plexus/components/interactivity	58	ok	4.45	
2026-10-07 04:25:04	clean-install--fae--Dsurefire.rerunFailingTestsCount=2	plexus/components/interpolation	79	ok	6.52	
2026-10-07 04:26:16	clean-install--fae--Dsurefire.rerunFailingTestsCount=2	plexus/components/io	71	ok	5.40	
2026-10-07 04:28:12	clean-install--fae--Dsurefire.rerunFailingTestsCount=2	plexus/components/languages	115	ok	3.53	
2026-10-07 04:29:33	clean-install--fae--Dsurefire.rerunFailingTestsCount=2	plexus/components/resources	80	ok	2.89	
2026-10-07 04:31:18	clean-install--fae--Dsurefire.rerunFailingTestsCount=2	plexus/components/sec-dispatcher	104	ok	4.28	
2026-10-07 04:32:22	clean-install--fae--Dsurefire.rerunFailingTestsCount=2	plexus/components/velocity	63	ok	3.47	
2026-10-07 04:40:08	clean-install--fae--Dsurefire.rerunFailingTestsCount=2	plexus/modello	457	ok	4.69	
2026-10-07 04:41:01	clean-install--fae--Dsurefire.rerunFailingTestsCount=2	plexus/pom/plexus	53	ok	3.80	
2026-10-07 04:42:48	clean-install--fae--Dsurefire.rerunFailingTestsCount=2	plexus/utils	105	ok	3.38	
2026-10-07 04:43:23	clean-install--fae--Dsurefire.rerunFailingTestsCount=2	plugins/core-4/maven-compiler-plugin	33	failed	4.08	
2026-10-07 04:45:12	clean-install--fae--Dsurefire.rerunFailingTestsCount=2	plugins/core/maven-compiler-plugin	107	failed	4.73	
2026-10-07 04:47:47	clean-install--fae--Dsurefire.rerunFailingTestsCount=2	plugins/tools/maven-dependency-plugin	152	failed	4.21	
2026-10-07 04:49:01	clean-install--fae--Dsurefire.rerunFailingTestsCount=2	plugins/tools/release	73	failed	4.41	
2026-10-07 04:50:17	clean-install--fae--Dsurefire.rerunFailingTestsCount=2	shared/common-artifact-filters	75	failed	2.75	
2026-10-07 04:51:36	clean-install--fae--Dsurefire.rerunFailingTestsCount=2	shared/dependency-analyzer	78	failed	3.94	
2026-10-07 04:52:36	clean-install--fae--Dsurefire.rerunFailingTestsCount=2	shared/mapping	59	failed	3.13	
2026-10-07 04:53:44	clean-install--fae--Dsurefire.rerunFailingTestsCount=2	shared/reporting-exec	67	failed	3.15	
2026-10-07 04:54:48	clean-install--fae--Dsurefire.rerunFailingTestsCount=2	shared/reporting-impl	63	failed	3.20	
2026-10-07 04:56:02	clean-install--fae--Dsurefire.rerunFailingTestsCount=2	shared/shared-jar	73	failed	3.15	
2026-10-07 04:57:25	clean-install--fae--Dsurefire.rerunFailingTestsCount=2	site	81	failed	2.75	
2026-10-07 05:33:14	scan	core/3.x/its-3	2086	ok	1.75	
2026-10-07 05:42:07	scan	core/3.x/maven-3	532	ok	2.78	
2026-10-07 05:46:24	scan	core/3.x/mvnd-1	257	ok	1.99	
2026-10-07 05:48:55	scan	core/build-cache	151	ok	2.76	
2026-10-07 06:18:39	scan	core/maven	1783	ok	5.14	
2026-10-07 06:46:45	scan	core/maven-4.0.x	1686	ok	3.53	
2026-10-07 06:54:42	scan	core/mvnd	477	ok	2.65	
2026-10-07 07:06:24	scan	core/resolver	702	ok	3.42	
2026-10-07 07:07:32	scan	core/resolver-ant-tasks	68	ok	3.76	
2026-10-07 07:12:15	scan	core/wrapper	283	ok	5.15	
2026-10-07 07:17:55	scan	doxia/doxia	340	ok	3.93	
2026-10-07 07:31:11	scan	doxia/sitetools	796	ok	3.56	
2026-10-07 07:34:14	scan	doxia/tools/converter	182	ok	2.60	
2026-10-07 07:54:57	scan	misc/archetypes	1241	ok	3.68	
2026-10-07 08:07:20	scan	misc/dist-tool	742	ok	3.93	
2026-10-07 08:20:53	scan	misc/executor	811	ok	3.82	
2026-10-07 08:22:29	scan	misc/gh-actions-shared/v5	95	ok	3.83	
2026-10-07 08:37:27	scan	misc/indexer	897	ok	2.15	
2026-10-07 08:40:02	scan	misc/pom/apache	154	ok	4.66	
2026-10-07 08:44:16	scan	misc/pom/apache-resources	253	ok	2.19	
2026-10-07 08:49:36	scan	misc/pom/maven	319	ok	1.70	
2026-10-07 08:51:56	scan	misc/skins/fluido	139	ok	3.34	
2026-10-07 09:09:13	scan	misc/wagon	1037	ok	3.84	
2026-10-07 09:13:38	scan	plexus/build-api	264	ok	3.89	
2026-10-07 09:17:02	scan	plexus/classworlds	202	ok	4.60	
2026-10-07 09:19:45	scan	plexus/codehaus-plexus.github.io	163	ok	4.02	
2026-10-07 09:24:24	scan	plexus/components/archiver	279	ok	3.12	
2026-10-07 09:56:59	clean-install--fae--Dsurefire.rerunFailingTestsCount=2	core/3.x/its-3	61	ok	7.70	
2026-10-07 09:57:21	clean-install--fae--Dsurefire.rerunFailingTestsCount=2	core/3.x/maven-3	21	failed	11.73	
2026-10-07 09:57:43	clean-install--fae--Dsurefire.rerunFailingTestsCount=2	core/build-cache	21	failed	9.46	
2026-10-07 10:05:17	clean-install--fae--Dsurefire.rerunFailingTestsCount=2	core/maven	450	ok	6.07	
2026-10-07 10:05:39	clean-install--fae--Dsurefire.rerunFailingTestsCount=2	core/maven-4.0.x	20	failed	6.35	
2026-10-07 10:06:40	clean-install--fae--Dsurefire.rerunFailingTestsCount=2	core/resolver	61	failed	8.96	
2026-10-07 10:06:56	clean-install--fae--Dsurefire.rerunFailingTestsCount=2	doxia/sitetools	15	failed	8.63	
2026-10-07 10:07:13	clean-install--fae--Dsurefire.rerunFailingTestsCount=2	misc/executor	17	failed	7.78	
2026-10-07 10:07:25	clean-install--fae--Dsurefire.rerunFailingTestsCount=2	misc/gh-actions-shared/v5	12	failed	9.94	
2026-10-07 10:07:36	clean-install--fae--Dsurefire.rerunFailingTestsCount=2	plexus/build-api	11	ok	9.18	
2026-10-07 10:07:53	clean-install--fae--Dsurefire.rerunFailingTestsCount=2	plexus/classworlds	17	ok	8.12	
2026-10-07 10:09:37	clean-install--fae--Dsurefire.rerunFailingTestsCount=2	plexus/components/compiler	103	ok	6.91	
2026-10-07 10:09:48	clean-install--fae--Dsurefire.rerunFailingTestsCount=2	plexus/components/i18n	11	ok	6.22	
2026-10-07 10:10:01	clean-install--fae--Dsurefire.rerunFailingTestsCount=2	plexus/components/interactivity	13	ok	6.32	
2026-10-07 10:10:17	clean-install--fae--Dsurefire.rerunFailingTestsCount=2	plexus/components/interpolation	16	ok	6.10	
2026-10-07 10:10:33	clean-install--fae--Dsurefire.rerunFailingTestsCount=2	plexus/components/io	15	ok	8.63	
2026-10-07 10:10:51	clean-install--fae--Dsurefire.rerunFailingTestsCount=2	plexus/components/languages	18	ok	8.29	
2026-10-07 10:11:04	clean-install--fae--Dsurefire.rerunFailingTestsCount=2	plexus/components/resources	13	ok	7.29	
2026-10-07 10:11:23	clean-install--fae--Dsurefire.rerunFailingTestsCount=2	plexus/components/sec-dispatcher	19	ok	7.54	
2026-10-07 10:11:33	clean-install--fae--Dsurefire.rerunFailingTestsCount=2	plexus/components/velocity	10	ok	7.23	
2026-10-07 10:12:55	clean-install--fae--Dsurefire.rerunFailingTestsCount=2	plexus/modello	80	ok	13.00	
2026-10-07 10:13:04	clean-install--fae--Dsurefire.rerunFailingTestsCount=2	plexus/pom/plexus	9	ok	11.98	
2026-10-07 10:13:27	clean-install--fae--Dsurefire.rerunFailingTestsCount=2	plexus/utils	23	ok	10.10	
2026-10-07 10:13:33	clean-install--fae--Dsurefire.rerunFailingTestsCount=2	plugins/core-4/maven-compiler-plugin	6	failed	9.62	
2026-10-07 10:13:51	clean-install--fae--Dsurefire.rerunFailingTestsCount=2	plugins/core/maven-compiler-plugin	17	failed	9.89	
2026-10-07 10:14:15	clean-install--fae--Dsurefire.rerunFailingTestsCount=2	plugins/tools/maven-assembly-plugin	23	failed	9.52	
2026-10-07 10:14:37	clean-install--fae--Dsurefire.rerunFailingTestsCount=2	plugins/tools/maven-dependency-plugin	22	failed	9.61	
2026-10-07 10:14:52	clean-install--fae--Dsurefire.rerunFailingTestsCount=2	plugins/tools/release	14	failed	8.38	
2026-10-07 10:15:06	clean-install--fae--Dsurefire.rerunFailingTestsCount=2	shared/common-artifact-filters	14	failed	7.63	
2026-10-07 10:15:20	clean-install--fae--Dsurefire.rerunFailingTestsCount=2	shared/dependency-analyzer	14	failed	7.81	
2026-10-07 10:15:31	clean-install--fae--Dsurefire.rerunFailingTestsCount=2	shared/mapping	10	failed	7.15	
2026-10-07 10:15:44	clean-install--fae--Dsurefire.rerunFailingTestsCount=2	shared/reporting-exec	12	failed	6.76	
2026-10-07 10:15:58	clean-install--fae--Dsurefire.rerunFailingTestsCount=2	shared/reporting-impl	14	failed	7.80	
2026-10-07 10:16:15	clean-install--fae--Dsurefire.rerunFailingTestsCount=2	shared/shared-jar	17	failed	7.66	
2026-10-07 10:16:33	clean-install--fae--Dsurefire.rerunFailingTestsCount=2	site	18	failed	7.25	
2026-10-07 10:33:25	scan	core/3.x/its-3	997	ok	3.37	
2026-10-07 10:37:37	scan	core/3.x/maven-3	252	ok	3.86	
2026-10-07 10:39:46	scan	core/3.x/mvnd-1	129	ok	3.63	
2026-10-07 10:40:21	scan	core/build-cache	35	ok	5.04	
2026-10-07 10:47:52	scan	core/maven	451	ok	2.80	
2026-10-07 10:54:28	scan	core/maven-4.0.x	396	ok	3.35	
2026-10-07 10:56:40	scan	core/mvnd	132	ok	2.52	
2026-10-07 11:01:14	scan	core/resolver	274	ok	1.40	
2026-10-07 11:01:45	scan	core/resolver-ant-tasks	31	ok	3.27	
2026-10-07 11:02:51	scan	core/wrapper	66	ok	4.70	
2026-10-07 11:04:33	scan	doxia/doxia	102	ok	3.26	
2026-10-07 11:06:42	scan	doxia/sitetools	129	ok	3.42	
2026-10-07 11:07:11	scan	doxia/tools/converter	29	ok	4.93	
2026-10-07 11:10:23	scan	misc/archetypes	192	ok	4.17	
2026-10-07 11:11:55	scan	misc/dist-tool	92	ok	4.98	
2026-10-07 11:14:23	scan	misc/executor	148	ok	3.57	
2026-10-07 11:14:48	scan	misc/gh-actions-shared/v5	25	ok	4.24	
2026-10-07 11:17:33	scan	misc/indexer	165	ok	3.38	
2026-10-07 11:18:02	scan	misc/pom/apache	29	ok	4.32	
2026-10-07 11:19:06	scan	misc/pom/apache-resources	64	ok	4.22	
2026-10-07 11:20:25	scan	misc/pom/maven	79	ok	4.20	
2026-10-07 11:20:49	scan	misc/skins/fluido	24	ok	4.15	
2026-10-07 11:23:55	scan	misc/wagon	186	ok	2.77	
2026-10-07 11:24:29	scan	plexus/build-api	34	ok	2.80	
2026-10-07 11:25:03	scan	plexus/classworlds	34	ok	5.02	
2026-10-07 11:25:32	scan	plexus/codehaus-plexus.github.io	29	ok	5.96	
2026-10-07 11:26:17	scan	plexus/components/archiver	45	ok	6.60	
2026-10-07 11:29:50	scan	plexus/components/compiler	212	ok	4.30	
2026-10-07 11:30:16	scan	plexus/components/i18n	26	ok	4.31	
2026-10-07 11:30:51	scan	plexus/components/interactivity	34	ok	4.01	
2026-10-07 11:31:21	scan	plexus/components/interpolation	29	ok	3.80	
2026-10-07 11:31:52	scan	plexus/components/io	31	ok	4.12	
2026-10-07 11:32:37	scan	plexus/components/languages	45	ok	4.64	
2026-10-07 11:33:06	scan	plexus/components/resources	29	ok	4.87	
2026-10-07 11:33:37	scan	plexus/components/sec-dispatcher	31	ok	4.75	
2026-10-07 11:34:05	scan	plexus/components/velocity	28	ok	5.70	
2026-10-07 11:37:05	scan	plexus/modello	179	ok	3.13	
2026-10-07 11:37:33	scan	plexus/pom/plexus	28	ok	4.30	
2026-10-07 11:37:57	scan	plexus/testing	24	ok	4.03	
2026-10-07 11:38:30	scan	plexus/utils	33	ok	5.24	
2026-10-07 11:39:10	scan	plexus/xml	39	ok	4.72	
2026-10-07 11:39:43	scan	plugins/core-4/maven-clean-plugin	32	ok	4.02	
2026-10-07 11:40:17	scan	plugins/core-4/maven-compiler-plugin	34	ok	4.17	
2026-10-07 11:40:50	scan	plugins/core-4/maven-deploy-plugin	33	ok	4.34	
2026-10-07 11:41:19	scan	plugins/core-4/maven-install-plugin	29	ok	4.07	
2026-10-07 11:41:48	scan	plugins/core-4/maven-resources-plugin	29	ok	4.65	
2026-10-07 11:42:31	scan	plugins/core/maven-clean-plugin	43	ok	5.55	
2026-10-07 11:43:00	scan	plugins/core/maven-compiler-plugin	29	ok	5.00	
2026-10-07 11:43:29	scan	plugins/core/maven-deploy-plugin	29	ok	4.67	
2026-10-07 11:43:55	scan	plugins/core/maven-install-plugin	26	ok	4.45	
2026-10-07 11:44:23	scan	plugins/core/maven-resources-plugin	27	ok	4.85	
2026-10-07 11:45:03	scan	plugins/core/maven-site-plugin	40	ok	5.02	
2026-10-07 11:47:28	scan	plugins/core/surefire	145	ok	2.58	
2026-10-07 11:47:57	scan	plugins/packaging-4/maven-jar-plugin	29	ok	2.60	
2026-10-07 11:48:23	scan	plugins/packaging-4/maven-source-plugin	26	ok	9.76	
2026-10-07 11:48:51	scan	plugins/packaging/maven-acr-plugin	28	ok	8.32	
2026-10-07 11:49:25	scan	plugins/packaging/maven-ear-plugin	34	ok	7.17	
2026-10-07 11:49:54	scan	plugins/packaging/maven-ejb-plugin	29	ok	6.30	
2026-10-07 11:50:22	scan	plugins/packaging/maven-jar-plugin	28	ok	6.43	
2026-10-07 11:50:49	scan	plugins/packaging/maven-jlink-plugin	27	ok	5.72	
2026-10-07 11:51:15	scan	plugins/packaging/maven-jmod-plugin	26	ok	5.33	
2026-10-07 11:51:42	scan	plugins/packaging/maven-rar-plugin	27	ok	4.44	
2026-10-07 11:52:16	scan	plugins/packaging/maven-shade-plugin	34	ok	5.19	
2026-10-07 11:52:46	scan	plugins/packaging/maven-source-plugin	30	ok	4.42	
2026-10-07 11:53:15	scan	plugins/packaging/maven-war-plugin	29	ok	4.32	
2026-10-07 11:54:01	scan	plugins/reporting/jxr	46	ok	4.89	
2026-10-07 11:54:30	scan	plugins/reporting/maven-changelog-plugin	29	ok	5.30	
2026-10-07 11:55:10	scan	plugins/reporting/maven-changes-plugin	40	ok	5.10	
2026-10-07 11:56:21	scan	plugins/reporting/maven-checkstyle-plugin	71	ok	4.44	
2026-10-07 11:56:59	scan	plugins/reporting/maven-doap-plugin	38	ok	4.70	
2026-10-07 11:57:35	scan	plugins/reporting/maven-javadoc-plugin	36	ok	4.26	
2026-10-07 11:58:02	scan	plugins/reporting/maven-jdeps-plugin	27	ok	5.15	
2026-10-07 11:59:18	scan	plugins/reporting/maven-pmd-plugin	75	ok	5.06	
2026-10-07 12:00:02	scan	plugins/reporting/maven-project-info-reports-plugin	43	ok	9.32	
2026-10-07 12:01:55	scan	plugins/tools/archetype	113	ok	4.19	
2026-10-07 12:02:52	scan	plugins/tools/enforcer	57	ok	3.41	
2026-10-07 12:03:17	scan	plugins/tools/maven-antrun-plugin	25	ok	3.16	
2026-10-07 12:03:43	scan	plugins/tools/maven-artifact-plugin	26	ok	2.84	
2026-10-07 12:04:19	scan	plugins/tools/maven-assembly-plugin	36	ok	4.05	
2026-10-07 12:04:54	scan	plugins/tools/maven-dependency-plugin	35	ok	5.23	
2026-10-07 12:05:28	scan	plugins/tools/maven-gpg-plugin	34	ok	5.12	
2026-10-07 12:06:01	scan	plugins/tools/maven-help-plugin	33	ok	5.02	
2026-10-07 12:06:33	scan	plugins/tools/maven-invoker-plugin	32	ok	4.99	
2026-10-07 12:07:02	scan	plugins/tools/maven-jarsigner-plugin	29	ok	5.11	
2026-10-07 12:07:29	scan	plugins/tools/maven-jdeprscan-plugin	27	ok	4.36	
2026-10-07 12:07:57	scan	plugins/tools/maven-remote-resources-plugin	28	ok	4.70	
2026-10-07 12:08:30	scan	plugins/tools/maven-scm-publish-plugin	33	ok	5.05	
2026-10-07 12:08:59	scan	plugins/tools/maven-scripting-plugin	29	ok	5.76	
2026-10-07 12:09:24	scan	plugins/tools/maven-toolchains-plugin	25	ok	5.40	
2026-10-07 12:10:43	scan	plugins/tools/plugin-tools	78	ok	4.45	
2026-10-07 12:11:46	scan	plugins/tools/release	63	ok	2.99	
2026-10-07 12:14:30	scan	plugins/tools/scm	164	ok	3.09	
2026-10-07 12:15:01	scan	shared-4/archiver	31	ok	3.72	
2026-10-07 12:15:34	scan	shared-4/filtering	33	ok	3.97	
2026-10-07 12:16:03	scan	shared/archiver	29	ok	4.44	
2026-10-07 12:16:31	scan	shared/common-artifact-filters	28	ok	4.25	
2026-10-07 12:16:59	scan	shared/dependency-analyzer	28	ok	4.01	
2026-10-07 12:17:28	scan	shared/dependency-tree	29	ok	5.10	
2026-10-07 12:17:54	scan	shared/file-management	26	ok	5.16	
2026-10-07 12:18:21	scan	shared/filtering	27	ok	5.94	
2026-10-07 12:18:48	scan	shared/invoker	27	ok	5.39	
2026-10-07 12:19:14	scan	shared/jarsigner	26	ok	5.32	
2026-10-07 12:19:38	scan	shared/mapping	24	ok	4.69	
2026-10-07 12:20:02	scan	shared/reporting-api	24	ok	4.27	
2026-10-07 12:20:28	scan	shared/reporting-exec	26	ok	4.30	
2026-10-07 12:20:55	scan	shared/reporting-impl	27	ok	5.33	
2026-10-07 12:21:22	scan	shared/script-interpreter	27	ok	5.34	
2026-10-07 12:21:48	scan	shared/shared-incremental	26	ok	4.61	
2026-10-07 12:22:22	scan	shared/shared-io	34	ok	5.52	
2026-10-07 12:22:58	scan	shared/shared-jar	35	ok	5.26	
2026-10-07 12:23:23	scan	shared/shared-resources	25	ok	4.43	
2026-10-07 12:23:53	scan	shared/shared-utils	30	ok	5.00	
2026-10-07 12:24:20	scan	shared/verifier	27	ok	4.86	
2026-10-07 12:26:07	scan	sisu/sisu-project	107	ok	4.87	
2026-10-07 12:26:33	scan	site	26	ok	5.05	
2026-10-07 12:27:06	scan	studies/maven-basedir-filesystem	33	ok	5.49	
2026-10-07 12:28:02	scan	studies/maven-ci-extension	56	ok	5.63	
2026-10-07 12:28:37	scan	studies/maven-default-plugins	35	ok	5.50	
2026-10-07 15:15:41	-Prun-its-clean-verify	core/3.x/its-3	2790	failed	3.47	m3-9
2026-10-07 15:16:59	-Prun-its-clean-verify	core/3.x/its-3	32	failed	2.14	m4-rc5
2026-10-07 15:17:27	-Prun-its-clean-verify	core/3.x/its-3	23	failed	2.26	dpv-39
2026-10-07 15:17:55	-Prun-its-clean-verify	core/3.x/its-3	22	failed	2.49	dpv-310
2026-10-07 15:18:22	-Prun-its-clean-verify	core/3.x/its-3	22	failed	2.56	dpv-40
2026-10-07 15:18:42	-Prun-its-clean-verify	core/3.x/its-3	14	failed	2.89	dpv-41
2026-10-07 15:19:03	-Prun-its-clean-verify	core/3.x/its-3	19	failed	2.66	m4-rc6
2026-10-07 16:07:35	-Prun-its-clean-verify	core/3.x/maven-3	167	ok	7.76	m3-9
2026-10-07 16:09:55	-Prun-its-clean-verify	core/3.x/maven-3	139	ok	8.95	m3-10
2026-10-07 16:10:04	-Prun-its-clean-verify	core/3.x/maven-3	7	failed	8.33	m4-rc7
2026-10-07 16:10:10	-Prun-its-clean-verify	core/3.x/maven-3	6	failed	7.98	m4-40x
2026-10-07 16:11:08	-Prun-its-clean-verify	core/3.x/mvnd-1	57	failed	8.53	m3-9
2026-10-07 16:11:56	-Prun-its-clean-verify	core/3.x/mvnd-1	47	failed	7.25	m3-10
2026-10-07 16:12:01	-Prun-its-clean-verify	core/3.x/mvnd-1	5	failed	7.55	m4-rc7
2026-10-07 16:12:06	-Prun-its-clean-verify	core/3.x/mvnd-1	4	failed	7.11	m4-40x
2026-10-07 16:12:47	-Prun-its-clean-verify	core/3.x/its-3	474	failed	8.01	m3-9
2026-10-07 16:14:19	-Prun-its-clean-verify	core/build-cache	132	failed	12.83	m3-9
2026-10-07 16:16:45	-Prun-its-clean-verify	core/build-cache	138	failed	9.75	m3-10
2026-10-07 16:19:05	-Prun-its-clean-verify	core/build-cache	132	failed	10.86	m4-rc7
2026-10-07 16:21:27	-Prun-its-clean-verify	core/build-cache	133	failed	8.73	m4-40x
2026-10-07 16:24:46	-Prun-its-clean-verify	core/3.x/its-3	709	failed	6.83	m3-10
2026-10-07 16:43:48	-Prun-its-clean-verify	core/maven	1328	failed	197.98	m3-9
2026-10-07 16:56:35	-Prun-its-clean-verify	core/3.x/its-3	1898	failed	11.16	m4-rc7
2026-10-07 17:06:32	-Prun-its-clean-verify	core/maven	1326	failed	305.90	m3-10
2026-10-07 17:16:25	-Prun-its-clean-verify	core/3.x/its-3	1188	failed	9.20	m3-9
2026-10-07 17:16:28	-Prun-its-clean-verify	core/3.x/its-3	1190	failed	9.20	m4-40x
2026-10-07 17:30:35	-Prun-its-clean-verify	core/maven	1402	failed	399.27	m4-rc7
2026-10-07 17:42:38	-Prun-its-clean-verify	core/maven-4.0.x	1565	failed	147.66	m3-9
2026-10-07 17:50:28	-Prun-its-clean-verify	core/maven	1153	failed	207.86	m4-40x
2026-10-07 17:52:17	-Prun-its-clean-verify	core/mvnd	76	failed	46.46	m3-9
2026-10-07 17:53:21	-Prun-its-clean-verify	core/mvnd	63	failed	23.30	m3-10
2026-10-07 17:53:32	-Prun-its-clean-verify	core/mvnd	10	failed	23.01	m4-rc7
2026-10-07 17:53:44	-Prun-its-clean-verify	core/mvnd	11	failed	19.66	m4-40x
2026-10-07 18:01:04	-Prun-its-clean-verify	core/resolver	438	ok	7.89	m3-9
2026-10-07 18:07:07	-Prun-its-clean-verify	core/maven-4.0.x	1377	failed	5.33	m3-10
2026-10-07 18:07:11	-Prun-its-clean-verify	core/resolver	365	ok	5.30	m3-10
2026-10-07 18:14:15	-Prun-its-clean-verify	core/resolver	423	ok	13.55	m4-rc7
2026-10-07 18:19:37	-Prun-its-clean-verify	core/resolver	319	ok	5.18	m4-40x
2026-10-07 18:21:24	-Prun-its-clean-verify	core/resolver-ant-tasks	105	ok	3.72	m3-9
2026-10-07 18:22:58	-Prun-its-clean-verify	core/resolver-ant-tasks	94	ok	3.20	m3-10
2026-10-07 18:24:41	-Prun-its-clean-verify	core/resolver-ant-tasks	103	ok	3.22	m4-rc7
2026-10-07 18:25:14	-Prun-its-clean-verify	core/maven-4.0.x	1080	failed	4.05	m4-rc7
2026-10-07 18:26:29	-Prun-its-clean-verify	core/resolver-ant-tasks	108	ok	10.18	m4-40x
2026-10-07 18:27:40	-Prun-its-clean-verify	core/3.x/its-3	4268	failed	7.16	m3-10
2026-10-07 18:31:54	-Prun-its-clean-verify	core/wrapper	324	ok	9.77	m3-9
2026-10-07 18:36:48	-Prun-its-clean-verify	core/wrapper	293	ok	4.27	m3-10
2026-10-07 18:41:43	-Prun-its-clean-verify	core/wrapper	294	ok	4.44	m4-rc7
2026-10-07 18:42:44	-Prun-its-clean-verify	core/maven-4.0.x	1043	failed	5.13	m4-40x
2026-10-07 18:43:36	-Prun-its-clean-verify	doxia/doxia	44	ok	7.39	m3-9
2026-10-07 18:44:26	-Prun-its-clean-verify	doxia/doxia	49	ok	7.36	m3-10
2026-10-07 18:44:31	-Prun-its-clean-verify	doxia/doxia	5	failed	7.65	m4-rc7
2026-10-07 18:44:35	-Prun-its-clean-verify	doxia/doxia	4	failed	7.12	m4-40x
2026-10-07 18:45:10	-Prun-its-clean-verify	doxia/sitetools	34	ok	8.76	m3-9
2026-10-07 18:45:53	-Prun-its-clean-verify	doxia/sitetools	43	ok	10.68	m3-10
2026-10-07 18:46:21	-Prun-its-clean-verify	core/wrapper	278	ok	12.42	m4-40x
2026-10-07 18:46:39	-Prun-its-clean-verify	doxia/sitetools	46	ok	12.34	m4-rc7
2026-10-07 18:46:50	-Prun-its-clean-verify	doxia/tools/converter	27	ok	12.20	m3-9
2026-10-07 18:47:22	-Prun-its-clean-verify	doxia/tools/converter	32	ok	14.15	m3-10
2026-10-07 18:47:28	-Prun-its-clean-verify	doxia/sitetools	48	ok	13.80	m4-40x
2026-10-07 18:47:29	-Prun-its-clean-verify	doxia/tools/converter	6	failed	13.80	m4-rc7
2026-10-07 18:47:35	-Prun-its-clean-verify	doxia/tools/converter	5	failed	13.90	m4-40x
2026-10-07 18:48:59	-Prun-its-clean-verify	misc/dist-tool	83	ok	16.74	m3-9
2026-10-07 18:49:39	-Prun-its-clean-verify	misc/dist-tool	39	ok	16.94	m3-10
2026-10-07 18:49:45	-Prun-its-clean-verify	misc/dist-tool	6	failed	16.55	m4-rc7
2026-10-07 18:49:52	-Prun-its-clean-verify	misc/dist-tool	6	failed	15.86	m4-40x
2026-10-07 18:50:45	-Prun-its-clean-verify	misc/archetypes	193	ok	15.77	m3-9
2026-10-07 18:53:57	-Prun-its-clean-verify	misc/archetypes	190	ok	15.15	m3-10
2026-10-07 18:54:06	-Prun-its-clean-verify	misc/archetypes	6	failed	13.93	m4-rc7
2026-10-07 18:54:12	-Prun-its-clean-verify	misc/archetypes	5	failed	13.05	m4-40x
2026-10-07 18:54:26	-Prun-its-clean-verify	misc/gh-actions-shared/v5	12	ok	11.19	m3-9
2026-10-07 18:54:39	-Prun-its-clean-verify	misc/gh-actions-shared/v5	12	ok	12.31	m3-10
2026-10-07 18:54:49	-Prun-its-clean-verify	misc/executor	296	ok	19.03	m3-9
2026-10-07 18:54:53	-Prun-its-clean-verify	misc/gh-actions-shared/v5	13	ok	19.03	m4-rc7
2026-10-07 18:55:08	-Prun-its-clean-verify	misc/gh-actions-shared/v5	15	ok	16.86	m4-40x
2026-10-07 18:59:41	-Prun-its-clean-verify	misc/indexer	270	ok	11.51	m3-9
2026-10-07 19:01:05	-Prun-its-clean-verify	misc/executor	369	ok	9.31	m3-10
2026-10-07 19:04:13	-Prun-its-clean-verify	misc/indexer	267	ok	7.98	m3-10
2026-10-07 19:04:40	-Prun-its-clean-verify	misc/indexer	22	failed	14.15	m4-rc7
2026-10-07 19:05:04	-Prun-its-clean-verify	misc/indexer	22	failed	13.56	m4-40x
2026-10-07 19:05:13	-Prun-its-clean-verify	misc/pom/apache	6	ok	11.78	m3-9
2026-10-07 19:05:20	-Prun-its-clean-verify	misc/pom/apache	7	ok	12.44	m3-10
2026-10-07 19:05:26	-Prun-its-clean-verify	misc/pom/apache	6	failed	12.33	m4-rc7
2026-10-07 19:05:31	-Prun-its-clean-verify	misc/pom/apache	5	failed	11.41	m4-40x
2026-10-07 19:06:59	-Prun-its-clean-verify	misc/executor	342	ok	12.46	m4-rc7
2026-10-07 19:07:11	-Prun-its-clean-verify	misc/pom/apache-resources	99	ok	13.09	m3-9
2026-10-07 19:09:03	-Prun-its-clean-verify	misc/pom/apache-resources	110	ok	14.79	m3-10
2026-10-07 19:11:07	-Prun-its-clean-verify	misc/pom/apache-resources	122	ok	13.22	m4-rc7
2026-10-07 19:12:16	-Prun-its-clean-verify	misc/executor	311	ok	10.78	m4-40x
2026-10-07 19:12:38	-Prun-its-clean-verify	misc/pom/maven	16	ok	11.61	m3-9
2026-10-07 19:12:55	-Prun-its-clean-verify	misc/pom/maven	16	ok	11.60	m3-10
2026-10-07 19:13:14	-Prun-its-clean-verify	misc/pom/apache-resources	125	ok	13.00	m4-40x
2026-10-07 19:13:16	-Prun-its-clean-verify	misc/pom/maven	21	ok	13.00	m4-rc7
2026-10-07 19:13:36	-Prun-its-clean-verify	misc/pom/maven	20	ok	12.32	m4-40x
2026-10-07 19:22:54	-Prun-its-clean-verify	misc/skins/fluido	577	ok	7.81	m3-9
2026-10-07 19:22:57	-Prun-its-clean-verify	misc/wagon	560	ok	7.81	m3-9
2026-10-07 19:32:36	-Prun-its-clean-verify	misc/wagon	577	ok	9.64	m3-10
2026-10-07 19:33:13	-Prun-its-clean-verify	misc/wagon	35	failed	15.75	m4-rc7
2026-10-07 19:33:53	-Prun-its-clean-verify	misc/wagon	40	failed	18.92	m4-40x
2026-10-07 19:34:19	-Prun-its-clean-verify	plexus/build-api	24	ok	21.42	m3-9
2026-10-07 19:34:46	-Prun-its-clean-verify	plexus/build-api	25	ok	19.65	m3-10
2026-10-07 19:35:00	-Prun-its-clean-verify	plexus/build-api	13	failed	25.51	m4-rc7
2026-10-07 19:35:13	-Prun-its-clean-verify	plexus/build-api	13	failed	24.04	m4-40x
2026-10-07 19:35:57	-Prun-its-clean-verify	plexus/classworlds	42	ok	24.74	m3-9
2026-10-07 19:36:01	-Prun-its-clean-verify	misc/skins/fluido	785	ok	23.24	m3-10
2026-10-07 19:36:32	-Prun-its-clean-verify	plexus/classworlds	35	ok	26.91	m3-10
2026-10-07 19:36:43	-Prun-its-clean-verify	plexus/classworlds	10	failed	24.55	m4-rc7
2026-10-07 19:36:53	-Prun-its-clean-verify	plexus/classworlds	9	failed	21.62	m4-40x
2026-10-07 19:37:02	-Prun-its-clean-verify	plexus/codehaus-plexus.github.io	8	ok	18.61	m3-9
2026-10-07 19:37:10	-Prun-its-clean-verify	plexus/codehaus-plexus.github.io	8	ok	18.40	m3-10
2026-10-07 19:37:16	-Prun-its-clean-verify	plexus/codehaus-plexus.github.io	6	failed	17.49	m4-rc7
2026-10-07 19:37:23	-Prun-its-clean-verify	plexus/codehaus-plexus.github.io	6	failed	17.05	m4-40x
2026-10-07 19:38:32	-Prun-its-clean-verify	plexus/components/archiver	68	ok	13.31	m3-9
2026-10-07 19:39:36	-Prun-its-clean-verify	plexus/components/archiver	63	ok	13.76	m3-10
2026-10-07 19:39:42	-Prun-its-clean-verify	plexus/components/archiver	5	failed	13.22	m4-rc7
2026-10-07 19:39:47	-Prun-its-clean-verify	plexus/components/archiver	5	failed	12.96	m4-40x
2026-10-07 19:41:42	-Prun-its-clean-verify	plexus/components/compiler	114	failed	16.90	m3-9
2026-10-07 19:43:50	-Prun-its-clean-verify	plexus/components/compiler	127	failed	18.53	m3-10
2026-10-07 19:43:59	-Prun-its-clean-verify	plexus/components/compiler	8	failed	17.50	m4-rc7
2026-10-07 19:44:08	-Prun-its-clean-verify	plexus/components/compiler	9	failed	17.87	m4-40x
2026-10-07 19:44:20	-Prun-its-clean-verify	plexus/components/i18n	11	ok	16.25	m3-9
2026-10-07 19:44:32	-Prun-its-clean-verify	plexus/components/i18n	12	ok	14.85	m3-10
2026-10-07 19:44:39	-Prun-its-clean-verify	plexus/components/i18n	6	failed	14.86	m4-rc7
2026-10-07 19:44:46	-Prun-its-clean-verify	plexus/components/i18n	7	failed	13.09	m4-40x
2026-10-07 19:44:57	-Prun-its-clean-verify	plexus/components/interactivity	10	ok	12.23	m3-9
2026-10-07 19:45:10	-Prun-its-clean-verify	plexus/components/interactivity	12	ok	11.89	m3-10
2026-10-07 19:45:16	-Prun-its-clean-verify	plexus/components/interactivity	5	failed	11.02	m4-rc7
2026-10-07 19:45:23	-Prun-its-clean-verify	plexus/components/interactivity	6	failed	11.26	m4-40x
2026-10-07 19:45:40	-Prun-its-clean-verify	plexus/components/interpolation	16	ok	11.27	m3-9
2026-10-07 19:45:57	-Prun-its-clean-verify	plexus/components/interpolation	17	ok	12.13	m3-10
2026-10-07 19:46:04	-Prun-its-clean-verify	plexus/components/interpolation	7	failed	12.36	m4-rc7
2026-10-07 19:46:12	-Prun-its-clean-verify	plexus/components/interpolation	7	failed	11.98	m4-40x
2026-10-07 19:46:30	-Prun-its-clean-verify	plexus/components/io	17	ok	12.11	m3-9
2026-10-07 19:46:47	-Prun-its-clean-verify	plexus/components/io	17	ok	12.84	m3-10
2026-10-07 19:46:54	-Prun-its-clean-verify	plexus/components/io	6	failed	12.21	m4-rc7
2026-10-07 19:47:01	-Prun-its-clean-verify	plexus/components/io	7	failed	15.53	m4-40x
2026-10-07 19:47:21	-Prun-its-clean-verify	plexus/components/languages	19	ok	14.42	m3-9
2026-10-07 19:47:42	-Prun-its-clean-verify	plexus/components/languages	20	ok	13.69	m3-10
2026-10-07 19:47:49	-Prun-its-clean-verify	plexus/components/languages	7	failed	13.88	m4-rc7
2026-10-07 19:47:56	-Prun-its-clean-verify	plexus/components/languages	7	failed	16.70	m4-40x
2026-10-07 19:48:13	-Prun-its-clean-verify	plexus/components/resources	16	ok	15.07	m3-9
2026-10-07 19:48:31	-Prun-its-clean-verify	plexus/components/resources	18	ok	16.74	m3-10
2026-10-07 19:48:38	-Prun-its-clean-verify	plexus/components/resources	6	failed	17.00	m4-rc7
2026-10-07 19:48:45	-Prun-its-clean-verify	plexus/components/resources	6	failed	15.57	m4-40x
2026-10-07 19:49:09	-Prun-its-clean-verify	plexus/components/sec-dispatcher	23	ok	12.79	m3-9
2026-10-07 19:49:32	-Prun-its-clean-verify	plexus/components/sec-dispatcher	23	ok	12.18	m3-10
2026-10-07 19:49:38	-Prun-its-clean-verify	plexus/components/sec-dispatcher	6	failed	11.60	m4-rc7
2026-10-07 19:49:44	-Prun-its-clean-verify	plexus/components/sec-dispatcher	6	failed	10.99	m4-40x
2026-10-07 19:49:53	-Prun-its-clean-verify	plexus/components/velocity	9	ok	10.94	m3-9
2026-10-07 19:49:55	-Prun-its-clean-verify	misc/skins/fluido	830	ok	10.94	m4-rc7
2026-10-07 19:50:05	-Prun-its-clean-verify	plexus/components/velocity	12	ok	11.12	m3-10
2026-10-07 19:50:12	-Prun-its-clean-verify	plexus/components/velocity	7	failed	11.95	m4-rc7
2026-10-07 19:50:20	-Prun-its-clean-verify	plexus/components/velocity	7	failed	12.12	m4-40x
2026-10-07 19:54:06	-Prun-its-clean-verify	plexus/modello	223	ok	15.14	m3-9
2026-10-07 19:57:53	-Prun-its-clean-verify	plexus/modello	222	ok	16.92	m3-10
2026-10-07 20:01:50	-Prun-its-clean-verify	plexus/modello	233	ok	20.88	m4-rc7
2026-10-07 20:05:11	-Prun-its-clean-verify	misc/skins/fluido	914	ok	20.33	m4-40x
2026-10-07 20:05:25	-Prun-its-clean-verify	plexus/pom/plexus	11	ok	19.23	m3-9
2026-10-07 20:05:35	-Prun-its-clean-verify	plexus/pom/plexus	10	ok	19.12	m3-10
2026-10-07 20:05:43	-Prun-its-clean-verify	plexus/pom/plexus	7	failed	20.05	m4-rc7
2026-10-07 20:05:48	-Prun-its-clean-verify	plexus/modello	235	ok	23.81	m4-40x
2026-10-07 20:05:50	-Prun-its-clean-verify	plexus/pom/plexus	7	failed	23.81	m4-40x
2026-10-07 20:06:05	-Prun-its-clean-verify	plexus/testing	14	ok	21.43	m3-9
2026-10-07 20:06:19	-Prun-its-clean-verify	plexus/testing	14	ok	21.49	m3-10
2026-10-07 20:06:24	-Prun-its-clean-verify	plexus/utils	32	ok	21.13	m3-9
2026-10-07 20:06:26	-Prun-its-clean-verify	plexus/testing	6	failed	21.13	m4-rc7
2026-10-07 20:06:33	-Prun-its-clean-verify	plexus/testing	7	failed	19.67	m4-40x
2026-10-07 20:06:53	-Prun-its-clean-verify	plexus/xml	19	ok	17.07	m3-9
2026-10-07 20:06:57	-Prun-its-clean-verify	plexus/utils	32	ok	18.11	m3-10
2026-10-07 20:07:05	-Prun-its-clean-verify	plexus/utils	7	failed	18.82	m4-rc7
2026-10-07 20:07:13	-Prun-its-clean-verify	plexus/utils	8	failed	18.87	m4-40x
2026-10-07 20:07:13	-Prun-its-clean-verify	plexus/xml	19	ok	18.87	m3-10
2026-10-07 20:07:19	-Prun-its-clean-verify	plexus/xml	6	failed	18.72	m4-rc7
2026-10-07 20:07:24	-Prun-its-clean-verify	plugins/core-4/maven-clean-plugin	11	failed	18.10	m3-9
2026-10-07 20:07:26	-Prun-its-clean-verify	plexus/xml	6	failed	18.10	m4-40x
2026-10-07 20:07:34	-Prun-its-clean-verify	plugins/core-4/maven-clean-plugin	9	failed	15.85	m3-10
2026-10-07 20:07:34	-Prun-its-clean-verify	plugins/core-4/maven-compiler-plugin	7	failed	15.85	m3-9
2026-10-07 20:07:42	-Prun-its-clean-verify	plugins/core-4/maven-compiler-plugin	7	failed	15.46	m3-10
2026-10-07 20:07:46	-Prun-its-clean-verify	plugins/core-4/maven-clean-plugin	12	failed	15.46	m4-rc7
2026-10-07 20:07:57	-Prun-its-clean-verify	plugins/core-4/maven-clean-plugin	11	failed	16.87	m4-40x
2026-10-07 20:08:07	-Prun-its-clean-verify	plugins/core-4/maven-deploy-plugin	9	failed	15.50	m3-9
2026-10-07 20:08:16	-Prun-its-clean-verify	plugins/core-4/maven-deploy-plugin	8	failed	16.66	m3-10
2026-10-07 20:14:33	-Prun-its-clean-verify	plugins/core-4/maven-deploy-plugin	376	ok	18.67	m4-rc7
2026-10-07 20:20:38	-Prun-its-clean-verify	plugins/core-4/maven-deploy-plugin	363	ok	16.84	m4-40x
2026-10-07 20:20:44	-Prun-its-clean-verify	plugins/core-4/maven-compiler-plugin	781	failed	16.37	m4-rc7
2026-10-07 20:20:48	-Prun-its-clean-verify	plugins/core-4/maven-install-plugin	7	failed	15.46	m3-9
2026-10-07 20:20:56	-Prun-its-clean-verify	plugins/core-4/maven-install-plugin	7	failed	16.79	m3-10
2026-10-07 20:27:10	-Prun-its-clean-verify	plugins/core-4/maven-install-plugin	373	failed	12.39	m4-rc7
2026-10-07 20:33:26	-Prun-its-clean-verify	plugins/core-4/maven-install-plugin	374	failed	10.57	m4-40x
2026-10-07 20:33:58	-Prun-its-clean-verify	plugins/core-4/maven-compiler-plugin	790	failed	12.71	m4-40x
2026-10-07 20:34:10	-Prun-its-clean-verify	plugins/core/maven-clean-plugin	7	failed	12.45	m3-9
2026-10-07 20:34:19	-Prun-its-clean-verify	plugins/core/maven-clean-plugin	8	failed	11.74	m3-10
2026-10-07 20:34:27	-Prun-its-clean-verify	plugins/core/maven-clean-plugin	8	failed	11.52	m4-rc7
2026-10-07 20:34:36	-Prun-its-clean-verify	plugins/core/maven-clean-plugin	8	failed	12.44	m4-40x
2026-10-07 20:38:05	-Prun-its-clean-verify	plugins/core-4/maven-resources-plugin	276	failed	9.29	m3-9
2026-10-07 20:43:12	-Prun-its-clean-verify	plugins/core-4/maven-resources-plugin	306	failed	10.98	m3-10
2026-10-07 20:45:26	-Prun-its-clean-verify	plugins/core/maven-compiler-plugin	649	failed	12.84	m3-9
2026-10-07 20:47:22	-Prun-its-clean-verify	plugins/core-4/maven-resources-plugin	249	ok	15.51	m4-rc7
2026-10-07 20:51:24	-Prun-its-clean-verify	plugins/core-4/maven-resources-plugin	241	ok	15.06	m4-40x
2026-10-07 20:55:54	-Prun-its-clean-verify	plugins/core/maven-deploy-plugin	268	ok	15.50	m3-9
2026-10-07 20:57:11	-Prun-its-clean-verify	plugins/core/maven-compiler-plugin	701	failed	17.30	m3-10
2026-10-07 21:00:56	-Prun-its-clean-verify	plugins/core/maven-deploy-plugin	300	ok	11.77	m3-10
2026-10-07 21:06:42	-Prun-its-clean-verify	plugins/core/maven-deploy-plugin	344	ok	16.11	m4-rc7
2026-10-07 21:10:30	-Prun-its-clean-verify	plugins/core/maven-compiler-plugin	795	failed	15.63	m4-rc7
2026-10-07 21:12:34	-Prun-its-clean-verify	plugins/core/maven-deploy-plugin	349	ok	14.84	m4-40x
2026-10-07 21:12:42	-Prun-its-clean-verify	core/3.x/its-3	9849	failed	14.48	m4-rc7
2026-10-07 21:17:40	-Prun-its-clean-verify	plugins/core/maven-install-plugin	303	failed	16.76	m3-9
2026-10-07 21:23:05	-Prun-its-clean-verify	plugins/core/maven-install-plugin	323	failed	12.06	m3-10
2026-10-07 21:24:14	-Prun-its-clean-verify	plugins/core/maven-compiler-plugin	819	failed	14.34	m4-40x
2026-10-07 21:26:40	-Prun-its-clean-verify	plugins/core/maven-resources-plugin	141	ok	11.37	m3-9
2026-10-07 21:28:36	clean-install--fae--Dsurefire.rerunFailingTestsCount=2	core/3.x/its-3	994	ok	15.54	
2026-10-07 21:29:04	-Prun-its-clean-verify	plugins/core/maven-install-plugin	358	failed	13.18	m4-rc7
2026-10-07 21:29:47	-Prun-its-clean-verify	plugins/core/maven-resources-plugin	186	ok	16.86	m3-10
2026-10-07 21:33:08	-Prun-its-clean-verify	plugins/core/maven-resources-plugin	200	ok	14.92	m4-rc7
2026-10-07 21:34:18	clean-install--fae--Dsurefire.rerunFailingTestsCount=2	core/3.x/maven-3	332	failed	19.99	
2026-10-07 21:35:23	-Prun-its-clean-verify	plugins/core/maven-install-plugin	377	failed	12.31	m4-40x
2026-10-07 21:36:21	-Prun-its-clean-verify	plugins/core/maven-resources-plugin	192	ok	11.27	m4-40x
2026-10-07 21:40:04	-Prun-its-clean-verify	plugins/core/surefire	220	failed	17.23	m3-9
2026-10-07 21:43:54	-Prun-its-clean-verify	plugins/core/surefire	228	failed	31.06	m3-10
2026-10-07 21:45:41	clean-install--fae--Dsurefire.rerunFailingTestsCount=2	core/3.x/mvnd-1	679	failed	31.11	
2026-10-07 21:47:54	-Prun-its-clean-verify	plugins/core/surefire	238	failed	27.99	m4-rc7
2026-10-07 21:48:10	-Prun-its-clean-verify	plugins/core/maven-site-plugin	764	ok	23.43	m3-9
2026-10-07 21:51:54	-Prun-its-clean-verify	plugins/core/surefire	238	failed	24.61	m4-40x
2026-10-07 21:53:55	clean-install--fae--Dsurefire.rerunFailingTestsCount=2	core/build-cache	482	failed	21.20	
2026-10-07 22:00:45	-Prun-its-clean-verify	plugins/packaging-4/maven-jar-plugin	528	failed	16.45	m3-9
2026-10-07 22:00:52	-Prun-its-clean-verify	plugins/core/maven-site-plugin	753	ok	15.74	m3-10
2026-10-07 22:10:49	-Prun-its-clean-verify	plugins/packaging-4/maven-jar-plugin	601	failed	26.08	m3-10
2026-10-07 22:14:46	-Prun-its-clean-verify	plugins/core/maven-site-plugin	824	ok	23.56	m4-rc7
2026-10-07 22:17:36	-Prun-its-clean-verify	plugins/packaging-4/maven-jar-plugin	405	failed	21.12	m4-rc7
2026-10-07 22:24:31	-Prun-its-clean-verify	plugins/packaging-4/maven-jar-plugin	412	failed	22.79	m4-40x
2026-10-07 22:28:20	-Prun-its-clean-verify	plugins/core/maven-site-plugin	806	failed	15.23	m4-40x
2026-10-07 22:28:53	-Prun-its-clean-verify	plugins/packaging-4/maven-source-plugin	259	failed	13.81	m3-9
2026-10-07 22:29:36	-Prun-its-clean-verify	plugins/packaging/maven-acr-plugin	68	failed	15.71	m3-9
2026-10-07 22:30:51	-Prun-its-clean-verify	plugins/packaging/maven-acr-plugin	74	failed	13.38	m3-10
2026-10-07 22:32:16	-Prun-its-clean-verify	plugins/packaging/maven-acr-plugin	84	failed	20.04	m4-rc7
2026-10-07 22:33:23	-Prun-its-clean-verify	plugins/packaging-4/maven-source-plugin	268	failed	16.56	m3-10
2026-10-07 22:33:38	-Prun-its-clean-verify	plugins/packaging/maven-acr-plugin	81	failed	16.19	m4-40x
2026-10-07 22:36:54	-Prun-its-clean-verify	plugins/packaging-4/maven-source-plugin	209	failed	15.74	m4-rc7
2026-10-07 22:40:15	-Prun-its-clean-verify	plugins/packaging-4/maven-source-plugin	199	failed	14.97	m4-40x
2026-10-07 22:41:48	-Prun-its-clean-verify	plugins/packaging/maven-ejb-plugin	91	ok	14.49	m3-9
2026-10-07 22:43:21	-Prun-its-clean-verify	plugins/packaging/maven-ejb-plugin	92	ok	11.56	m3-10
2026-10-07 22:43:46	-Prun-its-clean-verify	plugins/packaging/maven-ear-plugin	606	failed	11.43	m3-9
2026-10-07 22:45:01	-Prun-its-clean-verify	plugins/packaging/maven-ejb-plugin	99	ok	10.83	m4-rc7
2026-10-07 22:46:43	-Prun-its-clean-verify	plugins/packaging/maven-ejb-plugin	101	ok	13.30	m4-40x
2026-10-07 22:50:13	-Prun-its-clean-verify	plugins/packaging/maven-jar-plugin	208	failed	8.97	m3-9
2026-10-07 22:54:20	-Prun-its-clean-verify	plugins/packaging/maven-jar-plugin	246	failed	10.62	m3-10
2026-10-07 22:54:45	-Prun-its-clean-verify	plugins/packaging/maven-ear-plugin	656	failed	10.21	m3-10
2026-10-07 22:59:29	-Prun-its-clean-verify	plugins/packaging/maven-jar-plugin	308	failed	14.73	m4-rc7
2026-10-07 23:04:30	-Prun-its-clean-verify	plugins/packaging/maven-jar-plugin	299	failed	12.01	m4-40x
2026-10-07 23:07:57	-Prun-its-clean-verify	plugins/packaging/maven-ear-plugin	790	failed	13.47	m4-rc7
2026-10-07 23:10:31	-Prun-its-clean-verify	plugins/packaging/maven-jlink-plugin	359	failed	15.05	m3-9
2026-10-07 23:16:17	-Prun-its-clean-verify	plugins/packaging/maven-jlink-plugin	344	failed	13.03	m3-10
2026-10-07 23:21:31	-Prun-its-clean-verify	plugins/packaging/maven-ear-plugin	812	failed	11.72	m4-40x
2026-10-07 23:22:43	-Prun-its-clean-verify	plugins/packaging/maven-jlink-plugin	383	failed	15.44	m4-rc7
2026-10-07 23:24:22	-Prun-its-clean-verify	plugins/packaging/maven-jmod-plugin	168	ok	12.74	m3-9
2026-10-07 23:27:23	-Prun-its-clean-verify	plugins/packaging/maven-jmod-plugin	179	ok	13.04	m3-10
2026-10-07 23:29:08	-Prun-its-clean-verify	plugins/packaging/maven-jlink-plugin	383	failed	15.17	m4-40x
2026-10-07 23:30:21	-Prun-its-clean-verify	plugins/packaging/maven-rar-plugin	70	ok	15.46	m3-9
2026-10-07 23:30:46	-Prun-its-clean-verify	plugins/packaging/maven-jmod-plugin	201	ok	12.78	m4-rc7
2026-10-07 23:31:32	-Prun-its-clean-verify	plugins/packaging/maven-rar-plugin	69	ok	14.36	m3-10
2026-10-07 23:32:50	-Prun-its-clean-verify	plugins/packaging/maven-rar-plugin	77	ok	17.26	m4-rc7
2026-10-07 23:34:05	-Prun-its-clean-verify	plugins/packaging/maven-rar-plugin	74	ok	18.11	m4-40x
2026-10-07 23:34:18	-Prun-its-clean-verify	plugins/packaging/maven-jmod-plugin	210	ok	16.95	m4-40x
2026-10-07 23:37:16	-Prun-its-clean-verify	plugins/packaging/maven-source-plugin	175	failed	9.42	m3-9
2026-10-07 23:40:20	-Prun-its-clean-verify	plugins/packaging/maven-source-plugin	183	failed	19.23	m3-10
2026-10-07 23:43:33	-Prun-its-clean-verify	plugins/packaging/maven-source-plugin	192	failed	10.20	m4-rc7
2026-10-07 23:45:47	-Prun-its-clean-verify	plugins/packaging/maven-shade-plugin	700	failed	12.77	m3-9
2026-10-07 23:47:07	-Prun-its-clean-verify	plugins/packaging/maven-source-plugin	212	failed	16.05	m4-40x
2026-10-07 23:51:50	-Prun-its-clean-verify	plugins/packaging/maven-war-plugin	280	failed	18.93	m3-9
2026-10-07 23:54:14	clean-install--fae--Dsurefire.rerunFailingTestsCount=2	core/maven	7197	ok	17.23	
2026-10-07 23:56:57	-Prun-its-clean-verify	plugins/packaging/maven-war-plugin	305	failed	13.11	m3-10
2026-10-07 23:57:13	-Prun-its-clean-verify	plugins/packaging/maven-shade-plugin	682	failed	13.77	m3-10
2026-10-08 00:00:24	clean-install--fae--Dsurefire.rerunFailingTestsCount=2	core/maven-4.0.x	355	failed	18.55	
2026-10-08 00:02:51	-Prun-its-clean-verify	plugins/packaging/maven-war-plugin	352	failed	17.32	m4-rc7
2026-10-08 00:08:46	-Prun-its-clean-verify	plugins/packaging/maven-war-plugin	352	failed	33.95	m4-40x
2026-10-08 00:10:25	-Prun-its-clean-verify	plugins/packaging/maven-shade-plugin	788	failed	38.23	m4-rc7
2026-10-08 00:11:20	-Prun-its-clean-verify	plugins/reporting/jxr	150	ok	29.52	m3-9
2026-10-08 00:13:55	clean-install--fae--Dsurefire.rerunFailingTestsCount=2	core/mvnd	808	failed	20.01	
2026-10-08 00:13:55	-Prun-its-clean-verify	plugins/reporting/jxr	152	ok	20.01	m3-10
2026-10-08 00:16:36	-Prun-its-clean-verify	plugins/reporting/jxr	159	ok	13.88	m4-rc7
2026-10-08 00:19:17	-Prun-its-clean-verify	plugins/reporting/jxr	158	ok	24.19	m4-40x
2026-10-08 00:20:44	-Prun-its-clean-verify	plugins/reporting/maven-changelog-plugin	84	ok	22.93	m3-9
2026-10-08 00:22:10	-Prun-its-clean-verify	plugins/reporting/maven-changelog-plugin	84	ok	16.93	m3-10
2026-10-08 00:23:32	-Prun-its-clean-verify	plugins/packaging/maven-shade-plugin	782	failed	17.70	m4-40x
2026-10-08 00:23:44	-Prun-its-clean-verify	plugins/reporting/maven-changelog-plugin	92	ok	16.79	m4-rc7
2026-10-08 00:25:16	-Prun-its-clean-verify	plugins/reporting/maven-changelog-plugin	90	ok	15.59	m4-40x
2026-10-08 00:26:32	-Prun-its-clean-verify	plugins/reporting/maven-changes-plugin	173	ok	21.64	m3-9
2026-10-08 00:29:38	-Prun-its-clean-verify	plugins/reporting/maven-changes-plugin	184	ok	25.71	m3-10
2026-10-08 00:34:29	-Prun-its-clean-verify	plugins/reporting/maven-changes-plugin	290	ok	19.95	m4-rc7
2026-10-08 00:34:51	-Prun-its-clean-verify	plugins/reporting/maven-checkstyle-plugin	572	failed	17.11	m3-9
2026-10-08 00:37:28	clean-install--fae--Dsurefire.rerunFailingTestsCount=2	core/resolver	1410	failed	27.58	
2026-10-08 00:38:04	-Prun-its-clean-verify	plugins/reporting/maven-changes-plugin	212	ok	27.46	m4-40x
2026-10-08 00:39:20	-Prun-its-clean-verify	plugins/reporting/maven-doap-plugin	74	ok	18.26	m3-9
2026-10-08 00:40:26	-Prun-its-clean-verify	plugins/reporting/maven-doap-plugin	66	ok	17.78	m3-10
2026-10-08 00:41:37	-Prun-its-clean-verify	plugins/reporting/maven-doap-plugin	70	ok	27.44	m4-rc7
2026-10-08 00:42:31	clean-install--fae--Dsurefire.rerunFailingTestsCount=2	core/resolver-ant-tasks	301	failed	28.25	
2026-10-08 00:42:47	-Prun-its-clean-verify	plugins/reporting/maven-doap-plugin	69	ok	24.04	m4-40x
2026-10-08 00:43:08	-Prun-its-clean-verify	plugins/reporting/maven-checkstyle-plugin	491	failed	21.25	m3-10
2026-10-08 00:46:12	clean-install--fae--Dsurefire.rerunFailingTestsCount=2	core/wrapper	219	failed	18.64	
2026-10-08 00:51:02	clean-install--fae--Dsurefire.rerunFailingTestsCount=2	doxia/doxia	286	failed	20.83	
2026-10-08 00:51:31	-Prun-its-clean-verify	plugins/reporting/maven-checkstyle-plugin	500	failed	20.11	m4-rc7
2026-10-08 00:56:06	clean-install--fae--Dsurefire.rerunFailingTestsCount=2	doxia/sitetools	300	failed	15.06	
2026-10-08 00:59:55	-Prun-its-clean-verify	plugins/reporting/maven-checkstyle-plugin	501	failed	17.25	m4-40x
2026-10-08 01:00:14	clean-install--fae--Dsurefire.rerunFailingTestsCount=2	doxia/tools/converter	245	failed	16.44	
2026-10-08 01:00:30	-Prun-its-clean-verify	plugins/reporting/maven-javadoc-plugin	1061	ok	17.80	m3-9
2026-10-08 01:01:11	-Prun-its-clean-verify	plugins/reporting/maven-jdeps-plugin	73	ok	15.29	m3-9
2026-10-08 01:02:27	-Prun-its-clean-verify	plugins/reporting/maven-jdeps-plugin	75	ok	12.97	m3-10
2026-10-08 01:03:49	-Prun-its-clean-verify	plugins/reporting/maven-jdeps-plugin	81	ok	14.41	m4-rc7
2026-10-08 01:05:16	-Prun-its-clean-verify	plugins/reporting/maven-jdeps-plugin	87	ok	22.50	m4-40x
2026-10-08 01:15:22	-Prun-its-clean-verify	plugins/reporting/maven-pmd-plugin	604	ok	21.83	m3-9
2026-10-08 01:17:42	-Prun-its-clean-verify	plugins/reporting/maven-javadoc-plugin	1024	ok	20.38	m3-10
2026-10-08 01:26:11	-Prun-its-clean-verify	plugins/reporting/maven-pmd-plugin	644	ok	22.18	m3-10
2026-10-08 01:39:54	-Prun-its-clean-verify	plugins/reporting/maven-javadoc-plugin	1324	ok	21.42	m4-rc7
2026-10-08 01:40:25	-Prun-its-clean-verify	plugins/reporting/maven-pmd-plugin	850	ok	20.60	m4-rc7
2026-10-08 01:49:50	clean-install--fae--Dsurefire.rerunFailingTestsCount=2	misc/archetypes	2974	ok	24.46	
2026-10-08 01:51:26	-Prun-its-clean-verify	plugins/reporting/maven-pmd-plugin	656	ok	27.45	m4-40x
2026-10-08 01:56:49	clean-install--fae--Dsurefire.rerunFailingTestsCount=2	misc/dist-tool	414	failed	22.05	
2026-10-08 01:58:12	-Prun-its-clean-verify	plugins/reporting/maven-project-info-reports-plugin	401	failed	15.71	m3-9
2026-10-08 01:58:25	-Prun-its-clean-verify	plugins/reporting/maven-javadoc-plugin	1101	ok	16.70	m4-40x
2026-10-08 02:01:43	clean-install--fae--Dsurefire.rerunFailingTestsCount=2	misc/executor	291	failed	14.83	
2026-10-08 02:04:23	-Prun-its-clean-verify	plugins/reporting/maven-project-info-reports-plugin	366	failed	23.60	m3-10
2026-10-08 02:05:03	clean-install--fae--Dsurefire.rerunFailingTestsCount=2	misc/gh-actions-shared/v5	196	failed	23.10	
2026-10-08 02:06:04	-Prun-its-clean-verify	plugins/tools/archetype	450	ok	20.39	m3-9
2026-10-08 02:10:58	-Prun-its-clean-verify	plugins/reporting/maven-project-info-reports-plugin	392	failed	20.59	m4-rc7
2026-10-08 02:13:35	-Prun-its-clean-verify	plugins/tools/archetype	444	ok	19.89	m3-10
2026-10-08 02:17:33	-Prun-its-clean-verify	plugins/reporting/maven-project-info-reports-plugin	391	failed	24.13	m4-40x
2026-10-08 02:21:49	-Prun-its-clean-verify	plugins/tools/archetype	489	ok	11.94	m4-rc7
2026-10-08 02:29:06	-Prun-its-clean-verify	plugins/tools/archetype	431	ok	13.71	m4-40x
2026-10-08 02:29:45	-Prun-its-clean-verify	plugins/tools/enforcer	727	failed	12.08	m3-9
2026-10-08 02:32:20	-Prun-its-clean-verify	plugins/tools/maven-antrun-plugin	189	failed	14.64	m3-9
2026-10-08 02:34:27	clean-install--fae--Dsurefire.rerunFailingTestsCount=2	misc/indexer	1760	ok	12.69	
2026-10-08 02:35:25	clean-install--fae--Dsurefire.rerunFailingTestsCount=2	misc/pom/apache	57	ok	15.31	
2026-10-08 02:35:38	-Prun-its-clean-verify	plugins/tools/maven-antrun-plugin	197	failed	14.02	m3-10
2026-10-08 02:37:52	clean-install--fae--Dsurefire.rerunFailingTestsCount=2	misc/pom/apache-resources	145	failed	11.82	
2026-10-08 02:39:18	-Prun-its-clean-verify	plugins/tools/maven-antrun-plugin	218	failed	16.84	m4-rc7
2026-10-08 02:40:09	clean-install--fae--Dsurefire.rerunFailingTestsCount=2	misc/pom/maven	136	ok	18.19	
2026-10-08 02:41:34	-Prun-its-clean-verify	plugins/tools/enforcer	706	failed	14.86	m3-10
2026-10-08 02:43:04	-Prun-its-clean-verify	plugins/tools/maven-antrun-plugin	225	failed	15.50	m4-40x
2026-10-08 02:43:05	clean-install--fae--Dsurefire.rerunFailingTestsCount=2	misc/skins/fluido	173	failed	15.50	
2026-10-08 02:47:38	-Prun-its-clean-verify	plugins/tools/maven-artifact-plugin	272	ok	12.84	m3-9
2026-10-08 02:52:04	-Prun-its-clean-verify	plugins/tools/maven-artifact-plugin	262	ok	18.46	m3-10
2026-10-08 02:54:55	-Prun-its-clean-verify	plugins/tools/enforcer	798	failed	16.88	m4-rc7
2026-10-08 02:57:09	-Prun-its-clean-verify	plugins/tools/maven-artifact-plugin	301	failed	15.83	m4-rc7
2026-10-08 02:57:24	clean-install--fae--Dsurefire.rerunFailingTestsCount=2	misc/wagon	858	failed	16.83	
2026-10-08 03:00:45	clean-install--fae--Dsurefire.rerunFailingTestsCount=2	plexus/build-api	200	ok	18.08	
2026-10-08 03:02:01	-Prun-its-clean-verify	plugins/tools/maven-artifact-plugin	288	failed	17.86	m4-40x
2026-10-08 03:03:58	clean-install--fae--Dsurefire.rerunFailingTestsCount=2	plexus/classworlds	191	ok	16.03	
2026-10-08 03:05:12	clean-install--fae--Dsurefire.rerunFailingTestsCount=2	plexus/codehaus-plexus.github.io	73	ok	14.51	
2026-10-08 03:08:12	-Prun-its-clean-verify	plugins/tools/enforcer	795	failed	12.56	m4-40x
2026-10-08 03:15:00	clean-install--fae--Dsurefire.rerunFailingTestsCount=2	plexus/components/archiver	587	ok	16.79	
2026-10-08 03:20:13	-Prun-its-clean-verify	plugins/tools/maven-assembly-plugin	1086	failed	14.68	m3-9
2026-10-08 03:22:11	-Prun-its-clean-verify	plugins/tools/maven-dependency-plugin	835	failed	20.64	m3-9
2026-10-08 03:34:37	clean-install--fae--Dsurefire.rerunFailingTestsCount=2	plexus/components/compiler	1173	ok	13.58	
2026-10-08 03:36:23	-Prun-its-clean-verify	plugins/tools/maven-dependency-plugin	848	failed	19.22	m3-10
2026-10-08 03:37:25	clean-install--fae--Dsurefire.rerunFailingTestsCount=2	plexus/components/i18n	168	ok	17.17	
2026-10-08 03:39:52	clean-install--fae--Dsurefire.rerunFailingTestsCount=2	plexus/components/interactivity	145	ok	17.82	
2026-10-08 03:42:41	-Prun-its-clean-verify	plugins/tools/maven-assembly-plugin	1341	failed	21.09	m3-10
2026-10-08 03:44:30	clean-install--fae--Dsurefire.rerunFailingTestsCount=2	plexus/components/interpolation	276	ok	20.34	
2026-10-08 03:50:38	clean-install--fae--Dsurefire.rerunFailingTestsCount=2	plexus/components/io	365	ok	24.73	
2026-10-08 03:53:22	-Prun-its-clean-verify	plugins/tools/maven-dependency-plugin	1015	failed	31.48	m4-rc7
2026-10-08 03:58:13	clean-install--fae--Dsurefire.rerunFailingTestsCount=2	plexus/components/languages	447	ok	20.12	
2026-10-08 04:01:57	clean-install--fae--Dsurefire.rerunFailingTestsCount=2	plexus/components/resources	222	ok	18.60	
2026-10-08 04:06:29	clean-install--fae--Dsurefire.rerunFailingTestsCount=2	plexus/components/sec-dispatcher	270	ok	16.51	
2026-10-08 04:09:09	clean-install--fae--Dsurefire.rerunFailingTestsCount=2	plexus/components/velocity	159	ok	15.57	
2026-10-08 04:09:25	-Prun-its-clean-verify	plugins/tools/maven-assembly-plugin	1595	failed	18.33	m4-rc7
2026-10-08 04:09:50	-Prun-its-clean-verify	plugins/tools/maven-dependency-plugin	982	failed	15.80	m4-40x
2026-10-08 04:19:49	-Prun-its-clean-verify	plugins/tools/maven-gpg-plugin	594	failed	14.87	m3-9
2026-10-08 04:23:43	clean-install--fae--Dsurefire.rerunFailingTestsCount=2	plexus/modello	871	ok	13.62	
2026-10-08 04:25:03	clean-install--fae--Dsurefire.rerunFailingTestsCount=2	plexus/pom/plexus	79	ok	12.02	
2026-10-08 04:26:45	clean-install--fae--Dsurefire.rerunFailingTestsCount=2	plexus/testing	101	ok	12.16	
2026-10-08 04:29:19	clean-install--fae--Dsurefire.rerunFailingTestsCount=2	plexus/utils	153	ok	13.79	
2026-10-08 04:30:07	-Prun-its-clean-verify	plugins/tools/maven-gpg-plugin	617	failed	11.88	m3-10
2026-10-08 04:30:18	-Prun-its-clean-verify	plugins/tools/maven-assembly-plugin	1244	failed	11.76	m4-40x
2026-10-08 04:31:40	clean-install--fae--Dsurefire.rerunFailingTestsCount=2	plexus/xml	141	ok	17.35	
2026-10-08 04:32:35	clean-install--fae--Dsurefire.rerunFailingTestsCount=2	plugins/core-4/maven-clean-plugin	54	failed	12.76	
2026-10-08 04:33:30	-Prun-its-clean-verify	plugins/tools/maven-help-plugin	183	ok	11.98	m3-9
2026-10-08 04:35:57	clean-install--fae--Dsurefire.rerunFailingTestsCount=2	plugins/core-4/maven-compiler-plugin	199	failed	12.26	
2026-10-08 04:36:29	-Prun-its-clean-verify	plugins/tools/maven-help-plugin	178	ok	9.92	m3-10
2026-10-08 04:38:36	clean-install--fae--Dsurefire.rerunFailingTestsCount=2	plugins/core-4/maven-deploy-plugin	157	failed	9.92	
2026-10-08 04:39:40	-Prun-its-clean-verify	plugins/tools/maven-help-plugin	189	ok	10.05	m4-rc7
2026-10-08 04:40:26	-Prun-its-clean-verify	plugins/tools/maven-gpg-plugin	618	failed	10.77	m4-rc7
2026-10-08 04:41:15	clean-install--fae--Dsurefire.rerunFailingTestsCount=2	plugins/core-4/maven-install-plugin	158	failed	14.34	
2026-10-08 04:42:56	-Prun-its-clean-verify	plugins/tools/maven-help-plugin	195	ok	13.26	m4-40x
2026-10-08 04:43:38	clean-install--fae--Dsurefire.rerunFailingTestsCount=2	plugins/core-4/maven-resources-plugin	140	failed	10.64	
2026-10-08 04:44:18	clean-install--fae--Dsurefire.rerunFailingTestsCount=2	plugins/core/maven-clean-plugin	39	failed	9.24	
2026-10-08 04:47:31	clean-install--fae--Dsurefire.rerunFailingTestsCount=2	plugins/core/maven-compiler-plugin	190	failed	11.29	
2026-10-08 04:49:06	clean-install--fae--Dsurefire.rerunFailingTestsCount=2	plugins/core/maven-deploy-plugin	94	failed	9.95	
2026-10-08 04:50:38	-Prun-its-clean-verify	plugins/tools/maven-gpg-plugin	611	failed	9.06	m4-40x
2026-10-08 04:50:45	clean-install--fae--Dsurefire.rerunFailingTestsCount=2	plugins/core/maven-install-plugin	98	failed	9.22	
2026-10-08 04:52:16	-Prun-its-clean-verify	plugins/tools/maven-invoker-plugin	558	failed	11.01	m3-9
2026-10-08 04:52:23	-Prun-its-clean-verify	plugins/tools/maven-jarsigner-plugin	104	ok	10.70	m3-9
2026-10-08 04:53:23	clean-install--fae--Dsurefire.rerunFailingTestsCount=2	plugins/core/maven-resources-plugin	157	failed	16.38	
2026-10-08 04:54:17	-Prun-its-clean-verify	plugins/tools/maven-jarsigner-plugin	113	ok	15.44	m3-10
2026-10-08 04:56:16	-Prun-its-clean-verify	plugins/tools/maven-jarsigner-plugin	118	ok	14.12	m4-rc7
2026-10-08 04:56:57	clean-install--fae--Dsurefire.rerunFailingTestsCount=2	plugins/core/maven-site-plugin	212	failed	16.16	
2026-10-08 04:58:12	-Prun-its-clean-verify	plugins/tools/maven-jarsigner-plugin	115	ok	18.44	m4-40x
2026-10-08 04:59:23	-Prun-its-clean-verify	plugins/tools/maven-jdeprscan-plugin	69	ok	16.90	m3-9
2026-10-08 05:00:36	-Prun-its-clean-verify	plugins/tools/maven-jdeprscan-plugin	72	ok	13.81	m3-10
2026-10-08 05:01:55	-Prun-its-clean-verify	plugins/tools/maven-jdeprscan-plugin	78	ok	15.00	m4-rc7
2026-10-08 05:03:14	-Prun-its-clean-verify	plugins/tools/maven-jdeprscan-plugin	78	ok	16.54	m4-40x
2026-10-08 05:04:49	-Prun-its-clean-verify	plugins/tools/maven-invoker-plugin	751	failed	12.62	m3-10
2026-10-08 05:05:39	-Prun-its-clean-verify	plugins/tools/maven-remote-resources-plugin	144	ok	14.14	m3-9
2026-10-08 05:08:22	-Prun-its-clean-verify	plugins/tools/maven-remote-resources-plugin	162	ok	14.52	m3-10
2026-10-08 05:11:28	-Prun-its-clean-verify	plugins/tools/maven-remote-resources-plugin	184	ok	17.21	m4-rc7
2026-10-08 05:14:31	-Prun-its-clean-verify	plugins/tools/maven-remote-resources-plugin	182	ok	17.51	m4-40x
2026-10-08 05:16:26	-Prun-its-clean-verify	plugins/tools/maven-scm-publish-plugin	113	ok	13.42	m3-9
2026-10-08 05:18:20	-Prun-its-clean-verify	plugins/tools/maven-scm-publish-plugin	112	ok	14.25	m3-10
2026-10-08 05:18:24	clean-install--fae--Dsurefire.rerunFailingTestsCount=2	plugins/core/surefire	1281	failed	13.51	
2026-10-08 05:19:13	-Prun-its-clean-verify	plugins/tools/maven-invoker-plugin	862	failed	11.95	m4-rc7
2026-10-08 05:20:23	-Prun-its-clean-verify	plugins/tools/maven-scm-publish-plugin	121	ok	22.05	m4-rc7
2026-10-08 05:22:22	-Prun-its-clean-verify	plugins/tools/maven-scm-publish-plugin	117	ok	16.05	m4-40x
2026-10-08 05:22:27	clean-install--fae--Dsurefire.rerunFailingTestsCount=2	plugins/packaging-4/maven-jar-plugin	240	failed	15.01	
2026-10-08 05:23:10	-Prun-its-clean-verify	plugins/tools/maven-scripting-plugin	46	ok	14.15	m3-9
2026-10-08 05:23:56	-Prun-its-clean-verify	plugins/tools/maven-scripting-plugin	46	ok	13.24	m3-10
2026-10-08 05:24:49	-Prun-its-clean-verify	plugins/tools/maven-scripting-plugin	52	ok	12.57	m4-rc7
2026-10-08 05:25:38	-Prun-its-clean-verify	plugins/tools/maven-scripting-plugin	49	ok	12.05	m4-40x
2026-10-08 05:25:40	clean-install--fae--Dsurefire.rerunFailingTestsCount=2	plugins/packaging-4/maven-source-plugin	192	failed	12.13	
2026-10-08 05:26:47	-Prun-its-clean-verify	plugins/tools/maven-toolchains-plugin	68	ok	12.40	m3-9
2026-10-08 05:27:54	clean-install--fae--Dsurefire.rerunFailingTestsCount=2	plugins/packaging/maven-acr-plugin	133	failed	13.06	
2026-10-08 05:28:01	-Prun-its-clean-verify	plugins/tools/maven-toolchains-plugin	73	ok	13.39	m3-10
2026-10-08 05:29:24	-Prun-its-clean-verify	plugins/tools/maven-toolchains-plugin	82	ok	17.86	m4-rc7
2026-10-08 05:30:43	-Prun-its-clean-verify	plugins/tools/maven-toolchains-plugin	78	ok	13.34	m4-40x
2026-10-08 05:31:21	clean-install--fae--Dsurefire.rerunFailingTestsCount=2	plugins/packaging/maven-ear-plugin	206	failed	12.54	
2026-10-08 05:33:49	clean-install--fae--Dsurefire.rerunFailingTestsCount=2	plugins/packaging/maven-ejb-plugin	147	failed	14.45	
2026-10-08 05:35:13	-Prun-its-clean-verify	plugins/tools/maven-invoker-plugin	956	failed	14.97	m4-40x
2026-10-08 05:36:37	clean-install--fae--Dsurefire.rerunFailingTestsCount=2	plugins/packaging/maven-jar-plugin	165	failed	17.26	
2026-10-08 05:38:14	-Prun-its-clean-verify	plugins/tools/plugin-tools	449	failed	15.44	m3-9
2026-10-08 05:39:24	clean-install--fae--Dsurefire.rerunFailingTestsCount=2	plugins/packaging/maven-jlink-plugin	166	failed	12.60	
2026-10-08 05:41:55	clean-install--fae--Dsurefire.rerunFailingTestsCount=2	plugins/packaging/maven-jmod-plugin	150	failed	13.90	
2026-10-08 05:44:38	clean-install--fae--Dsurefire.rerunFailingTestsCount=2	plugins/packaging/maven-rar-plugin	162	failed	11.15	
2026-10-08 05:45:18	-Prun-its-clean-verify	plugins/tools/release	601	ok	11.59	m3-9
2026-10-08 05:46:19	-Prun-its-clean-verify	plugins/tools/plugin-tools	481	failed	16.03	m3-10
2026-10-08 05:48:17	clean-install--fae--Dsurefire.rerunFailingTestsCount=2	plugins/packaging/maven-shade-plugin	216	failed	18.88	
2026-10-08 05:51:11	clean-install--fae--Dsurefire.rerunFailingTestsCount=2	plugins/packaging/maven-source-plugin	172	failed	22.16	
2026-10-08 05:55:15	-Prun-its-clean-verify	plugins/tools/plugin-tools	532	failed	18.91	m4-rc7
2026-10-08 05:55:52	-Prun-its-clean-verify	plugins/tools/release	631	ok	30.11	m3-10
2026-10-08 05:57:13	clean-install--fae--Dsurefire.rerunFailingTestsCount=2	plugins/packaging/maven-war-plugin	360	failed	23.64	
2026-10-08 06:02:07	clean-install--fae--Dsurefire.rerunFailingTestsCount=2	plugins/reporting/jxr	291	failed	17.88	
2026-10-08 06:04:32	-Prun-its-clean-verify	plugins/tools/plugin-tools	553	failed	16.23	m4-40x
2026-10-08 06:06:35	clean-install--fae--Dsurefire.rerunFailingTestsCount=2	plugins/reporting/maven-changelog-plugin	266	failed	15.95	
2026-10-08 06:07:10	-Prun-its-clean-verify	plugins/tools/release	675	ok	16.63	m4-rc7
2026-10-08 06:11:05	clean-install--fae--Dsurefire.rerunFailingTestsCount=2	plugins/reporting/maven-changes-plugin	267	failed	17.37	
2026-10-08 06:14:03	-Prun-its-clean-verify	plugins/tools/scm	567	ok	14.04	m3-9
2026-10-08 06:15:02	clean-install--fae--Dsurefire.rerunFailingTestsCount=2	plugins/reporting/maven-checkstyle-plugin	235	failed	19.31	
2026-10-08 06:17:03	-Prun-its-clean-verify	plugins/tools/release	590	ok	16.96	m4-40x
2026-10-08 06:17:29	-Prun-its-clean-verify	shared-4/archiver	22	ok	13.81	m3-9
2026-10-08 06:17:52	-Prun-its-clean-verify	shared-4/archiver	22	ok	17.41	m3-10
2026-10-08 06:17:59	-Prun-its-clean-verify	shared-4/archiver	5	failed	15.50	m4-rc7
2026-10-08 06:18:05	-Prun-its-clean-verify	shared-4/archiver	6	failed	14.82	m4-40x
2026-10-08 06:18:24	clean-install--fae--Dsurefire.rerunFailingTestsCount=2	plugins/reporting/maven-doap-plugin	201	failed	16.14	
2026-10-08 06:18:33	-Prun-its-clean-verify	shared-4/filtering	27	ok	15.57	m3-9
2026-10-08 06:19:01	-Prun-its-clean-verify	shared-4/filtering	28	ok	19.32	m3-10
2026-10-08 06:19:08	-Prun-its-clean-verify	shared-4/filtering	7	failed	18.73	m4-rc7
2026-10-08 06:19:15	-Prun-its-clean-verify	shared-4/filtering	7	failed	17.01	m4-40x
2026-10-08 06:19:37	-Prun-its-clean-verify	shared/archiver	21	ok	17.20	m3-9
2026-10-08 06:20:00	-Prun-its-clean-verify	shared/archiver	22	ok	15.99	m3-10
2026-10-08 06:20:07	-Prun-its-clean-verify	shared/archiver	6	failed	15.11	m4-rc7
2026-10-08 06:20:14	-Prun-its-clean-verify	shared/archiver	7	failed	16.14	m4-40x
2026-10-08 06:20:38	-Prun-its-clean-verify	shared/common-artifact-filters	23	ok	14.40	m3-9
2026-10-08 06:21:01	-Prun-its-clean-verify	shared/common-artifact-filters	23	ok	13.86	m3-10
2026-10-08 06:21:08	-Prun-its-clean-verify	shared/common-artifact-filters	6	failed	13.15	m4-rc7
2026-10-08 06:21:14	-Prun-its-clean-verify	shared/common-artifact-filters	6	failed	11.42	m4-40x
2026-10-08 06:23:37	-Prun-its-clean-verify	plugins/tools/scm	572	ok	12.03	m3-10
2026-10-08 06:23:39	clean-install--fae--Dsurefire.rerunFailingTestsCount=2	plugins/reporting/maven-javadoc-plugin	309	failed	13.15	
2026-10-08 06:24:36	-Prun-its-clean-verify	shared/dependency-analyzer	201	ok	11.95	m3-9
2026-10-08 06:26:51	clean-install--fae--Dsurefire.rerunFailingTestsCount=2	plugins/reporting/maven-jdeps-plugin	191	failed	10.98	
2026-10-08 06:27:56	-Prun-its-clean-verify	shared/dependency-analyzer	198	ok	14.53	m3-10
2026-10-08 06:31:09	clean-install--fae--Dsurefire.rerunFailingTestsCount=2	plugins/reporting/maven-pmd-plugin	256	failed	12.75	
2026-10-08 06:31:37	-Prun-its-clean-verify	shared/dependency-analyzer	219	ok	10.97	m4-rc7
2026-10-08 06:33:04	-Prun-its-clean-verify	plugins/tools/scm	564	ok	10.85	m4-rc7
2026-10-08 06:35:30	-Prun-its-clean-verify	shared/dependency-analyzer	231	ok	17.10	m4-40x
2026-10-08 06:36:18	clean-install--fae--Dsurefire.rerunFailingTestsCount=2	plugins/reporting/maven-project-info-reports-plugin	308	failed	20.06	
2026-10-08 06:36:55	-Prun-its-clean-verify	shared/dependency-tree	82	ok	21.29	m3-9
2026-10-08 06:38:19	-Prun-its-clean-verify	shared/dependency-tree	83	ok	18.49	m3-10
2026-10-08 06:39:52	-Prun-its-clean-verify	shared/dependency-tree	92	ok	17.47	m4-rc7
2026-10-08 06:39:58	clean-install--fae--Dsurefire.rerunFailingTestsCount=2	plugins/tools/archetype	215	failed	16.23	
2026-10-08 06:41:24	-Prun-its-clean-verify	shared/dependency-tree	89	ok	14.12	m4-40x
2026-10-08 06:41:41	-Prun-its-clean-verify	shared/file-management	15	ok	16.40	m3-9
2026-10-08 06:41:59	-Prun-its-clean-verify	shared/file-management	18	ok	15.39	m3-10
2026-10-08 06:42:06	-Prun-its-clean-verify	shared/file-management	6	failed	13.96	m4-rc7
2026-10-08 06:42:13	-Prun-its-clean-verify	shared/file-management	7	failed	16.60	m4-40x
2026-10-08 06:42:44	-Prun-its-clean-verify	shared/filtering	30	ok	14.24	m3-9
2026-10-08 06:42:45	-Prun-its-clean-verify	plugins/tools/scm	579	ok	13.58	m4-40x
2026-10-08 06:43:09	clean-install--fae--Dsurefire.rerunFailingTestsCount=2	plugins/tools/enforcer	188	failed	13.40	
2026-10-08 06:43:20	-Prun-its-clean-verify	shared/filtering	36	ok	12.93	m3-10
2026-10-08 06:43:28	-Prun-its-clean-verify	shared/filtering	7	failed	12.70	m4-rc7
2026-10-08 06:43:36	-Prun-its-clean-verify	shared/filtering	7	failed	15.23	m4-40x
2026-10-08 06:44:00	-Prun-its-clean-verify	shared/jarsigner	23	ok	16.04	m3-9
2026-10-08 06:44:11	-Prun-its-clean-verify	shared/invoker	83	ok	20.70	m3-9
2026-10-08 06:44:25	-Prun-its-clean-verify	shared/jarsigner	25	ok	21.40	m3-10
2026-10-08 06:44:35	-Prun-its-clean-verify	shared/jarsigner	10	failed	20.00	m4-rc7
2026-10-08 06:44:45	-Prun-its-clean-verify	shared/jarsigner	10	failed	18.44	m4-40x
2026-10-08 06:45:12	-Prun-its-clean-verify	shared/mapping	26	ok	25.47	m3-9
2026-10-08 06:45:41	-Prun-its-clean-verify	shared/mapping	28	ok	22.93	m3-10
2026-10-08 06:45:53	-Prun-its-clean-verify	shared/mapping	11	failed	20.89	m4-rc7
2026-10-08 06:46:06	-Prun-its-clean-verify	shared/mapping	12	failed	25.39	m4-40x
2026-10-08 06:46:13	-Prun-its-clean-verify	shared/invoker	121	ok	26.64	m3-10
2026-10-08 06:46:26	-Prun-its-clean-verify	shared/invoker	12	failed	24.65	m4-rc7
2026-10-08 06:46:34	-Prun-its-clean-verify	shared/reporting-api	27	ok	23.32	m3-9
2026-10-08 06:46:38	-Prun-its-clean-verify	shared/invoker	11	failed	22.65	m4-40x
2026-10-08 06:47:03	-Prun-its-clean-verify	shared/reporting-api	29	ok	22.69	m3-10
2026-10-08 06:47:14	-Prun-its-clean-verify	shared/reporting-api	11	failed	25.75	m4-rc7
2026-10-08 06:47:25	-Prun-its-clean-verify	shared/reporting-api	10	failed	21.43	m4-40x
2026-10-08 06:49:19	-Prun-its-clean-verify	shared/reporting-exec	160	ok	23.62	m3-9
2026-10-08 06:50:02	-Prun-its-clean-verify	shared/reporting-impl	156	ok	23.31	m3-9
2026-10-08 06:51:07	-Prun-its-clean-verify	shared/reporting-exec	106	ok	28.99	m3-10
2026-10-08 06:51:12	clean-install--fae--Dsurefire.rerunFailingTestsCount=2	plugins/tools/maven-antrun-plugin	479	failed	27.39	
2026-10-08 06:51:16	-Prun-its-clean-verify	shared/reporting-exec	7	failed	25.44	m4-rc7
2026-10-08 06:51:23	-Prun-its-clean-verify	shared/reporting-exec	6	failed	24.44	m4-40x
2026-10-08 06:51:51	-Prun-its-clean-verify	shared/script-interpreter	27	ok	30.58	m3-9
2026-10-08 06:52:12	-Prun-its-clean-verify	shared/reporting-impl	129	ok	33.91	m3-10
2026-10-08 06:52:18	-Prun-its-clean-verify	shared/script-interpreter	26	ok	31.84	m3-10
2026-10-08 06:52:20	-Prun-its-clean-verify	shared/reporting-impl	6	failed	31.84	m4-rc7
2026-10-08 06:52:25	-Prun-its-clean-verify	shared/script-interpreter	6	failed	30.49	m4-rc7
2026-10-08 06:52:27	-Prun-its-clean-verify	shared/reporting-impl	7	failed	28.85	m4-40x
2026-10-08 06:52:32	-Prun-its-clean-verify	shared/script-interpreter	7	failed	27.10	m4-40x
2026-10-08 06:52:42	-Prun-its-clean-verify	shared/shared-incremental	15	ok	24.93	m3-9
2026-10-08 06:52:56	-Prun-its-clean-verify	shared/shared-io	24	ok	26.29	m3-9
2026-10-08 06:52:58	-Prun-its-clean-verify	shared/shared-incremental	16	ok	26.29	m3-10
2026-10-08 06:53:05	-Prun-its-clean-verify	shared/shared-incremental	7	failed	25.38	m4-rc7
2026-10-08 06:53:13	-Prun-its-clean-verify	shared/shared-incremental	7	failed	23.17	m4-40x
2026-10-08 06:53:20	-Prun-its-clean-verify	shared/shared-io	24	ok	22.12	m3-10
2026-10-08 06:53:42	-Prun-its-clean-verify	shared/shared-jar	28	ok	21.43	m3-9
2026-10-08 06:53:48	-Prun-its-clean-verify	shared/shared-io	28	ok	20.91	m4-rc7
2026-10-08 06:54:13	-Prun-its-clean-verify	shared/shared-jar	30	ok	20.58	m3-10
2026-10-08 06:54:18	-Prun-its-clean-verify	shared/shared-io	29	ok	22.94	m4-40x
2026-10-08 06:54:20	-Prun-its-clean-verify	shared/shared-jar	7	failed	22.94	m4-rc7
2026-10-08 06:54:27	-Prun-its-clean-verify	shared/shared-jar	6	failed	25.26	m4-40x
2026-10-08 06:54:31	-Prun-its-clean-verify	shared/shared-resources	12	ok	24.35	m3-9
2026-10-08 06:54:45	-Prun-its-clean-verify	shared/shared-resources	14	ok	22.32	m3-10
2026-10-08 06:54:52	-Prun-its-clean-verify	shared/shared-resources	7	failed	20.60	m4-rc7
2026-10-08 06:54:59	-Prun-its-clean-verify	shared/shared-resources	7	failed	19.67	m4-40x
2026-10-08 06:55:29	-Prun-its-clean-verify	shared/verifier	29	ok	17.68	m3-9
2026-10-08 06:55:30	-Prun-its-clean-verify	shared/shared-utils	62	ok	17.68	m3-9
2026-10-08 06:56:05	-Prun-its-clean-verify	shared/verifier	35	ok	22.82	m3-10
2026-10-08 06:56:12	-Prun-its-clean-verify	shared/verifier	7	failed	20.24	m4-rc7
2026-10-08 06:56:19	-Prun-its-clean-verify	shared/verifier	7	failed	19.42	m4-40x
2026-10-08 06:56:20	clean-install--fae--Dsurefire.rerunFailingTestsCount=2	plugins/tools/maven-artifact-plugin	306	failed	19.42	
2026-10-08 06:56:34	-Prun-its-clean-verify	shared/shared-utils	63	ok	18.23	m3-10
2026-10-08 06:56:42	-Prun-its-clean-verify	shared/shared-utils	7	failed	19.58	m4-rc7
2026-10-08 06:56:48	-Prun-its-clean-verify	shared/shared-utils	6	failed	19.21	m4-40x
2026-10-08 06:57:11	-Prun-its-clean-verify	site	22	ok	19.53	m3-9
2026-10-08 06:57:31	-Prun-its-clean-verify	site	19	ok	18.43	m3-10
2026-10-08 06:57:39	-Prun-its-clean-verify	site	6	failed	18.23	m4-rc7
2026-10-08 06:57:45	-Prun-its-clean-verify	site	6	failed	17.25	m4-40x
2026-10-08 06:57:56	-Prun-its-clean-verify	studies/maven-basedir-filesystem	8	ok	16.31	m3-9
2026-10-08 06:58:01	-Prun-its-clean-verify	sisu/sisu-project	101	ok	15.02	m3-9
2026-10-08 06:58:03	-Prun-its-clean-verify	studies/maven-basedir-filesystem	7	ok	15.02	m3-10
2026-10-08 06:58:10	-Prun-its-clean-verify	studies/maven-basedir-filesystem	6	failed	16.30	m4-rc7
2026-10-08 06:58:16	-Prun-its-clean-verify	studies/maven-basedir-filesystem	6	failed	14.81	m4-40x
2026-10-08 06:58:41	-Prun-its-clean-verify	studies/maven-ci-extension	24	failed	15.41	m3-9
2026-10-08 06:59:02	-Prun-its-clean-verify	studies/maven-ci-extension	21	failed	16.67	m3-10
2026-10-08 06:59:24	-Prun-its-clean-verify	studies/maven-ci-extension	22	failed	15.84	m4-rc7
2026-10-08 06:59:46	-Prun-its-clean-verify	studies/maven-ci-extension	21	failed	15.71	m4-40x
2026-10-08 06:59:50	-Prun-its-clean-verify	sisu/sisu-project	108	ok	15.71	m3-10
2026-10-08 06:59:52	-Prun-its-clean-verify	studies/maven-default-plugins	5	ok	15.33	m3-9
2026-10-08 06:59:58	-Prun-its-clean-verify	sisu/sisu-project	7	failed	14.98	m4-rc7
2026-10-08 06:59:58	-Prun-its-clean-verify	studies/maven-default-plugins	6	ok	14.98	m3-10
2026-10-08 07:00:05	-Prun-its-clean-verify	studies/maven-default-plugins	6	failed	14.26	m4-rc7
2026-10-08 07:00:05	-Prun-its-clean-verify	sisu/sisu-project	7	failed	14.26	m4-40x
2026-10-08 07:00:11	-Prun-its-clean-verify	studies/maven-default-plugins	6	failed	13.44	m4-40x
2026-10-08 07:00:39	clean-install--fae--Dsurefire.rerunFailingTestsCount=2	plugins/tools/maven-assembly-plugin	256	failed	10.95	
2026-10-08 07:03:52	clean-install--fae--Dsurefire.rerunFailingTestsCount=2	plugins/tools/maven-dependency-plugin	191	failed	4.74	
2026-10-08 07:05:07	clean-install--fae--Dsurefire.rerunFailingTestsCount=2	plugins/tools/maven-gpg-plugin	75	failed	8.73	
2026-10-08 07:06:19	clean-install--fae--Dsurefire.rerunFailingTestsCount=2	plugins/tools/maven-help-plugin	72	failed	8.37	
2026-10-08 07:08:19	clean-install--fae--Dsurefire.rerunFailingTestsCount=2	plugins/tools/maven-invoker-plugin	119	failed	7.21	
2026-10-08 07:09:40	clean-install--fae--Dsurefire.rerunFailingTestsCount=2	plugins/tools/maven-jarsigner-plugin	81	failed	8.90	
2026-10-08 07:11:33	clean-install--fae--Dsurefire.rerunFailingTestsCount=2	plugins/tools/maven-jdeprscan-plugin	112	failed	7.17	
2026-10-08 07:13:43	clean-install--fae--Dsurefire.rerunFailingTestsCount=2	plugins/tools/maven-remote-resources-plugin	129	failed	6.21	
2026-10-08 07:15:34	clean-install--fae--Dsurefire.rerunFailingTestsCount=2	plugins/tools/maven-scm-publish-plugin	109	failed	6.62	
2026-10-08 07:17:12	clean-install--fae--Dsurefire.rerunFailingTestsCount=2	plugins/tools/maven-scripting-plugin	98	failed	6.72	
2026-10-08 07:19:20	clean-install--fae--Dsurefire.rerunFailingTestsCount=2	plugins/tools/maven-toolchains-plugin	128	failed	5.61	
2026-10-08 07:21:35	clean-install--fae--Dsurefire.rerunFailingTestsCount=2	plugins/tools/plugin-tools	133	failed	6.08	
2026-10-08 07:23:11	clean-install--fae--Dsurefire.rerunFailingTestsCount=2	plugins/tools/release	94	failed	5.83	
2026-10-08 07:25:32	clean-install--fae--Dsurefire.rerunFailingTestsCount=2	plugins/tools/scm	139	failed	6.59	
2026-10-08 07:28:00	clean-install--fae--Dsurefire.rerunFailingTestsCount=2	shared-4/archiver	147	failed	8.61	
2026-10-08 07:31:01	clean-install--fae--Dsurefire.rerunFailingTestsCount=2	shared-4/filtering	180	failed	11.44	
2026-10-08 07:32:53	clean-install--fae--Dsurefire.rerunFailingTestsCount=2	shared/archiver	110	failed	7.29	
2026-10-08 07:34:40	clean-install--fae--Dsurefire.rerunFailingTestsCount=2	shared/common-artifact-filters	106	failed	4.18	
2026-10-08 07:36:25	clean-install--fae--Dsurefire.rerunFailingTestsCount=2	shared/dependency-analyzer	103	failed	4.75	
2026-10-08 07:38:04	clean-install--fae--Dsurefire.rerunFailingTestsCount=2	shared/dependency-tree	99	failed	4.45	
2026-10-08 07:39:41	clean-install--fae--Dsurefire.rerunFailingTestsCount=2	shared/file-management	95	failed	4.64	
2026-10-08 07:41:27	clean-install--fae--Dsurefire.rerunFailingTestsCount=2	shared/filtering	106	failed	5.10	
2026-10-08 07:43:04	clean-install--fae--Dsurefire.rerunFailingTestsCount=2	shared/invoker	97	failed	5.51	
2026-10-08 07:44:23	clean-install--fae--Dsurefire.rerunFailingTestsCount=2	shared/jarsigner	79	failed	6.86	
2026-10-08 07:45:44	clean-install--fae--Dsurefire.rerunFailingTestsCount=2	shared/mapping	80	failed	7.57	
2026-10-08 07:47:09	clean-install--fae--Dsurefire.rerunFailingTestsCount=2	shared/reporting-api	84	failed	5.53	
2026-10-08 07:48:53	clean-install--fae--Dsurefire.rerunFailingTestsCount=2	shared/reporting-exec	103	failed	6.36	
2026-10-08 07:50:24	clean-install--fae--Dsurefire.rerunFailingTestsCount=2	shared/reporting-impl	91	failed	6.68	
2026-10-08 07:52:05	clean-install--fae--Dsurefire.rerunFailingTestsCount=2	shared/script-interpreter	100	failed	4.86	
2026-10-08 07:53:35	clean-install--fae--Dsurefire.rerunFailingTestsCount=2	shared/shared-incremental	89	failed	5.03	
2026-10-08 07:55:39	clean-install--fae--Dsurefire.rerunFailingTestsCount=2	shared/shared-io	123	ok	6.32	
2026-10-08 07:57:22	clean-install--fae--Dsurefire.rerunFailingTestsCount=2	shared/shared-jar	103	failed	5.63	
2026-10-08 07:58:40	clean-install--fae--Dsurefire.rerunFailingTestsCount=2	shared/shared-resources	77	failed	3.98	
2026-10-08 08:00:45	clean-install--fae--Dsurefire.rerunFailingTestsCount=2	shared/shared-utils	125	failed	6.58	
2026-10-08 08:02:28	clean-install--fae--Dsurefire.rerunFailingTestsCount=2	shared/verifier	102	failed	4.94	
2026-10-08 08:12:27	clean-install--fae--Dsurefire.rerunFailingTestsCount=2	sisu/sisu-project	598	ok	5.38	
2026-10-08 08:14:15	clean-install--fae--Dsurefire.rerunFailingTestsCount=2	site	107	failed	3.83	
2026-10-08 08:15:12	clean-install--fae--Dsurefire.rerunFailingTestsCount=2	studies/maven-basedir-filesystem	57	ok	3.49	
2026-10-08 08:17:12	clean-install--fae--Dsurefire.rerunFailingTestsCount=2	studies/maven-ci-extension	120	failed	4.31	
2026-10-08 08:17:46	clean-install--fae--Dsurefire.rerunFailingTestsCount=2	studies/maven-default-plugins	33	ok	4.62	
2026-10-08 09:09:57	scan	core/3.x/its-3	3033	ok	4.79	
2026-10-08 09:35:33	scan	core/3.x/maven-3	1531	ok	4.18	
2026-10-08 09:43:26	scan	core/3.x/mvnd-1	472	ok	3.53	
2026-10-08 09:48:00	scan	core/build-cache	273	ok	5.12	
2026-10-08 10:19:43	scan	core/maven	1903	ok	3.51	
2026-10-08 10:43:46	scan	core/maven-4.0.x	1442	ok	4.63	
2026-10-08 10:51:20	scan	core/mvnd	454	ok	3.51	
2026-10-08 11:05:52	scan	core/resolver	872	ok	2.73	
2026-10-08 11:10:11	scan	core/resolver-ant-tasks	258	ok	5.16	
2026-10-08 11:19:05	scan	core/wrapper	532	ok	4.58	
2026-10-08 11:26:09	-Prun-its-clean-verify	core/3.x/its-3	51159	failed	4.14	m4-40x
2026-10-08 11:30:25	scan	doxia/doxia	680	ok	5.14	
2026-10-08 11:48:52	scan	doxia/sitetools	1106	ok	2.64	
2026-10-08 11:52:25	scan	doxia/tools/converter	213	ok	6.95	
2026-10-08 12:15:54	scan	misc/archetypes	1408	ok	3.06	
2026-10-08 12:27:32	scan	misc/dist-tool	697	ok	2.96	
2026-10-08 12:44:49	scan	misc/executor	1035	ok	3.72	
2026-10-08 12:47:23	scan	misc/gh-actions-shared/v5	153	ok	4.47	
2026-10-08 13:03:46	scan	misc/indexer	983	ok	4.32	
2026-10-08 13:06:24	scan	misc/pom/apache	157	ok	5.26	
2026-10-08 13:10:59	scan	misc/pom/apache-resources	274	ok	6.08	
2026-10-08 13:16:29	scan	misc/pom/maven	330	ok	4.79	
2026-10-08 13:19:01	scan	misc/skins/fluido	151	ok	4.27	
2026-10-08 13:36:11	scan	misc/wagon	1029	ok	4.42	
2026-10-08 13:39:53	scan	plexus/build-api	222	ok	4.65	
2026-10-08 13:43:32	scan	plexus/classworlds	219	ok	3.24	
2026-10-08 13:46:18	scan	plexus/codehaus-plexus.github.io	165	ok	4.89	
2026-10-08 13:50:29	scan	plexus/components/archiver	250	ok	3.31	
2026-10-08 14:14:36	scan	plexus/components/compiler	1446	ok	3.30	
2026-10-08 14:17:08	scan	plexus/components/i18n	151	ok	4.23	
2026-10-08 14:20:06	scan	plexus/components/interactivity	178	ok	4.95	
2026-10-08 14:23:19	scan	plexus/components/interpolation	192	ok	6.30	
2026-10-08 14:26:21	scan	plexus/components/io	181	ok	5.43	
2026-10-08 14:30:27	scan	plexus/components/languages	246	ok	3.69	
2026-10-08 14:33:49	scan	plexus/components/resources	201	ok	5.91	
2026-10-08 14:36:46	scan	plexus/components/sec-dispatcher	176	ok	4.31	
2026-10-08 14:39:40	scan	plexus/components/velocity	173	ok	4.01	
2026-10-08 14:53:37	scan	plexus/modello	837	ok	4.01	
2026-10-08 14:57:43	scan	plexus/pom/plexus	245	ok	6.51	
2026-10-08 15:01:00	scan	plexus/testing	196	ok	3.87	
2026-10-08 15:03:42	scan	plexus/utils	161	ok	5.26	
2026-10-08 15:06:44	scan	plexus/xml	181	ok	5.16	
2026-10-08 15:10:48	scan	plugins/core-4/maven-clean-plugin	243	ok	4.81	
2026-10-08 15:14:37	scan	plugins/core-4/maven-compiler-plugin	228	ok	5.12	
2026-10-08 15:18:38	scan	plugins/core-4/maven-deploy-plugin	240	ok	4.98	
2026-10-08 15:22:15	scan	plugins/core-4/maven-install-plugin	216	ok	4.08	
2026-10-08 15:25:31	scan	plugins/core-4/maven-resources-plugin	195	ok	3.64	
2026-10-08 15:30:22	scan	plugins/core/maven-clean-plugin	290	ok	4.55	
2026-10-08 15:33:28	scan	plugins/core/maven-compiler-plugin	185	ok	4.45	
2026-10-08 15:36:27	scan	plugins/core/maven-deploy-plugin	179	ok	4.65	
2026-10-08 15:39:33	scan	plugins/core/maven-install-plugin	185	ok	3.80	
2026-10-08 15:42:28	scan	plugins/core/maven-resources-plugin	175	ok	4.22	
2026-10-08 15:46:33	scan	plugins/core/maven-site-plugin	245	ok	5.08	
2026-10-08 15:55:30	scan	plugins/core/surefire	536	ok	3.14	
2026-10-08 15:59:54	scan	plugins/packaging-4/maven-jar-plugin	262	ok	4.81	
2026-10-08 16:03:33	scan	plugins/packaging-4/maven-source-plugin	219	ok	4.43	
2026-10-08 16:06:39	scan	plugins/packaging/maven-acr-plugin	186	ok	5.23	
2026-10-08 16:10:47	scan	plugins/packaging/maven-ear-plugin	247	ok	6.65	
2026-10-08 16:13:59	scan	plugins/packaging/maven-ejb-plugin	191	ok	4.06	
2026-10-08 16:16:42	scan	plugins/packaging/maven-jar-plugin	162	ok	3.98	
2026-10-08 16:19:39	scan	plugins/packaging/maven-jlink-plugin	177	ok	5.23	
2026-10-08 16:22:21	scan	plugins/packaging/maven-jmod-plugin	162	ok	3.91	
2026-10-08 16:25:14	scan	plugins/packaging/maven-rar-plugin	173	ok	3.28	
2026-10-08 16:29:22	scan	plugins/packaging/maven-shade-plugin	247	ok	3.40	
2026-10-08 16:32:29	scan	plugins/packaging/maven-source-plugin	187	ok	3.17	
2026-10-08 16:36:06	scan	plugins/packaging/maven-war-plugin	216	ok	3.73	
2026-10-08 16:40:42	scan	plugins/reporting/jxr	275	ok	3.56	
2026-10-08 16:43:51	scan	plugins/reporting/maven-changelog-plugin	188	ok	5.14	
2026-10-08 16:47:33	scan	plugins/reporting/maven-changes-plugin	222	ok	4.00	
2026-10-08 16:54:40	scan	plugins/reporting/maven-checkstyle-plugin	427	ok	4.51	
2026-10-08 16:59:24	scan	plugins/reporting/maven-doap-plugin	283	ok	3.52	
2026-10-08 17:03:53	scan	plugins/reporting/maven-javadoc-plugin	269	ok	4.52	
2026-10-08 17:07:06	scan	plugins/reporting/maven-jdeps-plugin	192	ok	4.51	
2026-10-08 17:16:00	scan	plugins/reporting/maven-pmd-plugin	533	ok	3.86	
2026-10-08 17:20:28	scan	plugins/reporting/maven-project-info-reports-plugin	267	ok	5.08	
2026-10-08 17:33:47	scan	plugins/tools/archetype	799	ok	3.27	
2026-10-08 17:38:35	scan	plugins/tools/enforcer	288	ok	5.68	
2026-10-08 17:41:40	scan	plugins/tools/maven-antrun-plugin	184	ok	4.32	
2026-10-08 17:44:59	scan	plugins/tools/maven-artifact-plugin	197	ok	5.28	
2026-10-08 17:48:49	scan	plugins/tools/maven-assembly-plugin	230	ok	5.22	
2026-10-08 17:52:27	scan	plugins/tools/maven-dependency-plugin	217	ok	6.30	
2026-10-08 17:55:58	scan	plugins/tools/maven-gpg-plugin	210	ok	5.24	
2026-10-08 18:00:12	scan	plugins/tools/maven-help-plugin	253	ok	5.69	
2026-10-08 18:03:51	scan	plugins/tools/maven-invoker-plugin	218	ok	5.98	
2026-10-08 18:06:46	scan	plugins/tools/maven-jarsigner-plugin	175	ok	5.14	
2026-10-08 18:09:33	scan	plugins/tools/maven-jdeprscan-plugin	165	ok	5.77	
2026-10-08 18:13:01	scan	plugins/tools/maven-remote-resources-plugin	208	ok	6.22	
2026-10-08 18:17:37	scan	plugins/tools/maven-scm-publish-plugin	276	ok	14.63	
2026-10-08 18:20:57	scan	plugins/tools/maven-scripting-plugin	198	ok	5.03	
2026-10-08 18:24:00	scan	plugins/tools/maven-toolchains-plugin	183	ok	4.03	
2026-10-08 18:28:59	scan	plugins/tools/plugin-tools	299	ok	3.87	
2026-10-08 18:34:59	scan	plugins/tools/release	359	ok	3.96	
2026-10-08 18:48:12	scan	plugins/tools/scm	792	ok	3.67	
2026-10-08 18:52:30	scan	shared-4/archiver	257	ok	3.96	
2026-10-08 18:56:16	scan	shared-4/filtering	224	ok	5.75	
2026-10-08 18:57:21	-Prun-its-clean-verify	core/3.x/its-3	26932	failed	3.55	m4-41x
2026-10-08 18:59:32	scan	shared/archiver	196	ok	5.96	
2026-10-08 19:02:35	scan	shared/common-artifact-filters	181	ok	4.33	
2026-10-08 19:05:54	scan	shared/dependency-analyzer	199	ok	6.96	
2026-10-08 19:08:53	scan	shared/dependency-tree	178	ok	4.95	
2026-10-08 19:11:58	-Prun-its-clean-verify	core/3.x/maven-3	869	ok	4.79	m3-9
2026-10-08 19:11:58	scan	shared/file-management	184	ok	4.79	
2026-10-08 19:15:09	scan	shared/filtering	191	ok	4.50	
2026-10-08 19:18:11	scan	shared/invoker	181	ok	4.44	
2026-10-08 19:20:42	scan	shared/jarsigner	150	ok	3.63	
2026-10-08 19:23:22	scan	shared/mapping	160	ok	4.70	
2026-10-08 19:25:01	-Prun-its-clean-verify	core/3.x/maven-3	772	ok	3.86	m3-10
2026-10-08 19:25:43	-Prun-its-clean-verify	core/3.x/maven-3	33	failed	4.34	m4-rc7
2026-10-08 19:25:49	scan	shared/reporting-api	146	ok	4.31	
2026-10-08 19:26:24	-Prun-its-clean-verify	core/3.x/maven-3	36	failed	3.89	m4-40x
2026-10-08 19:28:12	-Prun-its-clean-verify	core/3.x/mvnd-1	101	failed	3.72	m3-9
2026-10-08 19:28:40	scan	shared/reporting-exec	171	ok	3.85	
2026-10-08 19:30:07	-Prun-its-clean-verify	core/3.x/mvnd-1	112	failed	5.76	m3-10
2026-10-08 19:30:36	-Prun-its-clean-verify	core/3.x/mvnd-1	26	failed	6.04	m4-rc7
2026-10-08 19:31:06	-Prun-its-clean-verify	core/3.x/mvnd-1	27	failed	5.85	m4-40x
2026-10-08 19:31:25	scan	shared/reporting-impl	165	ok	5.72	
2026-10-08 19:34:24	scan	shared/script-interpreter	177	ok	5.07	
2026-10-08 19:36:57	scan	shared/shared-incremental	153	ok	5.25	
2026-10-08 19:40:07	-Prun-its-clean-verify	core/build-cache	534	failed	6.96	m3-9
2026-10-08 19:40:44	scan	shared/shared-io	226	ok	4.78	
2026-10-08 19:44:41	scan	shared/shared-jar	236	ok	6.34	
2026-10-08 19:47:23	scan	shared/shared-resources	162	ok	4.67	
2026-10-08 19:50:31	-Prun-its-clean-verify	core/build-cache	566	failed	6.98	m3-10
2026-10-08 19:50:38	scan	shared/shared-utils	194	ok	6.98	
2026-10-08 19:53:31	scan	shared/verifier	172	ok	6.13	
2026-10-08 20:00:54	-Prun-its-clean-verify	core/build-cache	581	failed	5.22	m4-rc7
2026-10-08 20:04:30	scan	sisu/sisu-project	657	ok	5.19	
2026-10-08 20:08:00	scan	site	210	ok	3.94	
2026-10-08 20:11:01	-Prun-its-clean-verify	core/build-cache	566	failed	5.73	m4-40x
2026-10-08 20:13:03	scan	studies/maven-basedir-filesystem	302	ok	4.44	
2026-10-08 20:19:37	scan	studies/maven-ci-extension	393	ok	5.68	
2026-10-08 20:23:05	scan	studies/maven-default-plugins	207	ok	4.06	
2026-10-08 21:45:07	-Prun-its-clean-verify	core/maven	5511	failed	5.62	m3-9
